18,25,20,74,-0.00501254,-0.0304592,-0.0236099,0,379.542,509.367,368.514,566.645,21367.8,5995.65,0.000196904,0.0513413,-0.00213701,-0.0127707
18,25,20,71,-0.00501254,-0.0304592,-0.0236099,-0.588487,379.542,509.489,367.18,566.645,21290.5,6749.52,0.000196904,0.0539481,-0.00213702,-0.00308307
18,25,20,94,-0.00501254,-0.0304592,-0.0236099,-1.24885,379.542,528.267,320.848,566.645,13872.3,32585.3,0.000196904,0.13964,0.0370712,-0.20629
18,25,20,107,-0.00501254,-0.0304592,-0.0236099,-1.24944,379.542,529.386,327.462,566.645,13399.3,28808.2,0.000196904,0.126751,0.0432157,-0.173295
18,25,20,78,-0.00501254,-0.0304592,-0.0236099,-1.41039,379.542,515.687,321.75,566.645,18656.3,32430,0.000196904,0.141777,-0.00213704,0.0888031
18,25,17,74,-0.00501254,-0.0304592,-0.0727499,0,379.542,509.367,368.314,563.581,20208.9,5963.23,0.000196904,0.0513413,-0.0773798,-0.00447132
18,25,17,71,-0.00501254,-0.0304592,-0.0727499,-0.588487,379.542,509.489,366.98,563.581,20131.6,6713.02,0.000196904,0.0539481,-0.0773497,0.00524649
18,25,17,94,-0.00501254,-0.0304592,-0.0727499,-1.24885,379.542,528.267,320.77,563.581,12713.4,32409.1,0.000196904,0.13964,-0.0369228,-0.196742
18,25,17,107,-0.00501254,-0.0304592,-0.0727499,-1.24944,379.542,529.386,327.402,563.581,12240.4,28652.4,0.000196904,0.126751,-0.0309702,-0.163939
18,25,17,78,-0.00501254,-0.0304592,-0.0727499,-1.41039,379.542,515.687,321.552,563.581,17497.4,32254.7,0.000196904,0.141777,-0.0761729,0.0983094
18,25,24,74,-0.00501254,-0.0304592,-0.898533,0,379.542,509.367,355.052,563.967,19872.5,12739.8,-0.0233916,0.0513413,-0.199672,-0.00740613
18,25,24,71,-0.00501254,-0.0304592,-0.898533,-0.588487,379.542,509.489,353.719,563.967,19795.2,13491.1,-0.0233916,0.0539481,-0.199652,0.00230175
18,25,24,94,-0.00501254,-0.0304592,-0.898533,-1.24885,379.542,528.267,307.476,563.967,12377,39407.5,-0.0233916,0.13964,-0.157922,-0.198384
18,25,24,107,-0.00501254,-0.0304592,-0.898533,-1.24944,379.542,529.386,314.105,563.967,11904,35673.4,-0.0233916,0.126751,-0.151682,-0.165293
18,25,24,78,-0.00501254,-0.0304592,-0.898533,-1.41039,379.542,515.687,308.29,563.967,17161,39085.1,-0.0233916,0.141777,-0.198858,0.0949814
18,25,91,74,-0.00501254,-0.0304592,-1.01565,0,379.542,509.367,355.37,565.884,20605.6,12663.6,-0.0229767,0.0513413,-0.121079,-0.0127707
18,25,91,71,-0.00501254,-0.0304592,-1.01565,-0.588487,379.542,509.489,354.036,565.884,20528.3,13417.5,-0.0229767,0.0539481,-0.121079,-0.0030831
18,25,91,94,-0.00501254,-0.0304592,-1.01565,-1.24885,379.542,528.267,307.714,565.884,13110.1,39418.6,-0.0229767,0.13964,-0.0801968,-0.204616
18,25,91,107,-0.00501254,-0.0304592,-1.01565,-1.24944,379.542,529.386,314.332,565.884,12637.2,35671.3,-0.0229767,0.126751,-0.0738308,-0.171399
18,25,91,78,-0.00501254,-0.0304592,-1.01565,-1.41039,379.542,515.687,308.606,565.884,17894.1,39098,-0.0229767,0.141777,-0.121079,0.088803
18,25,84,74,-0.00501254,-0.0304592,-1.07895,0,379.542,509.367,355.339,565.883,20603.9,12679,-0.0230304,0.0513413,-0.0321851,-0.0127707
18,25,84,71,-0.00501254,-0.0304592,-1.07895,-0.588487,379.542,509.489,354.006,565.883,20526.5,13432.9,-0.0230304,0.0539481,-0.0321851,-0.00308306
18,25,84,94,-0.00501254,-0.0304592,-1.07895,-1.24885,379.542,528.267,307.684,565.883,13108.4,39434.4,-0.0230304,0.13964,0.00870145,-0.204612
18,25,84,107,-0.00501254,-0.0304592,-1.07895,-1.24944,379.542,529.386,314.301,565.883,12635.4,35687.2,-0.0230304,0.126751,0.015068,-0.171394
18,25,84,78,-0.00501254,-0.0304592,-1.07895,-1.41039,379.542,515.687,308.576,565.883,17892.4,39113.4,-0.0230304,0.141777,-0.0321852,0.0888031
18,60,20,74,-0.00501254,-0.513329,-0.0236099,0,304.721,467.668,368.514,566.645,36639.4,-41578.2,0.17919,0.0472985,-0.00213701,-0.191094
18,60,20,71,-0.00501254,-0.513329,-0.0236099,-0.588487,304.721,467.552,367.18,566.645,36506.8,-40824.3,0.17919,0.0501399,-0.00213702,-0.181172
18,60,20,94,-0.00501254,-0.513329,-0.0236099,-1.24885,304.721,478.479,320.848,566.645,28253,-14988.5,0.17919,0.149537,0.0370712,-0.370674
18,60,20,107,-0.00501254,-0.513329,-0.0236099,-1.24944,304.721,480.7,327.462,566.645,28247.9,-18765.6,0.17919,0.135899,0.0432157,-0.338427
18,60,20,78,-0.00501254,-0.513329,-0.0236099,-1.41039,304.721,465.888,321.75,566.645,31989.9,-15143.8,0.17919,0.147451,-0.00213704,-0.0798033
18,60,17,74,-0.00501254,-0.513329,-0.0727499,0,304.721,467.668,368.314,563.581,35737.8,-41353.3,0.17919,0.0472985,-0.0773798,-0.182794
18,60,17,71,-0.00501254,-0.513329,-0.0727499,-0.588487,304.721,467.552,366.98,563.581,35605.2,-40603.5,0.17919,0.0501399,-0.0773497,-0.172842
18,60,17,94,-0.00501254,-0.513329,-0.0727499,-1.24885,304.721,478.479,320.77,563.581,27351.4,-14907.5,0.17919,0.149537,-0.0369228,-0.361126
18,60,17,107,-0.00501254,-0.513329,-0.0727499,-1.24944,304.721,480.7,327.402,563.581,27346.3,-18664.1,0.17919,0.135899,-0.0309702,-0.32907
18,60,17,78,-0.00501254,-0.513329,-0.0727499,-1.41039,304.721,465.888,321.552,563.581,31088.3,-15061.9,0.17919,0.147451,-0.0761729,-0.070297
18,60,24,74,-0.00501254,-0.513329,-0.898533,0,304.721,467.668,355.052,563.967,34751.8,-35226.3,0.155602,0.0472985,-0.199672,-0.185729
18,60,24,71,-0.00501254,-0.513329,-0.898533,-0.588487,304.721,467.552,353.719,563.967,34619.2,-34475,0.155602,0.0501399,-0.199652,-0.175787
18,60,24,94,-0.00501254,-0.513329,-0.898533,-1.24885,304.721,478.479,307.476,563.967,26365.5,-8558.58,0.155602,0.149537,-0.157922,-0.362767
18,60,24,107,-0.00501254,-0.513329,-0.898533,-1.24944,304.721,480.7,314.105,563.967,26360.4,-12292.7,0.155602,0.135899,-0.151682,-0.330425
18,60,24,78,-0.00501254,-0.513329,-0.898533,-1.41039,304.721,465.888,308.29,563.967,30102.4,-8881.03,0.155602,0.147451,-0.198858,-0.073625
18,60,91,74,-0.00501254,-0.513329,-1.01565,0,304.721,467.668,355.37,565.884,35332.5,-35454.9,0.156017,0.0472985,-0.121079,-0.191094
18,60,91,71,-0.00501254,-0.513329,-1.01565,-0.588487,304.721,467.552,354.036,565.884,35199.9,-34701.1,0.156017,0.0501399,-0.121079,-0.181172
18,60,91,94,-0.00501254,-0.513329,-1.01565,-1.24885,304.721,478.479,307.714,565.884,26946.2,-8699.97,0.156017,0.149537,-0.0801968,-0.369
18,60,91,107,-0.00501254,-0.513329,-1.01565,-1.24944,304.721,480.7,314.332,565.884,26941.1,-12447.2,0.156017,0.135899,-0.0738308,-0.336531
18,60,91,78,-0.00501254,-0.513329,-1.01565,-1.41039,304.721,465.888,308.606,565.884,30683.1,-9020.56,0.156017,0.147451,-0.121079,-0.0798034
18,60,84,74,-0.00501254,-0.513329,-1.07895,0,304.721,467.668,355.339,565.883,35329.5,-35440.7,0.155963,0.0472985,-0.0321851,-0.191094
18,60,84,71,-0.00501254,-0.513329,-1.07895,-0.588487,304.721,467.552,354.006,565.883,35196.9,-34686.9,0.155963,0.0501399,-0.0321851,-0.181172
18,60,84,94,-0.00501254,-0.513329,-1.07895,-1.24885,304.721,478.479,307.684,565.883,26943.1,-8685.41,0.155963,0.149537,0.00870145,-0.368996
18,60,84,107,-0.00501254,-0.513329,-1.07895,-1.24944,304.721,480.7,314.301,565.883,26938,-12432.6,0.155963,0.135899,0.015068,-0.336526
18,60,84,78,-0.00501254,-0.513329,-1.07895,-1.41039,304.721,465.888,308.576,565.883,30680.1,-9006.38,0.155963,0.147451,-0.0321852,-0.0798033
18,28,20,74,-0.00501254,-0.600568,-0.0236099,0,381.241,509.262,368.514,566.645,21463.4,6954.55,0.000196904,-2.8044e-05,-0.00213701,-0.00944275
18,28,20,71,-0.00501254,-0.600568,-0.0236099,-0.588487,381.241,509.389,367.18,566.645,21385.7,7708.42,0.000196904,0.00257859,-0.00213702,0.000244662
18,28,20,94,-0.00501254,-0.600568,-0.0236099,-1.24885,381.241,528.313,320.848,566.645,13934.4,33544.2,0.000196904,0.0881564,0.0370712,-0.203077
18,28,20,107,-0.00501254,-0.600568,-0.0236099,-1.24944,381.241,529.41,327.462,566.645,13459.2,29767.1,0.000196904,0.0752612,0.0432157,-0.170087
18,28,20,78,-0.00501254,-0.600568,-0.0236099,-1.41039,381.241,515.737,321.75,566.645,18739.7,33388.9,0.000196904,0.0903716,-0.00213704,0.0920946
18,28,17,74,-0.00501254,-0.600568,-0.0727499,0,381.241,509.262,368.314,563.581,20299.3,6916.94,0.000196904,-2.8044e-05,-0.0773798,-0.00114336
18,28,17,71,-0.00501254,-0.600568,-0.0727499,-0.588487,381.241,509.389,366.98,563.581,20221.7,7666.73,0.000196904,0.00257859,-0.0773497,0.00857422
18,28,17,94,-0.00501254,-0.600568,-0.0727499,-1.24885,381.241,528.313,320.77,563.581,12770.3,33362.8,0.000196904,0.0881564,-0.0369228,-0.193529
18,28,17,107,-0.00501254,-0.600568,-0.0727499,-1.24944,381.241,529.41,327.402,563.581,12295.2,29606.2,0.000196904,0.0752612,-0.0309702,-0.160731
18,28,17,78,-0.00501254,-0.600568,-0.0727499,-1.41039,381.241,515.737,321.552,563.581,17575.7,33208.4,0.000196904,0.0903716,-0.0761729,0.101601
18,28,24,74,-0.00501254,-0.600568,-0.898533,0,381.241,509.262,355.052,563.967,19961.4,13692,-0.0233916,-2.8044e-05,-0.199672,-0.00407816
18,28,24,71,-0.00501254,-0.600568,-0.898533,-0.588487,381.241,509.389,353.719,563.967,19883.8,14443.3,-0.0233916,0.00257859,-0.199652,0.00562947
18,28,24,94,-0.00501254,-0.600568,-0.898533,-1.24885,381.241,528.313,307.476,563.967,12432.4,40359.7,-0.0233916,0.0881564,-0.157922,-0.19517
18,28,24,107,-0.00501254,-0.600568,-0.898533,-1.24944,381.241,529.41,314.105,563.967,11957.3,36625.6,-0.0233916,0.0752612,-0.151682,-0.162086
18,28,24,78,-0.00501254,-0.600568,-0.898533,-1.41039,381.241,515.737,308.29,563.967,17237.8,40037.3,-0.0233916,0.0903716,-0.198858,0.0982729
18,28,91,74,-0.00501254,-0.600568,-1.01565,0,381.241,509.262,355.37,565.884,20697.8,13619.1,-0.0229767,-2.8044e-05,-0.121079,-0.00944278
18,28,91,71,-0.00501254,-0.600568,-1.01565,-0.588487,381.241,509.389,354.036,565.884,20620.2,14373,-0.0229767,0.00257859,-0.121079,0.000244625
18,28,91,94,-0.00501254,-0.600568,-1.01565,-1.24885,381.241,528.313,307.714,565.884,13168.8,40374,-0.0229767,0.0881564,-0.0801968,-0.201403
18,28,91,107,-0.00501254,-0.600568,-1.01565,-1.24944,381.241,529.41,314.332,565.884,12693.7,36626.8,-0.0229767,0.0752612,-0.0738308,-0.168192
18,28,91,78,-0.00501254,-0.600568,-1.01565,-1.41039,381.241,515.737,308.606,565.884,17974.2,40053.5,-0.0229767,0.0903716,-0.121079,0.0920945
18,28,84,74,-0.00501254,-0.600568,-1.07895,0,381.241,509.262,355.339,565.883,20696.1,13634.5,-0.0230304,-2.8044e-05,-0.0321851,-0.00944274
18,28,84,71,-0.00501254,-0.600568,-1.07895,-0.588487,381.241,509.389,354.006,565.883,20618.4,14388.4,-0.0230304,0.00257859,-0.0321851,0.00024467
18,28,84,94,-0.00501254,-0.600568,-1.07895,-1.24885,381.241,528.313,307.684,565.883,13167,40389.9,-0.0230304,0.0881564,0.00870145,-0.201398
18,28,84,107,-0.00501254,-0.600568,-1.07895,-1.24944,381.241,529.41,314.301,565.883,12691.9,36642.7,-0.0230304,0.0752612,0.015068,-0.168187
18,28,84,78,-0.00501254,-0.600568,-1.07895,-1.41039,381.241,515.737,308.576,565.883,17972.4,40068.9,-0.0230304,0.0903716,-0.0321852,0.0920946
18,59,20,74,-0.00501254,-0.901343,-0.0236099,0,387.616,457.734,368.514,566.645,40364.5,6174.79,0.133308,0.165805,-0.00213701,-0.00973625
18,59,20,71,-0.00501254,-0.901343,-0.0236099,-0.588487,387.616,457.861,367.18,566.645,40218.4,6928.65,0.133308,0.168706,-0.00213702,0.000244662
18,59,20,94,-0.00501254,-0.901343,-0.0236099,-1.24885,387.616,476.993,320.848,566.645,30440.2,32764.4,0.133308,0.263517,0.0370712,-0.193843
18,59,20,107,-0.00501254,-0.901343,-0.0236099,-1.24944,387.616,478.032,327.462,566.645,30311,28987.4,0.133308,0.249216,0.0432157,-0.16226
18,59,20,78,-0.00501254,-0.901343,-0.0236099,-1.41039,387.616,464.429,321.75,566.645,35242.4,32609.1,0.133308,0.266227,-0.00213704,0.101823
18,59,17,74,-0.00501254,-0.901343,-0.0727499,0,387.616,457.734,368.314,563.581,39204.7,6141.4,0.133308,0.165805,-0.0773798,-0.00143685
18,59,17,71,-0.00501254,-0.901343,-0.0727499,-0.588487,387.616,457.861,366.98,563.581,39058.6,6891.19,0.133308,0.168706,-0.0773497,0.00857422
18,59,17,94,-0.00501254,-0.901343,-0.0727499,-1.24885,387.616,476.993,320.77,563.581,29280.4,32587.3,0.133308,0.263517,-0.0369228,-0.184295
18,59,17,107,-0.00501254,-0.901343,-0.0727499,-1.24944,387.616,478.032,327.402,563.581,29151.1,28830.6,0.133308,0.249216,-0.0309702,-0.152903
18,59,17,78,-0.00501254,-0.901343,-0.0727499,-1.41039,387.616,464.429,321.552,563.581,34082.5,32432.8,0.133308,0.266227,-0.0761729,0.111329
18,59,24,74,-0.00501254,-0.901343,-0.898533,0,387.616,457.734,355.052,563.967,38181.3,12230.9,0.10972,0.165805,-0.199672,-0.00437166
18,59,24,71,-0.00501254,-0.901343,-0.898533,-0.588487,387.616,457.861,353.719,563.967,38035.2,12982.3,0.10972,0.168706,-0.199652,0.00562947
18,59,24,94,-0.00501254,-0.901343,-0.898533,-1.24885,387.616,476.993,307.476,563.967,28257,38898.7,0.10972,0.263517,-0.157922,-0.185937
18,59,24,107,-0.00501254,-0.901343,-0.898533,-1.24944,387.616,478.032,314.105,563.967,28127.7,35164.6,0.10972,0.249216,-0.151682,-0.154258
18,59,24,78,-0.00501254,-0.901343,-0.898533,-1.41039,387.616,464.429,308.29,563.967,33059.1,38576.2,0.10972,0.266227,-0.198858,0.108001
18,59,91,74,-0.00501254,-0.901343,-1.01565,0,387.616,457.734,355.37,565.884,38924.8,12165.2,0.110135,0.165805,-0.121079,-0.00973628
18,59,91,71,-0.00501254,-0.901343,-1.01565,-0.588487,387.616,457.861,354.036,565.884,38778.7,12919,0.110135,0.168706,-0.121079,0.000244625
18,59,91,94,-0.00501254,-0.901343,-1.01565,-1.24885,387.616,476.993,307.714,565.884,29000.5,38920.1,0.110135,0.263517,-0.0801968,-0.192169
18,59,91,107,-0.00501254,-0.901343,-1.01565,-1.24944,387.616,478.032,314.332,565.884,28871.3,35172.9,0.110135,0.249216,-0.0738308,-0.160364
18,59,91,78,-0.00501254,-0.901343,-1.01565,-1.41039,387.616,464.429,308.606,565.884,33802.7,38599.5,0.110135,0.266227,-0.121079,0.101823
18,59,84,74,-0.00501254,-0.901343,-1.07895,0,387.616,457.734,355.339,565.883,38921.5,12179,0.110081,0.165805,-0.0321851,-0.00973623
18,59,84,71,-0.00501254,-0.901343,-1.07895,-0.588487,387.616,457.861,354.006,565.883,38775.4,12932.9,0.110081,0.168706,-0.0321851,0.00024467
18,59,84,94,-0.00501254,-0.901343,-1.07895,-1.24885,387.616,476.993,307.684,565.883,28997.2,38934.4,0.110081,0.263517,0.00870145,-0.192165
18,59,84,107,-0.00501254,-0.901343,-1.07895,-1.24944,387.616,478.032,314.301,565.883,28867.9,35187.2,0.110081,0.249216,0.015068,-0.160359
18,59,84,78,-0.00501254,-0.901343,-1.07895,-1.41039,387.616,464.429,308.576,565.883,33799.3,38613.4,0.110081,0.266227,-0.0321852,0.101823
18,10,20,74,-0.00501254,-0.979941,-0.0236099,0,379.713,507.896,368.514,566.645,21910.2,6020.72,0.00405112,-0.272704,-0.00213701,-0.0126235
18,10,20,71,-0.00501254,-0.979941,-0.0236099,-0.588487,379.713,508.018,367.18,566.645,21830.9,6774.59,0.00405112,-0.27009,-0.00213702,-0.00292821
18,10,20,94,-0.00501254,-0.979941,-0.0236099,-1.24885,379.713,526.808,320.848,566.645,14344.9,32610.4,0.00405112,-0.184165,0.0370712,-0.205903
18,10,20,107,-0.00501254,-0.979941,-0.0236099,-1.24944,379.713,527.925,327.462,566.645,13881.6,28833.3,0.00405112,-0.19709,0.0432157,-0.172944
18,10,20,78,-0.00501254,-0.979941,-0.0236099,-1.41039,379.713,514.229,321.75,566.645,19129.9,32455.1,0.00405112,-0.182012,-0.00213704,0.0892062
18,10,17,74,-0.00501254,-0.979941,-0.0727499,0,379.713,507.896,368.314,563.581,20751.2,5988.16,0.00405112,-0.272704,-0.0773798,-0.0043241
18,10,17,71,-0.00501254,-0.979941,-0.0727499,-0.588487,379.713,508.018,366.98,563.581,20671.9,6737.95,0.00405112,-0.27009,-0.0773497,0.00540134
18,10,17,94,-0.00501254,-0.979941,-0.0727499,-1.24885,379.713,526.808,320.77,563.581,13185.9,32434,0.00405112,-0.184165,-0.0369228,-0.196354
18,10,17,107,-0.00501254,-0.979941,-0.0727499,-1.24944,379.713,527.925,327.402,563.581,12722.6,28677.4,0.00405112,-0.19709,-0.0309702,-0.163587
18,10,17,78,-0.00501254,-0.979941,-0.0727499,-1.41039,379.713,514.229,321.552,563.581,17970.8,32279.6,0.00405112,-0.182012,-0.0761729,0.0987126
18,10,24,74,-0.00501254,-0.979941,-0.898533,0,379.713,507.896,355.052,563.967,20395.2,12745.1,-0.0195374,-0.272704,-0.199672,-0.00725891
18,10,24,71,-0.00501254,-0.979941,-0.898533,-0.588487,379.713,508.018,353.719,563.967,20315.9,13496.5,-0.0195374,-0.27009,-0.199652,0.0024566
18,10,24,94,-0.00501254,-0.979941,-0.898533,-1.24885,379.713,526.808,307.476,563.967,12829.9,39412.9,-0.0195374,-0.184165,-0.157922,-0.197996
18,10,24,107,-0.00501254,-0.979941,-0.898533,-1.24944,379.713,527.925,314.105,563.967,12366.7,35678.8,-0.0195374,-0.19709,-0.151682,-0.164942
18,10,24,78,-0.00501254,-0.979941,-0.898533,-1.41039,379.713,514.229,308.29,563.967,17614.9,39090.4,-0.0195374,-0.182012,-0.198858,0.0953846
18,10,91,74,-0.00501254,-0.979941,-1.01565,0,379.713,507.896,355.37,565.884,21128.7,12669.3,-0.0191225,-0.272704,-0.121079,-0.0126235
18,10,91,71,-0.00501254,-0.979941,-1.01565,-0.588487,379.713,508.018,354.036,565.884,21049.4,13423.2,-0.0191225,-0.27009,-0.121079,-0.00292825
18,10,91,94,-0.00501254,-0.979941,-1.01565,-1.24885,379.713,526.808,307.714,565.884,13563.4,39424.3,-0.0191225,-0.184165,-0.0801968,-0.204228
18,10,91,107,-0.00501254,-0.979941,-1.01565,-1.24944,379.713,527.925,314.332,565.884,13100.2,35677,-0.0191225,-0.19709,-0.0738308,-0.171048
18,10,91,78,-0.00501254,-0.979941,-1.01565,-1.41039,379.713,514.229,308.606,565.884,18348.4,39103.7,-0.0191225,-0.182012,-0.121079,0.0892062
18,10,84,74,-0.00501254,-0.979941,-1.07895,0,379.713,507.896,355.339,565.883,21126.9,12684.7,-0.0191762,-0.272704,-0.0321851,-0.0126235
18,10,84,71,-0.00501254,-0.979941,-1.07895,-0.588487,379.713,508.018,354.006,565.883,21047.6,13438.6,-0.0191762,-0.27009,-0.0321851,-0.0029282
18,10,84,94,-0.00501254,-0.979941,-1.07895,-1.24885,379.713,526.808,307.684,565.883,13561.6,39440.1,-0.0191762,-0.184165,0.00870145,-0.204224
18,10,84,107,-0.00501254,-0.979941,-1.07895,-1.24944,379.713,527.925,314.301,565.883,13098.3,35692.9,-0.0191762,-0.19709,0.015068,-0.171043
18,10,84,78,-0.00501254,-0.979941,-1.07895,-1.41039,379.713,514.229,308.576,565.883,18346.6,39119.1,-0.0191762,-0.182012,-0.0321852,0.0892063
26,25,20,74,-0.694243,-0.0304592,-0.0236099,0,376.634,509.367,368.514,566.408,21204,4517.07,-0.00204435,0.0513413,0.00298017,-0.0127707
26,25,20,71,-0.694243,-0.0304592,-0.0236099,-0.588487,376.634,509.489,367.18,566.408,21127.3,5270.34,-0.00204435,0.0539481,0.00298016,-0.00308307
26,25,20,94,-0.694243,-0.0304592,-0.0236099,-1.24885,376.634,528.267,320.848,566.408,13766,31049.3,-0.00204435,0.13964,0.0421883,-0.20629
26,25,20,107,-0.694243,-0.0304592,-0.0236099,-1.24944,376.634,529.386,327.462,566.408,13296.6,27268.6,-0.00204435,0.126751,0.0483329,-0.173295
26,25,20,78,-0.694243,-0.0304592,-0.0236099,-1.41039,376.634,515.687,321.75,566.408,18513.3,30930.7,-0.00204435,0.141777,0.00298014,0.0888031
26,25,17,74,-0.694243,-0.0304592,-0.0727499,0,376.634,509.367,368.314,563.344,20054,4484.64,-0.00201657,0.0513413,-0.0722349,-0.00447132
26,25,17,71,-0.694243,-0.0304592,-0.0727499,-0.588487,376.634,509.489,366.98,563.344,19977.3,5233.84,-0.00201657,0.0539481,-0.0722047,0.00524649
26,25,17,94,-0.694243,-0.0304592,-0.0727499,-1.24885,376.634,528.267,320.77,563.344,12616,30873.1,-0.00201657,0.13964,-0.0317779,-0.196742
26,25,17,107,-0.694243,-0.0304592,-0.0727499,-1.24944,376.634,529.386,327.402,563.344,12146.6,27112.8,-0.00201657,0.126751,-0.0258252,-0.163939
26,25,17,78,-0.694243,-0.0304592,-0.0727499,-1.41039,376.634,515.687,321.552,563.344,17363.3,30755.3,-0.00201657,0.141777,-0.0710279,0.0983094
26,25,24,74,-0.694243,-0.0304592,-0.898533,0,376.634,509.367,355.052,563.662,19720.2,11261.2,-0.0256197,0.0513413,-0.194541,-0.00740613
26,25,24,71,-0.694243,-0.0304592,-0.898533,-0.588487,376.634,509.489,353.719,563.662,19643.5,12011.9,-0.0256197,0.0539481,-0.194521,0.00230175
26,25,24,94,-0.694243,-0.0304592,-0.898533,-1.24885,376.634,528.267,307.476,563.662,12282.2,37871.5,-0.0256197,0.13964,-0.152791,-0.198384
26,25,24,107,-0.694243,-0.0304592,-0.898533,-1.24944,376.634,529.386,314.105,563.662,11812.8,34133.8,-0.0256197,0.126751,-0.146552,-0.165293
26,25,24,78,-0.694243,-0.0304592,-0.898533,-1.41039,376.634,515.687,308.29,563.662,17029.5,37585.7,-0.0256197,0.141777,-0.193728,0.0949814
26,25,91,74,-0.694243,-0.0304592,-1.01565,0,376.634,509.367,355.37,565.581,20447.7,11185,-0.025222,0.0513413,-0.115966,-0.0127707
26,25,91,71,-0.694243,-0.0304592,-1.01565,-0.588487,376.634,509.489,354.036,565.581,20371,11938.3,-0.025222,0.0539481,-0.115966,-0.0030831
26,25,91,94,-0.694243,-0.0304592,-1.01565,-1.24885,376.634,528.267,307.714,565.581,13009.7,37882.5,-0.025222,0.13964,-0.0750836,-0.204616
26,25,91,107,-0.694243,-0.0304592,-1.01565,-1.24944,376.634,529.386,314.332,565.581,12540.3,34131.7,-0.025222,0.126751,-0.0687177,-0.171399
26,25,91,78,-0.694243,-0.0304592,-1.01565,-1.41039,376.634,515.687,308.606,565.581,17757,37598.6,-0.025222,0.141777,-0.115966,0.088803
26,25,84,74,-0.694243,-0.0304592,-1.07895,0,376.634,509.367,355.339,565.579,20446,11200.5,-0.0252756,0.0513413,-0.0270719,-0.0127707
26,25,84,71,-0.694243,-0.0304592,-1.07895,-0.588487,376.634,509.489,354.006,565.579,20369.2,11953.7,-0.0252756,0.0539481,-0.0270719,-0.00308306
26,25,84,94,-0.694243,-0.0304592,-1.07895,-1.24885,376.634,528.267,307.684,565.579,13007.9,37898.4,-0.0252756,0.13964,0.0138147,-0.204612
26,25,84,107,-0.694243,-0.0304592,-1.07895,-1.24944,376.634,529.386,314.301,565.579,12538.6,34147.6,-0.0252756,0.126751,0.0201812,-0.171394
26,25,84,78,-0.694243,-0.0304592,-1.07895,-1.41039,376.634,515.687,308.576,565.579,17755.2,37614,-0.0252756,0.141777,-0.0270719,0.0888031
26,60,20,74,-0.694243,-0.513329,-0.0236099,0,301.859,467.668,368.514,566.408,36475.6,-42899,0.178664,0.049014,0.00298017,-0.191094
26,60,20,71,-0.694243,-0.513329,-0.0236099,-0.588487,301.859,467.552,367.18,566.408,36343.6,-42145.7,0.178664,0.0518554,0.00298016,-0.181172
26,60,20,94,-0.694243,-0.513329,-0.0236099,-1.24885,301.859,478.479,320.848,566.408,28146.7,-16366.8,0.178664,0.151252,0.0421883,-0.370674
26,60,20,107,-0.694243,-0.513329,-0.0236099,-1.24944,301.859,480.7,327.462,566.408,28145.2,-20147.5,0.178664,0.137615,0.0483329,-0.338427
26,60,20,78,-0.694243,-0.513329,-0.0236099,-1.41039,301.859,465.888,321.75,566.408,31847,-16485.4,0.178664,0.149167,0.00298014,-0.0798033
26,60,17,74,-0.694243,-0.513329,-0.0727499,0,301.859,467.668,368.314,563.344,35582.9,-42674.1,0.178692,0.049014,-0.0722349,-0.182794
26,60,17,71,-0.694243,-0.513329,-0.0727499,-0.588487,301.859,467.552,366.98,563.344,35450.9,-41924.9,0.178692,0.0518554,-0.0722047,-0.172842
26,60,17,94,-0.694243,-0.513329,-0.0727499,-1.24885,301.859,478.479,320.77,563.344,27254,-16285.7,0.178692,0.151252,-0.0317779,-0.361126
26,60,17,107,-0.694243,-0.513329,-0.0727499,-1.24944,301.859,480.7,327.402,563.344,27252.5,-20046,0.178692,0.137615,-0.0258252,-0.32907
26,60,17,78,-0.694243,-0.513329,-0.0727499,-1.41039,301.859,465.888,321.552,563.344,30954.2,-16403.5,0.178692,0.149167,-0.0710279,-0.070297
26,60,24,74,-0.694243,-0.513329,-0.898533,0,301.859,467.668,355.052,563.662,34599.5,-36547.1,0.155089,0.049014,-0.194541,-0.185729
26,60,24,71,-0.694243,-0.513329,-0.898533,-0.588487,301.859,467.552,353.719,563.662,34467.5,-35796.4,0.155089,0.0518554,-0.194521,-0.175787
26,60,24,94,-0.694243,-0.513329,-0.898533,-1.24885,301.859,478.479,307.476,563.662,26270.6,-9936.81,0.155089,0.151252,-0.152791,-0.362767
26,60,24,107,-0.694243,-0.513329,-0.898533,-1.24944,301.859,480.7,314.105,563.662,26269.1,-13674.5,0.155089,0.137615,-0.146552,-0.330425
26,60,24,78,-0.694243,-0.513329,-0.898533,-1.41039,301.859,465.888,308.29,563.662,29970.9,-10222.6,0.155089,0.149167,-0.193728,-0.073625
26,60,91,74,-0.694243,-0.513329,-1.01565,0,301.859,467.668,355.37,565.581,35174.6,-36775.7,0.155487,0.049014,-0.115966,-0.191094
26,60,91,71,-0.694243,-0.513329,-1.01565,-0.588487,301.859,467.552,354.036,565.581,35042.6,-36022.4,0.155487,0.0518554,-0.115966,-0.181172
26,60,91,94,-0.694243,-0.513329,-1.01565,-1.24885,301.859,478.479,307.714,565.581,26845.7,-10078.2,0.155487,0.151252,-0.0750836,-0.369
26,60,91,107,-0.694243,-0.513329,-1.01565,-1.24944,301.859,480.7,314.332,565.581,26844.2,-13829.1,0.155487,0.137615,-0.0687177,-0.336531
26,60,91,78,-0.694243,-0.513329,-1.01565,-1.41039,301.859,465.888,308.606,565.581,30546,-10362.1,0.155487,0.149167,-0.115966,-0.0798034
26,60,84,74,-0.694243,-0.513329,-1.07895,0,301.859,467.668,355.339,565.579,35171.6,-36761.5,0.155433,0.049014,-0.0270719,-0.191094
26,60,84,71,-0.694243,-0.513329,-1.07895,-0.588487,301.859,467.552,354.006,565.579,35039.6,-36008.3,0.155433,0.0518554,-0.0270719,-0.181172
26,60,84,94,-0.694243,-0.513329,-1.07895,-1.24885,301.859,478.479,307.684,565.579,26842.7,-10063.6,0.155433,0.151252,0.0138147,-0.368996
26,60,84,107,-0.694243,-0.513329,-1.07895,-1.24944,301.859,480.7,314.301,565.579,26841.2,-13814.4,0.155433,0.137615,0.0201812,-0.336526
26,60,84,78,-0.694243,-0.513329,-1.07895,-1.41039,301.859,465.888,308.576,565.579,30542.9,-10348,0.155433,0.149167,-0.0270719,-0.0798033
26,28,20,74,-0.694243,-0.600568,-0.0236099,0,378.332,509.262,368.514,566.408,21299.6,5475.96,-0.00204435,-2.8044e-05,0.00298017,-0.00944275
26,28,20,71,-0.694243,-0.600568,-0.0236099,-0.588487,378.332,509.389,367.18,566.408,21222.6,6229.24,-0.00204435,0.00257859,0.00298016,0.000244662
26,28,20,94,-0.694243,-0.600568,-0.0236099,-1.24885,378.332,528.313,320.848,566.408,13828,32008.2,-0.00204435,0.0881564,0.0421883,-0.203077
26,28,20,107,-0.694243,-0.600568,-0.0236099,-1.24944,378.332,529.41,327.462,566.408,13356.6,28227.5,-0.00204435,0.0752612,0.0483329,-0.170087
26,28,20,78,-0.694243,-0.600568,-0.0236099,-1.41039,378.332,515.737,321.75,566.408,18596.8,31889.5,-0.00204435,0.0903716,0.00298014,0.0920946
26,28,17,74,-0.694243,-0.600568,-0.0727499,0,378.332,509.262,368.314,563.344,20144.5,5438.35,-0.00201657,-2.8044e-05,-0.0722349,-0.00114336
26,28,17,71,-0.694243,-0.600568,-0.0727499,-0.588487,378.332,509.389,366.98,563.344,20067.4,6187.55,-0.00201657,0.00257859,-0.0722047,0.00857422
26,28,17,94,-0.694243,-0.600568,-0.0727499,-1.24885,378.332,528.313,320.77,563.344,12672.9,31826.8,-0.00201657,0.0881564,-0.0317779,-0.193529
26,28,17,107,-0.694243,-0.600568,-0.0727499,-1.24944,378.332,529.41,327.402,563.344,12201.4,28066.5,-0.00201657,0.0752612,-0.0258252,-0.160731
26,28,17,78,-0.694243,-0.600568,-0.0727499,-1.41039,378.332,515.737,321.552,563.344,17441.6,31709,-0.00201657,0.0903716,-0.0710279,0.101601
26,28,24,74,-0.694243,-0.600568,-0.898533,0,378.332,509.262,355.052,563.662,19809.1,12213.4,-0.0256197,-2.8044e-05,-0.194541,-0.00407816
26,28,24,71,-0.694243,-0.600568,-0.898533,-0.588487,378.332,509.389,353.719,563.662,19732.1,12964.1,-0.0256197,0.00257859,-0.194521,0.00562947
26,28,24,94,-0.694243,-0.600568,-0.898533,-1.24885,378.332,528.313,307.476,563.662,12337.5,38823.7,-0.0256197,0.0881564,-0.152791,-0.19517
26,28,24,107,-0.694243,-0.600568,-0.898533,-1.24944,378.332,529.41,314.105,563.662,11866.1,35086,-0.0256197,0.0752612,-0.146552,-0.162086
26,28,24,78,-0.694243,-0.600568,-0.898533,-1.41039,378.332,515.737,308.29,563.662,17106.3,38537.9,-0.0256197,0.0903716,-0.193728,0.0982729
26,28,91,74,-0.694243,-0.600568,-1.01565,0,378.332,509.262,355.37,565.581,20539.9,12140.5,-0.025222,-2.8044e-05,-0.115966,-0.00944278
26,28,91,71,-0.694243,-0.600568,-1.01565,-0.588487,378.332,509.389,354.036,565.581,20462.9,12893.8,-0.025222,0.00257859,-0.115966,0.000244625
26,28,91,94,-0.694243,-0.600568,-1.01565,-1.24885,378.332,528.313,307.714,565.581,13068.3,38838,-0.025222,0.0881564,-0.0750836,-0.201403
26,28,91,107,-0.694243,-0.600568,-1.01565,-1.24944,378.332,529.41,314.332,565.581,12596.9,35087.1,-0.025222,0.0752612,-0.0687177,-0.168192
26,28,91,78,-0.694243,-0.600568,-1.01565,-1.41039,378.332,515.737,308.606,565.581,17837.1,38554.1,-0.025222,0.0903716,-0.115966,0.0920945
26,28,84,74,-0.694243,-0.600568,-1.07895,0,378.332,509.262,355.339,565.579,20538.2,12155.9,-0.0252756,-2.8044e-05,-0.0270719,-0.00944274
26,28,84,71,-0.694243,-0.600568,-1.07895,-0.588487,378.332,509.389,354.006,565.579,20461.1,12909.2,-0.0252756,0.00257859,-0.0270719,0.00024467
26,28,84,94,-0.694243,-0.600568,-1.07895,-1.24885,378.332,528.313,307.684,565.579,13066.6,38853.8,-0.0252756,0.0881564,0.0138147,-0.201398
26,28,84,107,-0.694243,-0.600568,-1.07895,-1.24944,378.332,529.41,314.301,565.579,12595.1,35103,-0.0252756,0.0752612,0.0201812,-0.168187
26,28,84,78,-0.694243,-0.600568,-1.07895,-1.41039,378.332,515.737,308.576,565.579,17835.3,38569.5,-0.0252756,0.0903716,-0.0270719,0.0920946
26,59,20,74,-0.694243,-0.901343,-0.0236099,0,384.734,457.734,368.514,566.408,40200.8,4845.83,0.13207,0.166809,0.00298017,-0.00973625
26,59,20,71,-0.694243,-0.901343,-0.0236099,-0.588487,384.734,457.861,367.18,566.408,40055.3,5599.1,0.13207,0.169709,0.00298016,0.000244662
26,59,20,94,-0.694243,-0.901343,-0.0236099,-1.24885,384.734,476.993,320.848,566.408,30333.9,31378,0.13207,0.26452,0.0421883,-0.193843
26,59,20,107,-0.694243,-0.901343,-0.0236099,-1.24944,384.734,478.032,327.462,566.408,30208.3,27597.3,0.13207,0.250219,0.0483329,-0.16226
26,59,20,78,-0.694243,-0.901343,-0.0236099,-1.41039,384.734,464.429,321.75,566.408,35099.4,31259.4,0.13207,0.26723,0.00298014,0.101823
26,59,17,74,-0.694243,-0.901343,-0.0727499,0,384.734,457.734,368.314,563.344,39049.8,4812.44,0.132098,0.166809,-0.0722349,-0.00143685
26,59,17,71,-0.694243,-0.901343,-0.0727499,-0.588487,384.734,457.861,366.98,563.344,38904.3,5561.64,0.132098,0.169709,-0.0722047,0.00857422
26,59,17,94,-0.694243,-0.901343,-0.0727499,-1.24885,384.734,476.993,320.77,563.344,29183,31200.9,0.132098,0.26452,-0.0317779,-0.184295
26,59,17,107,-0.694243,-0.901343,-0.0727499,-1.24944,384.734,478.032,327.402,563.344,29057.3,27440.6,0.132098,0.250219,-0.0258252,-0.152903
26,59,17,78,-0.694243,-0.901343,-0.0727499,-1.41039,384.734,464.429,321.552,563.344,33948.4,31083.1,0.132098,0.26723,-0.0710279,0.111329
26,59,24,74,-0.694243,-0.901343,-0.898533,0,384.734,457.734,355.052,563.662,38029,10902,0.108495,0.166809,-0.194541,-0.00437166
26,59,24,71,-0.694243,-0.901343,-0.898533,-0.588487,384.734,457.861,353.719,563.662,37883.5,11652.7,0.108495,0.169709,-0.194521,0.00562947
26,59,24,94,-0.694243,-0.901343,-0.898533,-1.24885,384.734,476.993,307.476,563.662,28162.1,37512.3,0.108495,0.26452,-0.152791,-0.185937
26,59,24,107,-0.694243,-0.901343,-0.898533,-1.24944,384.734,478.032,314.105,563.662,28036.5,33774.6,0.108495,0.250219,-0.146552,-0.154258
26,59,24,78,-0.694243,-0.901343,-0.898533,-1.41039,384.734,464.429,308.29,563.662,32927.6,37226.5,0.108495,0.26723,-0.193728,0.108001
26,59,91,74,-0.694243,-0.901343,-1.01565,0,384.734,457.734,355.37,565.581,38766.9,10836.2,0.108893,0.166809,-0.115966,-0.00973628
26,59,91,71,-0.694243,-0.901343,-1.01565,-0.588487,384.734,457.861,354.036,565.581,38621.4,11589.5,0.108893,0.169709,-0.115966,0.000244625
26,59,91,94,-0.694243,-0.901343,-1.01565,-1.24885,384.734,476.993,307.714,565.581,28900.1,37533.7,0.108893,0.26452,-0.0750836,-0.192169
26,59,91,107,-0.694243,-0.901343,-1.01565,-1.24944,384.734,478.032,314.332,565.581,28774.4,33782.9,0.108893,0.250219,-0.0687177,-0.160364
26,59,91,78,-0.694243,-0.901343,-1.01565,-1.41039,384.734,464.429,308.606,565.581,33665.5,37249.8,0.108893,0.26723,-0.115966,0.101823
26,59,84,74,-0.694243,-0.901343,-1.07895,0,384.734,457.734,355.339,565.579,38763.6,10850.1,0.108839,0.166809,-0.0270719,-0.00973623
26,59,84,71,-0.694243,-0.901343,-1.07895,-0.588487,384.734,457.861,354.006,565.579,38618.1,11603.3,0.108839,0.169709,-0.0270719,0.00024467
26,59,84,94,-0.694243,-0.901343,-1.07895,-1.24885,384.734,476.993,307.684,565.579,28896.7,37548,0.108839,0.26452,0.0138147,-0.192165
26,59,84,107,-0.694243,-0.901343,-1.07895,-1.24944,384.734,478.032,314.301,565.579,28771.1,33797.2,0.108839,0.250219,0.0201812,-0.160359
26,59,84,78,-0.694243,-0.901343,-1.07895,-1.41039,384.734,464.429,308.576,565.579,33662.2,37263.7,0.108839,0.26723,-0.0270719,0.101823
26,10,20,74,-0.694243,-0.979941,-0.0236099,0,376.804,507.896,368.514,566.408,21746.5,4546.39,0.00183962,-0.272674,0.00298017,-0.0126235
26,10,20,71,-0.694243,-0.979941,-0.0236099,-0.588487,376.804,508.018,367.18,566.408,21667.8,5299.66,0.00183962,-0.27006,0.00298016,-0.00292821
26,10,20,94,-0.694243,-0.979941,-0.0236099,-1.24885,376.804,526.808,320.848,566.408,14238.6,31078.6,0.00183962,-0.184135,0.0421883,-0.205903
26,10,20,107,-0.694243,-0.979941,-0.0236099,-1.24944,376.804,527.925,327.462,566.408,13779,27297.9,0.00183962,-0.19706,0.0483329,-0.172944
26,10,20,78,-0.694243,-0.979941,-0.0236099,-1.41039,376.804,514.229,321.75,566.408,18986.9,30960,0.00183962,-0.181982,0.00298014,0.0892062
26,10,17,74,-0.694243,-0.979941,-0.0727499,0,376.804,507.896,368.314,563.344,20596.3,4513.83,0.00186739,-0.272674,-0.0722349,-0.0043241
26,10,17,71,-0.694243,-0.979941,-0.0727499,-0.588487,376.804,508.018,366.98,563.344,20517.6,5263.03,0.00186739,-0.27006,-0.0722047,0.00540134
26,10,17,94,-0.694243,-0.979941,-0.0727499,-1.24885,376.804,526.808,320.77,563.344,13088.5,30902.2,0.00186739,-0.184135,-0.0317779,-0.196354
26,10,17,107,-0.694243,-0.979941,-0.0727499,-1.24944,376.804,527.925,327.402,563.344,12628.8,27142,0.00186739,-0.19706,-0.0258252,-0.163587
26,10,17,78,-0.694243,-0.979941,-0.0727499,-1.41039,376.804,514.229,321.552,563.344,17836.8,30784.5,0.00186739,-0.181982,-0.0710279,0.0987126
26,10,24,74,-0.694243,-0.979941,-0.898533,0,376.804,507.896,355.052,563.662,20242.9,11270.8,-0.0217357,-0.272674,-0.194541,-0.00725891
26,10,24,71,-0.694243,-0.979941,-0.898533,-0.588487,376.804,508.018,353.719,563.662,20164.2,12021.5,-0.0217357,-0.27006,-0.194521,0.0024566
26,10,24,94,-0.694243,-0.979941,-0.898533,-1.24885,376.804,526.808,307.476,563.662,12735.1,37881.1,-0.0217357,-0.184135,-0.152791,-0.197996
26,10,24,107,-0.694243,-0.979941,-0.898533,-1.24944,376.804,527.925,314.105,563.662,12275.4,34143.4,-0.0217357,-0.19706,-0.146552,-0.164942
26,10,24,78,-0.694243,-0.979941,-0.898533,-1.41039,376.804,514.229,308.29,563.662,17483.4,37595.3,-0.0217357,-0.181982,-0.193728,0.0953846
26,10,91,74,-0.694243,-0.979941,-1.01565,0,376.804,507.896,355.37,565.581,20970.8,11195,-0.021338,-0.272674,-0.115966,-0.0126235
26,10,91,71,-0.694243,-0.979941,-1.01565,-0.588487,376.804,508.018,354.036,565.581,20892.1,11948.3,-0.021338,-0.27006,-0.115966,-0.00292825
26,10,91,94,-0.694243,-0.979941,-1.01565,-1.24885,376.804,526.808,307.714,565.581,13463,37892.5,-0.021338,-0.184135,-0.0750836,-0.204228
26,10,91,107,-0.694243,-0.979941,-1.01565,-1.24944,376.804,527.925,314.332,565.581,13003.3,34141.6,-0.021338,-0.19706,-0.0687177,-0.171048
26,10,91,78,-0.694243,-0.979941,-1.01565,-1.41039,376.804,514.229,308.606,565.581,18211.2,37608.6,-0.021338,-0.181982,-0.115966,0.0892062
26,10,84,74,-0.694243,-0.979941,-1.07895,0,376.804,507.896,355.339,565.579,20969,11210.4,-0.0213917,-0.272674,-0.0270719,-0.0126235
26,10,84,71,-0.694243,-0.979941,-1.07895,-0.588487,376.804,508.018,354.006,565.579,20890.3,11963.7,-0.0213917,-0.27006,-0.0270719,-0.0029282
26,10,84,94,-0.694243,-0.979941,-1.07895,-1.24885,376.804,526.808,307.684,565.579,13461.2,37908.3,-0.0213917,-0.184135,0.0138147,-0.204224
26,10,84,107,-0.694243,-0.979941,-1.07895,-1.24944,376.804,527.925,314.301,565.579,13001.5,34157.5,-0.0213917,-0.19706,0.0201812,-0.171043
26,10,84,78,-0.694243,-0.979941,-1.07895,-1.41039,376.804,514.229,308.576,565.579,18209.4,37624,-0.0213917,-0.181982,-0.0270719,0.0892063
31,25,20,74,-1.11032,-0.0304592,-0.0236099,0,362.594,509.367,368.514,565.476,20413.6,-2620.23,0.0228603,0.0513413,0.0277342,-0.0127707
31,25,20,71,-1.11032,-0.0304592,-0.0236099,-0.588487,362.594,509.489,367.18,565.476,20339.7,-1869.81,0.0228603,0.0539481,0.0277342,-0.00308307
31,25,20,94,-1.11032,-0.0304592,-0.0236099,-1.24885,362.594,528.267,320.848,565.476,13252.8,23634.7,0.0228603,0.13964,0.0669424,-0.20629
31,25,20,107,-1.11032,-0.0304592,-0.0236099,-1.24944,362.594,529.386,327.462,565.476,12800.9,19836.5,0.0228603,0.126751,0.0730869,-0.173295
31,25,20,78,-1.11032,-0.0304592,-0.0236099,-1.41039,362.594,515.687,321.75,565.476,17823.2,23693.1,0.0228603,0.141777,0.0277342,0.0888031
31,25,17,74,-1.11032,-0.0304592,-0.0727499,0,362.594,509.367,368.314,562.413,19306.5,-2652.65,0.0230231,0.0513413,-0.0473458,-0.00447132
31,25,17,71,-1.11032,-0.0304592,-0.0727499,-0.588487,362.594,509.489,366.98,562.413,19232.6,-1906.31,0.0230231,0.0539481,-0.0473156,0.00524649
31,25,17,94,-1.11032,-0.0304592,-0.0727499,-1.24885,362.594,528.267,320.77,562.413,12145.7,23458.5,0.0230231,0.13964,-0.00688877,-0.196742
31,25,17,107,-1.11032,-0.0304592,-0.0727499,-1.24944,362.594,529.386,327.402,562.413,11693.8,19680.7,0.0230231,0.126751,-0.000936136,-0.163939
31,25,17,78,-1.11032,-0.0304592,-0.0727499,-1.41039,362.594,515.687,321.552,562.413,16716,23517.7,0.0230231,0.141777,-0.0461388,0.0983094
31,25,24,74,-1.11032,-0.0304592,-0.898533,0,362.594,509.367,355.052,562.401,18985.1,4123.89,-0.000632793,0.0513413,-0.169705,-0.00740613
31,25,24,71,-1.11032,-0.0304592,-0.898533,-0.588487,362.594,509.489,353.719,562.401,18911.2,4871.77,-0.000632793,0.0539481,-0.169685,0.00230175
31,25,24,94,-1.11032,-0.0304592,-0.898533,-1.24885,362.594,528.267,307.476,562.401,11824.3,30456.9,-0.000632793,0.13964,-0.127955,-0.198384
31,25,24,107,-1.11032,-0.0304592,-0.898533,-1.24944,362.594,529.386,314.105,562.401,11372.4,26701.7,-0.000632793,0.126751,-0.121716,-0.165293
31,25,24,78,-1.11032,-0.0304592,-0.898533,-1.41039,362.594,515.687,308.29,562.401,16394.7,30348.1,-0.000632793,0.141777,-0.168892,0.0949814
31,25,91,74,-1.11032,-0.0304592,-1.01565,0,362.594,509.367,355.37,564.324,19685.5,4047.73,-0.000318676,0.0513413,-0.0912136,-0.0127707
31,25,91,71,-1.11032,-0.0304592,-1.01565,-0.588487,362.594,509.489,354.036,564.324,19611.6,4798.14,-0.000318676,0.0539481,-0.0912136,-0.0030831
31,25,91,94,-1.11032,-0.0304592,-1.01565,-1.24885,362.594,528.267,307.714,564.324,12524.7,30468,-0.000318676,0.13964,-0.050331,-0.204616
31,25,91,107,-1.11032,-0.0304592,-1.01565,-1.24944,362.594,529.386,314.332,564.324,12072.8,26699.6,-0.000318676,0.126751,-0.0439651,-0.171399
31,25,91,78,-1.11032,-0.0304592,-1.01565,-1.41039,362.594,515.687,308.606,564.324,17095.1,30361,-0.000318676,0.141777,-0.0912136,0.088803
31,25,84,74,-1.11032,-0.0304592,-1.07895,0,362.594,509.367,355.339,564.322,19683.8,4063.16,-0.00037244,0.0513413,-0.00231927,-0.0127707
31,25,84,71,-1.11032,-0.0304592,-1.07895,-0.588487,362.594,509.489,354.006,564.322,19609.9,4813.58,-0.00037244,0.0539481,-0.00231928,-0.00308306
31,25,84,94,-1.11032,-0.0304592,-1.07895,-1.24885,362.594,528.267,307.684,564.322,12523,30483.8,-0.00037244,0.13964,0.0385673,-0.204612
31,25,84,107,-1.11032,-0.0304592,-1.07895,-1.24944,362.594,529.386,314.301,564.322,12071.1,26715.5,-0.00037244,0.126751,0.0449338,-0.171394
31,25,84,78,-1.11032,-0.0304592,-1.07895,-1.41039,362.594,515.687,308.576,564.322,17093.4,30376.4,-0.00037244,0.141777,-0.0023193,0.0888031
31,60,20,74,-1.11032,-0.513329,-0.0236099,0,288.059,467.668,368.514,565.476,35685.2,-49274.5,0.212329,0.057774,0.0277342,-0.191094
31,60,20,71,-1.11032,-0.513329,-0.0236099,-0.588487,288.059,467.552,367.18,565.476,35556,-48524.1,0.212329,0.0606155,0.0277342,-0.181172
31,60,20,94,-1.11032,-0.513329,-0.0236099,-1.24885,288.059,478.479,320.848,565.476,27633.5,-23019.6,0.212329,0.160012,0.0669424,-0.370674
31,60,20,107,-1.11032,-0.513329,-0.0236099,-1.24944,288.059,480.7,327.462,565.476,27649.6,-26817.8,0.212329,0.146375,0.0730869,-0.338427
31,60,20,78,-1.11032,-0.513329,-0.0236099,-1.41039,288.059,465.888,321.75,565.476,31156.8,-22961.3,0.212329,0.157927,0.0277342,-0.0798033
31,60,17,74,-1.11032,-0.513329,-0.0727499,0,288.059,467.668,368.314,562.413,34835.3,-49049.7,0.212492,0.057774,-0.0473458,-0.182794
31,60,17,71,-1.11032,-0.513329,-0.0727499,-0.588487,288.059,467.552,366.98,562.413,34706.2,-48303.4,0.212492,0.0606155,-0.0473156,-0.172842
31,60,17,94,-1.11032,-0.513329,-0.0727499,-1.24885,288.059,478.479,320.77,562.413,26783.7,-22938.6,0.212492,0.160012,-0.00688877,-0.361126
31,60,17,107,-1.11032,-0.513329,-0.0727499,-1.24944,288.059,480.7,327.402,562.413,26799.7,-26716.3,0.212492,0.146375,-0.000936136,-0.32907
31,60,17,78,-1.11032,-0.513329,-0.0727499,-1.41039,288.059,465.888,321.552,562.413,30307,-22879.4,0.212492,0.157927,-0.0461388,-0.070297
31,60,24,74,-1.11032,-0.513329,-0.898533,0,288.059,467.668,355.052,562.401,33864.4,-42922.7,0.188836,0.057774,-0.169705,-0.185729
31,60,24,71,-1.11032,-0.513329,-0.898533,-0.588487,288.059,467.552,353.719,562.401,33735.3,-42174.8,0.188836,0.0606155,-0.169685,-0.175787
31,60,24,94,-1.11032,-0.513329,-0.898533,-1.24885,288.059,478.479,307.476,562.401,25812.8,-16589.7,0.188836,0.160012,-0.127955,-0.362767
31,60,24,107,-1.11032,-0.513329,-0.898533,-1.24944,288.059,480.7,314.105,562.401,25828.8,-20344.9,0.188836,0.146375,-0.121716,-0.330425
31,60,24,78,-1.11032,-0.513329,-0.898533,-1.41039,288.059,465.888,308.29,562.401,29336.1,-16698.5,0.188836,0.157927,-0.168892,-0.073625
31,60,91,74,-1.11032,-0.513329,-1.01565,0,288.059,467.668,355.37,564.324,34412.4,-43151.3,0.18915,0.057774,-0.0912136,-0.191094
31,60,91,71,-1.11032,-0.513329,-1.01565,-0.588487,288.059,467.552,354.036,564.324,34283.2,-42400.9,0.18915,0.0606155,-0.0912136,-0.181172
31,60,91,94,-1.11032,-0.513329,-1.01565,-1.24885,288.059,478.479,307.714,564.324,26360.7,-16731.1,0.18915,0.160012,-0.050331,-0.369
31,60,91,107,-1.11032,-0.513329,-1.01565,-1.24944,288.059,480.7,314.332,564.324,26376.8,-20499.4,0.18915,0.146375,-0.0439651,-0.336531
31,60,91,78,-1.11032,-0.513329,-1.01565,-1.41039,288.059,465.888,308.606,564.324,29884,-16838,0.18915,0.157927,-0.0912136,-0.0798034
31,60,84,74,-1.11032,-0.513329,-1.07895,0,288.059,467.668,355.339,564.322,34409.4,-43137.1,0.189096,0.057774,-0.00231927,-0.191094
31,60,84,71,-1.11032,-0.513329,-1.07895,-0.588487,288.059,467.552,354.006,564.322,34280.3,-42386.7,0.189096,0.0606155,-0.00231928,-0.181172
31,60,84,94,-1.11032,-0.513329,-1.07895,-1.24885,288.059,478.479,307.684,564.322,26357.8,-16716.5,0.189096,0.160012,0.0385673,-0.368996
31,60,84,107,-1.11032,-0.513329,-1.07895,-1.24944,288.059,480.7,314.301,564.322,26373.8,-20484.8,0.189096,0.146375,0.0449338,-0.336526
31,60,84,78,-1.11032,-0.513329,-1.07895,-1.41039,288.059,465.888,308.576,564.322,29881.1,-16823.8,0.189096,0.157927,-0.0023193,-0.0798033
31,28,20,74,-1.11032,-0.600568,-0.0236099,0,364.292,509.262,368.514,565.476,20509.2,-1661.33,0.0228603,-2.8044e-05,0.0277342,-0.00944275
31,28,20,71,-1.11032,-0.600568,-0.0236099,-0.588487,364.292,509.389,367.18,565.476,20435,-910.919,0.0228603,0.00257859,0.0277342,0.000244662
31,28,20,94,-1.11032,-0.600568,-0.0236099,-1.24885,364.292,528.313,320.848,565.476,13314.9,24593.6,0.0228603,0.0881564,0.0669424,-0.203077
31,28,20,107,-1.11032,-0.600568,-0.0236099,-1.24944,364.292,529.41,327.462,565.476,12860.9,20795.4,0.0228603,0.0752612,0.0730869,-0.170087
31,28,20,78,-1.11032,-0.600568,-0.0236099,-1.41039,364.292,515.737,321.75,565.476,17906.6,24651.9,0.0228603,0.0903716,0.0277342,0.0920946
31,28,17,74,-1.11032,-0.600568,-0.0727499,0,364.292,509.262,368.314,562.413,19396.9,-1698.94,0.0230231,-2.8044e-05,-0.0473458,-0.00114336
31,28,17,71,-1.11032,-0.600568,-0.0727499,-0.588487,364.292,509.389,366.98,562.413,19322.7,-952.603,0.0230231,0.00257859,-0.0473156,0.00857422
31,28,17,94,-1.11032,-0.600568,-0.0727499,-1.24885,364.292,528.313,320.77,562.413,12202.6,24412.2,0.0230231,0.0881564,-0.00688877,-0.193529
31,28,17,107,-1.11032,-0.600568,-0.0727499,-1.24944,364.292,529.41,327.402,562.413,11748.6,20634.4,0.0230231,0.0752612,-0.000936136,-0.160731
31,28,17,78,-1.11032,-0.600568,-0.0727499,-1.41039,364.292,515.737,321.552,562.413,16794.3,24471.4,0.0230231,0.0903716,-0.0461388,0.101601
31,28,24,74,-1.11032,-0.600568,-0.898533,0,364.292,509.262,355.052,562.401,19074,5076.09,-0.000632793,-2.8044e-05,-0.169705,-0.00407816
31,28,24,71,-1.11032,-0.600568,-0.898533,-0.588487,364.292,509.389,353.719,562.401,18999.8,5823.97,-0.000632793,0.00257859,-0.169685,0.00562947
31,28,24,94,-1.11032,-0.600568,-0.898533,-1.24885,364.292,528.313,307.476,562.401,11879.7,31409.1,-0.000632793,0.0881564,-0.127955,-0.19517
31,28,24,107,-1.11032,-0.600568,-0.898533,-1.24944,364.292,529.41,314.105,562.401,11425.7,27653.9,-0.000632793,0.0752612,-0.121716,-0.162086
31,28,24,78,-1.11032,-0.600568,-0.898533,-1.41039,364.292,515.737,308.29,562.401,16471.5,31300.3,-0.000632793,0.0903716,-0.168892,0.0982729
31,28,91,74,-1.11032,-0.600568,-1.01565,0,364.292,509.262,355.37,564.324,19777.7,5003.21,-0.000318676,-2.8044e-05,-0.0912136,-0.00944278
31,28,91,71,-1.11032,-0.600568,-1.01565,-0.588487,364.292,509.389,354.036,564.324,19703.5,5753.62,-0.000318676,0.00257859,-0.0912136,0.000244625
31,28,91,94,-1.11032,-0.600568,-1.01565,-1.24885,364.292,528.313,307.714,564.324,12583.4,31423.4,-0.000318676,0.0881564,-0.050331,-0.201403
31,28,91,107,-1.11032,-0.600568,-1.01565,-1.24944,364.292,529.41,314.332,564.324,12129.4,27655.1,-0.000318676,0.0752612,-0.0439651,-0.168192
31,28,91,78,-1.11032,-0.600568,-1.01565,-1.41039,364.292,515.737,308.606,564.324,17175.1,31316.5,-0.000318676,0.0903716,-0.0912136,0.0920945
31,28,84,74,-1.11032,-0.600568,-1.07895,0,364.292,509.262,355.339,564.322,19776,5018.64,-0.00037244,-2.8044e-05,-0.00231927,-0.00944274
31,28,84,71,-1.11032,-0.600568,-1.07895,-0.588487,364.292,509.389,354.006,564.322,19701.8,5769.05,-0.00037244,0.00257859,-0.00231928,0.00024467
31,28,84,94,-1.11032,-0.600568,-1.07895,-1.24885,364.292,528.313,307.684,564.322,12581.7,31439.3,-0.00037244,0.0881564,0.0385673,-0.201398
31,28,84,107,-1.11032,-0.600568,-1.07895,-1.24944,364.292,529.41,314.301,564.322,12127.7,27671,-0.00037244,0.0752612,0.0449338,-0.168187
31,28,84,78,-1.11032,-0.600568,-1.07895,-1.41039,364.292,515.737,308.576,564.322,17173.4,31331.9,-0.00037244,0.0903716,-0.0023193,0.0920946
31,59,20,74,-1.11032,-0.901343,-0.0236099,0,370.824,457.734,368.514,565.476,39410.3,-1569.19,0.162037,0.171871,0.0277342,-0.00973625
31,59,20,71,-1.11032,-0.901343,-0.0236099,-0.588487,370.824,457.861,367.18,565.476,39267.7,-818.776,0.162037,0.174772,0.0277342,0.000244662
31,59,20,94,-1.11032,-0.901343,-0.0236099,-1.24885,370.824,476.993,320.848,565.476,29820.8,24685.7,0.162037,0.269583,0.0669424,-0.193843
31,59,20,107,-1.11032,-0.901343,-0.0236099,-1.24944,370.824,478.032,327.462,565.476,29712.6,20887.5,0.162037,0.255282,0.0730869,-0.16226
31,59,20,78,-1.11032,-0.901343,-0.0236099,-1.41039,370.824,464.429,321.75,565.476,34409.3,24744.1,0.162037,0.272293,0.0277342,0.101823
31,59,17,74,-1.11032,-0.901343,-0.0727499,0,370.824,457.734,368.314,562.413,38302.2,-1602.58,0.1622,0.171871,-0.0473458,-0.00143685
31,59,17,71,-1.11032,-0.901343,-0.0727499,-0.588487,370.824,457.861,366.98,562.413,38159.6,-856.243,0.1622,0.174772,-0.0473156,0.00857422
31,59,17,94,-1.11032,-0.901343,-0.0727499,-1.24885,370.824,476.993,320.77,562.413,28712.7,24508.6,0.1622,0.269583,-0.00688877,-0.184295
31,59,17,107,-1.11032,-0.901343,-0.0727499,-1.24944,370.824,478.032,327.402,562.413,28604.5,20730.8,0.1622,0.255282,-0.000936136,-0.152903
31,59,17,78,-1.11032,-0.901343,-0.0727499,-1.41039,370.824,464.429,321.552,562.413,33301.2,24567.8,0.1622,0.272293,-0.0461388,0.111329
31,59,24,74,-1.11032,-0.901343,-0.898533,0,370.824,457.734,355.052,562.401,37293.9,4486.96,0.138544,0.171871,-0.169705,-0.00437166
31,59,24,71,-1.11032,-0.901343,-0.898533,-0.588487,370.824,457.861,353.719,562.401,37151.2,5234.83,0.138544,0.174772,-0.169685,0.00562947
31,59,24,94,-1.11032,-0.901343,-0.898533,-1.24885,370.824,476.993,307.476,562.401,27704.3,30820,0.138544,0.269583,-0.127955,-0.185937
31,59,24,107,-1.11032,-0.901343,-0.898533,-1.24944,370.824,478.032,314.105,562.401,27596.1,27064.8,0.138544,0.255282,-0.121716,-0.154258
31,59,24,78,-1.11032,-0.901343,-0.898533,-1.41039,370.824,464.429,308.29,562.401,32292.8,30711.2,0.138544,0.272293,-0.168892,0.108001
31,59,91,74,-1.11032,-0.901343,-1.01565,0,370.824,457.734,355.37,564.324,38004.6,4421.19,0.138859,0.171871,-0.0912136,-0.00973628
31,59,91,71,-1.11032,-0.901343,-1.01565,-0.588487,370.824,457.861,354.036,564.324,37862,5171.6,0.138859,0.174772,-0.0912136,0.000244625
31,59,91,94,-1.11032,-0.901343,-1.01565,-1.24885,370.824,476.993,307.714,564.324,28415.1,30841.4,0.138859,0.269583,-0.050331,-0.192169
31,59,91,107,-1.11032,-0.901343,-1.01565,-1.24944,370.824,478.032,314.332,564.324,28306.9,27073.1,0.138859,0.255282,-0.0439651,-0.160364
31,59,91,78,-1.11032,-0.901343,-1.01565,-1.41039,370.824,464.429,308.606,564.324,33003.6,30734.5,0.138859,0.272293,-0.0912136,0.101823
31,59,84,74,-1.11032,-0.901343,-1.07895,0,370.824,457.734,355.339,564.322,38001.4,4435.05,0.138805,0.171871,-0.00231927,-0.00973623
31,59,84,71,-1.11032,-0.901343,-1.07895,-0.588487,370.824,457.861,354.006,564.322,37858.8,5185.47,0.138805,0.174772,-0.00231928,0.00024467
31,59,84,94,-1.11032,-0.901343,-1.07895,-1.24885,370.824,476.993,307.684,564.322,28411.8,30855.7,0.138805,0.269583,0.0385673,-0.192165
31,59,84,107,-1.11032,-0.901343,-1.07895,-1.24944,370.824,478.032,314.301,564.322,28303.7,27087.4,0.138805,0.255282,0.0449338,-0.160359
31,59,84,78,-1.11032,-0.901343,-1.07895,-1.41039,370.824,464.429,308.576,564.322,33000.3,30748.3,0.138805,0.272293,-0.0023193,0.101823
31,10,20,74,-1.11032,-0.979941,-0.0236099,0,362.764,507.896,368.514,565.476,20956,-2570.36,0.0268945,-0.272524,0.0277342,-0.0126235
31,10,20,71,-1.11032,-0.979941,-0.0236099,-0.588487,362.764,508.018,367.18,565.476,20880.2,-1819.94,0.0268945,-0.26991,0.0277342,-0.00292821
31,10,20,94,-1.11032,-0.979941,-0.0236099,-1.24885,362.764,526.808,320.848,565.476,13725.4,23684.6,0.0268945,-0.183985,0.0669424,-0.205903
31,10,20,107,-1.11032,-0.979941,-0.0236099,-1.24944,362.764,527.925,327.462,565.476,13283.3,19886.4,0.0268945,-0.19691,0.0730869,-0.172944
31,10,20,78,-1.11032,-0.979941,-0.0236099,-1.41039,362.764,514.229,321.75,565.476,18296.8,23742.9,0.0268945,-0.181832,0.0277342,0.0892062
31,10,17,74,-1.11032,-0.979941,-0.0727499,0,362.764,507.896,368.314,562.413,19848.8,-2602.92,0.0270574,-0.272524,-0.0473458,-0.0043241
31,10,17,71,-1.11032,-0.979941,-0.0727499,-0.588487,362.764,508.018,366.98,562.413,19772.9,-1856.58,0.0270574,-0.26991,-0.0473156,0.00540134
31,10,17,94,-1.11032,-0.979941,-0.0727499,-1.24885,362.764,526.808,320.77,562.413,12618.2,23508.2,0.0270574,-0.183985,-0.00688877,-0.196354
31,10,17,107,-1.11032,-0.979941,-0.0727499,-1.24944,362.764,527.925,327.402,562.413,12176,19730.5,0.0270574,-0.19691,-0.000936136,-0.163587
31,10,17,78,-1.11032,-0.979941,-0.0727499,-1.41039,362.764,514.229,321.552,562.413,17189.5,23567.4,0.0270574,-0.181832,-0.0461388,0.0987126
31,10,24,74,-1.11032,-0.979941,-0.898533,0,362.764,507.896,355.052,562.401,19507.8,4154.05,0.00340149,-0.272524,-0.169705,-0.00725891
31,10,24,71,-1.11032,-0.979941,-0.898533,-0.588487,362.764,508.018,353.719,562.401,19432,4901.92,0.00340149,-0.26991,-0.169685,0.0024566
31,10,24,94,-1.11032,-0.979941,-0.898533,-1.24885,362.764,526.808,307.476,562.401,12277.2,30487.1,0.00340149,-0.183985,-0.127955,-0.197996
31,10,24,107,-1.11032,-0.979941,-0.898533,-1.24944,362.764,527.925,314.105,562.401,11835.1,26731.9,0.00340149,-0.19691,-0.121716,-0.164942
31,10,24,78,-1.11032,-0.979941,-0.898533,-1.41039,362.764,514.229,308.29,562.401,16848.5,30378.3,0.00340149,-0.181832,-0.168892,0.0953846
31,10,91,74,-1.11032,-0.979941,-1.01565,0,362.764,507.896,355.37,564.324,20208.6,4078.25,0.0037156,-0.272524,-0.0912136,-0.0126235
31,10,91,71,-1.11032,-0.979941,-1.01565,-0.588487,362.764,508.018,354.036,564.324,20132.7,4828.66,0.0037156,-0.26991,-0.0912136,-0.00292825
31,10,91,94,-1.11032,-0.979941,-1.01565,-1.24885,362.764,526.808,307.714,564.324,12978,30498.5,0.0037156,-0.183985,-0.050331,-0.204228
31,10,91,107,-1.11032,-0.979941,-1.01565,-1.24944,362.764,527.925,314.332,564.324,12535.8,26730.1,0.0037156,-0.19691,-0.0439651,-0.171048
31,10,91,78,-1.11032,-0.979941,-1.01565,-1.41039,362.764,514.229,308.606,564.324,17549.3,30391.5,0.0037156,-0.181832,-0.0912136,0.0892062
31,10,84,74,-1.11032,-0.979941,-1.07895,0,362.764,507.896,355.339,564.322,20206.8,4093.64,0.00366184,-0.272524,-0.00231927,-0.0126235
31,10,84,71,-1.11032,-0.979941,-1.07895,-0.588487,362.764,508.018,354.006,564.322,20131,4844.05,0.00366184,-0.26991,-0.00231928,-0.0029282
31,10,84,94,-1.11032,-0.979941,-1.07895,-1.24885,362.764,526.808,307.684,564.322,12976.2,30514.3,0.00366184,-0.183985,0.0385673,-0.204224
31,10,84,107,-1.11032,-0.979941,-1.07895,-1.24944,362.764,527.925,314.301,564.322,12534.1,26746,0.00366184,-0.19691,0.0449338,-0.171043
31,10,84,78,-1.11032,-0.979941,-1.07895,-1.41039,362.764,514.229,308.576,564.322,17547.6,30406.9,0.00366184,-0.181832,-0.0023193,0.0892063
34,25,20,74,-1.52918,-0.0304592,-0.0236099,0,335.44,509.367,368.514,564.66,18884.9,-16424,0.0747247,0.0513413,0.0757715,-0.0127707
34,25,20,71,-1.52918,-0.0304592,-0.0236099,-0.588487,335.44,509.489,367.18,564.66,18816.5,-15679.1,0.0747247,0.0539481,0.0757715,-0.00308307
34,25,20,94,-1.52918,-0.0304592,-0.0236099,-1.24885,335.44,528.267,320.848,564.66,12260.3,9294.66,0.0747247,0.13964,0.11498,-0.20629
34,25,20,107,-1.52918,-0.0304592,-0.0236099,-1.24944,335.44,529.386,327.462,564.66,11842.3,5462.62,0.0747247,0.126751,0.121124,-0.173295
34,25,20,78,-1.52918,-0.0304592,-0.0236099,-1.41039,335.44,515.687,321.75,564.66,16488.4,9695.27,0.0747247,0.141777,0.0757715,0.0888031
34,25,17,74,-1.52918,-0.0304592,-0.0727499,0,335.44,509.367,368.314,561.606,17860.6,-16456.4,0.0751493,0.0513413,0.000953533,-0.00447132
34,25,17,71,-1.52918,-0.0304592,-0.0727499,-0.588487,335.44,509.489,366.98,561.606,17792.3,-15715.6,0.0751493,0.0539481,0.000983685,0.00524649
34,25,17,94,-1.52918,-0.0304592,-0.0727499,-1.24885,335.44,528.267,320.77,561.606,11236.1,9118.45,0.0751493,0.13964,0.0414105,-0.196742
34,25,17,107,-1.52918,-0.0304592,-0.0727499,-1.24944,335.44,529.386,327.402,561.606,10818.1,5306.84,0.0751493,0.126751,0.0473632,-0.163939
34,25,17,78,-1.52918,-0.0304592,-0.0727499,-1.41039,335.44,515.687,321.552,561.606,15464.2,9519.91,0.0751493,0.141777,0.00216047,0.0983094
34,25,24,74,-1.52918,-0.0304592,-0.898533,0,335.44,509.367,355.052,560.951,17563.3,-9679.89,0.0514745,0.0513413,-0.121425,-0.00740613
34,25,24,71,-1.52918,-0.0304592,-0.898533,-0.588487,335.44,509.489,353.719,560.951,17495,-8937.55,0.0514745,0.0539481,-0.121405,0.00230175
34,25,24,94,-1.52918,-0.0304592,-0.898533,-1.24885,335.44,528.267,307.476,560.951,10938.8,16116.9,0.0514745,0.13964,-0.0796746,-0.198384
34,25,24,107,-1.52918,-0.0304592,-0.898533,-1.24944,335.44,529.386,314.105,560.951,10520.8,12327.8,0.0514745,0.126751,-0.0734354,-0.165293
34,25,24,78,-1.52918,-0.0304592,-0.898533,-1.41039,335.44,515.687,308.29,560.951,15166.9,16350.3,0.0514745,0.141777,-0.120611,0.0949814
34,25,91,74,-1.52918,-0.0304592,-1.01565,0,335.44,509.367,355.37,562.881,18211.3,-9756.06,0.0516243,0.0513413,-0.0430977,-0.0127707
34,25,91,71,-1.52918,-0.0304592,-1.01565,-0.588487,335.44,509.489,354.036,562.881,18142.9,-9011.18,0.0516243,0.0539481,-0.0430977,-0.0030831
34,25,91,94,-1.52918,-0.0304592,-1.01565,-1.24885,335.44,528.267,307.714,562.881,11586.8,16127.9,0.0516243,0.13964,-0.00221518,-0.204616
34,25,91,107,-1.52918,-0.0304592,-1.01565,-1.24944,335.44,529.386,314.332,562.881,11168.7,12325.7,0.0516243,0.126751,0.00415079,-0.171399
34,25,91,78,-1.52918,-0.0304592,-1.01565,-1.41039,335.44,515.687,308.606,562.881,15814.8,16363.2,0.0516243,0.141777,-0.0430977,0.088803
34,25,84,74,-1.52918,-0.0304592,-1.07895,0,335.44,509.367,355.339,562.877,18209.7,-9740.63,0.0515704,0.0513413,0.0457966,-0.0127707
34,25,84,71,-1.52918,-0.0304592,-1.07895,-0.588487,335.44,509.489,354.006,562.877,18141.4,-8995.74,0.0515704,0.0539481,0.0457966,-0.00308306
34,25,84,94,-1.52918,-0.0304592,-1.07895,-1.24885,335.44,528.267,307.684,562.877,11585.2,16143.7,0.0515704,0.13964,0.0866832,-0.204612
34,25,84,107,-1.52918,-0.0304592,-1.07895,-1.24944,335.44,529.386,314.301,562.877,11167.2,12341.6,0.0515704,0.126751,0.0930497,-0.171394
34,25,84,78,-1.52918,-0.0304592,-1.07895,-1.41039,335.44,515.687,308.576,562.877,15813.3,16378.7,0.0515704,0.141777,0.0457966,0.0888031
34,60,20,74,-1.52918,-0.513329,-0.0236099,0,261.441,467.668,368.514,564.66,34156.4,-61605.2,0.283756,0.0773365,0.0757715,-0.191094
34,60,20,71,-1.52918,-0.513329,-0.0236099,-0.588487,261.441,467.552,367.18,564.66,34032.8,-60860.3,0.283756,0.080178,0.0757715,-0.181172
34,60,20,94,-1.52918,-0.513329,-0.0236099,-1.24885,261.441,478.479,320.848,564.66,26641.1,-35886.5,0.283756,0.179575,0.11498,-0.370674
34,60,20,107,-1.52918,-0.513329,-0.0236099,-1.24944,261.441,480.7,327.462,564.66,26690.9,-39718.5,0.283756,0.165937,0.121124,-0.338427
34,60,20,78,-1.52918,-0.513329,-0.0236099,-1.41039,261.441,465.888,321.75,564.66,29822.1,-35485.9,0.283756,0.177489,0.0757715,-0.0798033
34,60,17,74,-1.52918,-0.513329,-0.0727499,0,261.441,467.668,368.314,561.606,33389.5,-61380.3,0.284181,0.0773365,0.000953533,-0.182794
34,60,17,71,-1.52918,-0.513329,-0.0727499,-0.588487,261.441,467.552,366.98,561.606,33265.9,-60639.5,0.284181,0.080178,0.000983685,-0.172842
34,60,17,94,-1.52918,-0.513329,-0.0727499,-1.24885,261.441,478.479,320.77,561.606,25874.1,-35805.4,0.284181,0.179575,0.0414105,-0.361126
34,60,17,107,-1.52918,-0.513329,-0.0727499,-1.24944,261.441,480.7,327.402,561.606,25924,-39617.1,0.284181,0.165937,0.0473632,-0.32907
34,60,17,78,-1.52918,-0.513329,-0.0727499,-1.41039,261.441,465.888,321.552,561.606,29055.1,-35404,0.284181,0.177489,0.00216047,-0.070297
34,60,24,74,-1.52918,-0.513329,-0.898533,0,261.441,467.668,355.052,560.951,32442.6,-55253.3,0.260506,0.0773365,-0.121425,-0.185729
34,60,24,71,-1.52918,-0.513329,-0.898533,-0.588487,261.441,467.552,353.719,560.951,32319,-54511,0.260506,0.080178,-0.121405,-0.175787
34,60,24,94,-1.52918,-0.513329,-0.898533,-1.24885,261.441,478.479,307.476,560.951,24927.3,-29456.5,0.260506,0.179575,-0.0796746,-0.362767
34,60,24,107,-1.52918,-0.513329,-0.898533,-1.24944,261.441,480.7,314.105,560.951,24977.1,-33245.6,0.260506,0.165937,-0.0734354,-0.330425
34,60,24,78,-1.52918,-0.513329,-0.898533,-1.41039,261.441,465.888,308.29,560.951,28108.3,-29223.1,0.260506,0.177489,-0.120611,-0.073625
34,60,91,74,-1.52918,-0.513329,-1.01565,0,261.441,467.668,355.37,562.881,32938.2,-55481.9,0.260656,0.0773365,-0.0430977,-0.191094
34,60,91,71,-1.52918,-0.513329,-1.01565,-0.588487,261.441,467.552,354.036,562.881,32814.5,-54737,0.260656,0.080178,-0.0430977,-0.181172
34,60,91,94,-1.52918,-0.513329,-1.01565,-1.24885,261.441,478.479,307.714,562.881,25422.8,-29597.9,0.260656,0.179575,-0.00221518,-0.369
34,60,91,107,-1.52918,-0.513329,-1.01565,-1.24944,261.441,480.7,314.332,562.881,25472.6,-33400.1,0.260656,0.165937,0.00415079,-0.336531
34,60,91,78,-1.52918,-0.513329,-1.01565,-1.41039,261.441,465.888,308.606,562.881,28603.8,-29362.6,0.260656,0.177489,-0.0430977,-0.0798034
34,60,84,74,-1.52918,-0.513329,-1.07895,0,261.441,467.668,355.339,562.877,32935.3,-55467.7,0.260602,0.0773365,0.0457966,-0.191094
34,60,84,71,-1.52918,-0.513329,-1.07895,-0.588487,261.441,467.552,354.006,562.877,32811.7,-54722.9,0.260602,0.080178,0.0457966,-0.181172
34,60,84,94,-1.52918,-0.513329,-1.07895,-1.24885,261.441,478.479,307.684,562.877,25419.9,-29583.4,0.260602,0.179575,0.0866832,-0.368996
34,60,84,107,-1.52918,-0.513329,-1.07895,-1.24944,261.441,480.7,314.301,562.877,25469.8,-33385.5,0.260602,0.165937,0.0930497,-0.336526
34,60,84,78,-1.52918,-0.513329,-1.07895,-1.41039,261.441,465.888,308.576,562.877,28601,-29348.5,0.260602,0.177489,0.0457966,-0.0798033
34,28,20,74,-1.52918,-0.600568,-0.0236099,0,337.138,509.262,368.514,564.66,18980.5,-15465.1,0.0747247,-2.80365e-05,0.0757715,-0.00944275
34,28,20,71,-1.52918,-0.600568,-0.0236099,-0.588487,337.138,509.389,367.18,564.66,18911.8,-14720.2,0.0747247,0.00257859,0.0757715,0.000244662
34,28,20,94,-1.52918,-0.600568,-0.0236099,-1.24885,337.138,528.313,320.848,564.66,12322.4,10253.5,0.0747247,0.0881564,0.11498,-0.203077
34,28,20,107,-1.52918,-0.600568,-0.0236099,-1.24944,337.138,529.41,327.462,564.66,11902.3,6421.51,0.0747247,0.0752612,0.121124,-0.170087
34,28,20,78,-1.52918,-0.600568,-0.0236099,-1.41039,337.138,515.737,321.75,564.66,16571.9,10654.2,0.0747247,0.0903716,0.0757715,0.0920946
34,28,17,74,-1.52918,-0.600568,-0.0727499,0,337.138,509.262,368.314,561.606,17951.1,-15502.7,0.0751493,-2.80365e-05,0.000953533,-0.00114336
34,28,17,71,-1.52918,-0.600568,-0.0727499,-0.588487,337.138,509.389,366.98,561.606,17882.4,-14761.9,0.0751493,0.00257859,0.000983685,0.00857422
34,28,17,94,-1.52918,-0.600568,-0.0727499,-1.24885,337.138,528.313,320.77,561.606,11293,10072.2,0.0751493,0.0881564,0.0414105,-0.193529
34,28,17,107,-1.52918,-0.600568,-0.0727499,-1.24944,337.138,529.41,327.402,561.606,10872.9,6260.55,0.0751493,0.0752612,0.0473632,-0.160731
34,28,17,78,-1.52918,-0.600568,-0.0727499,-1.41039,337.138,515.737,321.552,561.606,15542.5,10473.6,0.0751493,0.0903716,0.00216047,0.101601
34,28,24,74,-1.52918,-0.600568,-0.898533,0,337.138,509.262,355.052,560.951,17652.3,-8727.69,0.0514745,-2.80365e-05,-0.121425,-0.00407816
34,28,24,71,-1.52918,-0.600568,-0.898533,-0.588487,337.138,509.389,353.719,560.951,17583.6,-7985.35,0.0514745,0.00257859,-0.121405,0.00562947
34,28,24,94,-1.52918,-0.600568,-0.898533,-1.24885,337.138,528.313,307.476,560.951,10994.2,17069.1,0.0514745,0.0881564,-0.0796746,-0.19517
34,28,24,107,-1.52918,-0.600568,-0.898533,-1.24944,337.138,529.41,314.105,560.951,10574,13280,0.0514745,0.0752612,-0.0734354,-0.162086
34,28,24,78,-1.52918,-0.600568,-0.898533,-1.41039,337.138,515.737,308.29,560.951,15243.7,17302.5,0.0514745,0.0903716,-0.120611,0.0982729
34,28,91,74,-1.52918,-0.600568,-1.01565,0,337.138,509.262,355.37,562.881,18303.5,-8800.58,0.0516243,-2.80365e-05,-0.0430977,-0.00944278
34,28,91,71,-1.52918,-0.600568,-1.01565,-0.588487,337.138,509.389,354.036,562.881,18234.8,-8055.69,0.0516243,0.00257859,-0.0430977,0.000244625
34,28,91,94,-1.52918,-0.600568,-1.01565,-1.24885,337.138,528.313,307.714,562.881,11645.4,17083.4,0.0516243,0.0881564,-0.00221518,-0.201403
34,28,91,107,-1.52918,-0.600568,-1.01565,-1.24944,337.138,529.41,314.332,562.881,11225.3,13281.2,0.0516243,0.0752612,0.00415079,-0.168192
34,28,91,78,-1.52918,-0.600568,-1.01565,-1.41039,337.138,515.737,308.606,562.881,15894.9,17318.7,0.0516243,0.0903716,-0.0430977,0.0920945
34,28,84,74,-1.52918,-0.600568,-1.07895,0,337.138,509.262,355.339,562.877,18301.9,-8785.15,0.0515704,-2.80365e-05,0.0457966,-0.00944274
34,28,84,71,-1.52918,-0.600568,-1.07895,-0.588487,337.138,509.389,354.006,562.877,18233.2,-8040.27,0.0515704,0.00257859,0.0457966,0.00024467
34,28,84,94,-1.52918,-0.600568,-1.07895,-1.24885,337.138,528.313,307.684,562.877,11643.8,17099.2,0.0515704,0.0881564,0.0866832,-0.201398
34,28,84,107,-1.52918,-0.600568,-1.07895,-1.24944,337.138,529.41,314.301,562.877,11223.7,13297.1,0.0515704,0.0752612,0.0930497,-0.168187
34,28,84,78,-1.52918,-0.600568,-1.07895,-1.41039,337.138,515.737,308.576,562.877,15893.3,17334.1,0.0515704,0.0903716,0.0457966,0.0920946
34,59,20,74,-1.52918,-0.901343,-0.0236099,0,343.954,457.734,368.514,564.66,37881.6,-13976.1,0.224854,0.182824,0.0757715,-0.00973625
34,59,20,71,-1.52918,-0.901343,-0.0236099,-0.588487,343.954,457.861,367.18,564.66,37744.5,-13231.2,0.224854,0.185724,0.0757715,0.000244662
34,59,20,94,-1.52918,-0.901343,-0.0236099,-1.24885,343.954,476.993,320.848,564.66,28828.3,11742.6,0.224854,0.280535,0.11498,-0.193843
34,59,20,107,-1.52918,-0.901343,-0.0236099,-1.24944,343.954,478.032,327.462,564.66,28754,7910.56,0.224854,0.266234,0.121124,-0.16226
34,59,20,78,-1.52918,-0.901343,-0.0236099,-1.41039,343.954,464.429,321.75,564.66,33074.5,12143.2,0.224854,0.283245,0.0757715,0.101823
34,59,17,74,-1.52918,-0.901343,-0.0727499,0,343.954,457.734,368.314,561.606,36856.4,-14009.5,0.225279,0.182824,0.000953533,-0.00143685
34,59,17,71,-1.52918,-0.901343,-0.0727499,-0.588487,343.954,457.861,366.98,561.606,36719.3,-13268.7,0.225279,0.185724,0.000983685,0.00857422
34,59,17,94,-1.52918,-0.901343,-0.0727499,-1.24885,343.954,476.993,320.77,561.606,27803.1,11565.4,0.225279,0.280535,0.0414105,-0.184295
34,59,17,107,-1.52918,-0.901343,-0.0727499,-1.24944,343.954,478.032,327.402,561.606,27728.8,7753.81,0.225279,0.266234,0.0473632,-0.152903
34,59,17,78,-1.52918,-0.901343,-0.0727499,-1.41039,343.954,464.429,321.552,561.606,32049.3,11966.9,0.225279,0.283245,0.00216047,0.111329
34,59,24,74,-1.52918,-0.901343,-0.898533,0,343.954,457.734,355.052,560.951,35872.1,-7919.92,0.201604,0.182824,-0.121425,-0.00437166
34,59,24,71,-1.52918,-0.901343,-0.898533,-0.588487,343.954,457.861,353.719,560.951,35735,-7177.58,0.201604,0.185724,-0.121405,0.00562947
34,59,24,94,-1.52918,-0.901343,-0.898533,-1.24885,343.954,476.993,307.476,560.951,26818.8,17876.9,0.201604,0.280535,-0.0796746,-0.185937
34,59,24,107,-1.52918,-0.901343,-0.898533,-1.24944,343.954,478.032,314.105,560.951,26744.5,14087.8,0.201604,0.266234,-0.0734354,-0.154258
34,59,24,78,-1.52918,-0.901343,-0.898533,-1.41039,343.954,464.429,308.29,560.951,31065,18110.3,0.201604,0.283245,-0.120611,0.108001
34,59,91,74,-1.52918,-0.901343,-1.01565,0,343.954,457.734,355.37,562.881,36530.4,-7985.69,0.201754,0.182824,-0.0430977,-0.00973628
34,59,91,71,-1.52918,-0.901343,-1.01565,-0.588487,343.954,457.861,354.036,562.881,36393.3,-7240.81,0.201754,0.185724,-0.0430977,0.000244625
34,59,91,94,-1.52918,-0.901343,-1.01565,-1.24885,343.954,476.993,307.714,562.881,27477.1,17898.3,0.201754,0.280535,-0.00221518,-0.192169
34,59,91,107,-1.52918,-0.901343,-1.01565,-1.24944,343.954,478.032,314.332,562.881,27402.8,14096.1,0.201754,0.266234,0.00415079,-0.160364
34,59,91,78,-1.52918,-0.901343,-1.01565,-1.41039,343.954,464.429,308.606,562.881,31723.4,18133.6,0.201754,0.283245,-0.0430977,0.101823
34,59,84,74,-1.52918,-0.901343,-1.07895,0,343.954,457.734,355.339,562.877,36527.3,-7971.83,0.2017,0.182824,0.0457966,-0.00973623
34,59,84,71,-1.52918,-0.901343,-1.07895,-0.588487,343.954,457.861,354.006,562.877,36390.2,-7226.94,0.2017,0.185724,0.0457966,0.00024467
34,59,84,94,-1.52918,-0.901343,-1.07895,-1.24885,343.954,476.993,307.684,562.877,27474,17912.5,0.2017,0.280535,0.0866832,-0.192165
34,59,84,107,-1.52918,-0.901343,-1.07895,-1.24944,343.954,478.032,314.301,562.877,27399.7,14110.4,0.2017,0.266234,0.0930497,-0.160359
34,59,84,78,-1.52918,-0.901343,-1.07895,-1.41039,343.954,464.429,308.576,562.877,31720.2,18147.5,0.2017,0.283245,0.0457966,0.101823
34,10,20,74,-1.52918,-0.979941,-0.0236099,0,335.61,507.896,368.514,564.66,19427.3,-16334.4,0.0790853,-0.272198,0.0757715,-0.0126235
34,10,20,71,-1.52918,-0.979941,-0.0236099,-0.588487,335.61,508.018,367.18,564.66,19357,-15589.5,0.0790853,-0.269583,0.0757715,-0.00292821
34,10,20,94,-1.52918,-0.979941,-0.0236099,-1.24885,335.61,526.808,320.848,564.66,12733,9384.26,0.0790853,-0.183658,0.11498,-0.205903
34,10,20,107,-1.52918,-0.979941,-0.0236099,-1.24944,335.61,527.925,327.462,564.66,12324.7,5552.23,0.0790853,-0.196584,0.121124,-0.172944
34,10,20,78,-1.52918,-0.979941,-0.0236099,-1.41039,335.61,514.229,321.75,564.66,16962,9784.88,0.0790853,-0.181506,0.0757715,0.0892062
34,10,17,74,-1.52918,-0.979941,-0.0727499,0,335.61,507.896,368.314,561.606,18402.9,-16367,0.07951,-0.272198,0.000953533,-0.0043241
34,10,17,71,-1.52918,-0.979941,-0.0727499,-0.588487,335.61,508.018,366.98,561.606,18332.6,-15626.2,0.07951,-0.269583,0.000983685,0.00540134
34,10,17,94,-1.52918,-0.979941,-0.0727499,-1.24885,335.61,526.808,320.77,561.606,11708.6,9207.92,0.07951,-0.183658,0.0414105,-0.196354
34,10,17,107,-1.52918,-0.979941,-0.0727499,-1.24944,335.61,527.925,327.402,561.606,11300.3,5396.31,0.07951,-0.196584,0.0473632,-0.163587
34,10,17,78,-1.52918,-0.979941,-0.0727499,-1.41039,335.61,514.229,321.552,561.606,15937.7,9609.38,0.07951,-0.181506,0.00216047,0.0987126
34,10,24,74,-1.52918,-0.979941,-0.898533,0,335.61,507.896,355.052,560.951,18086,-9610,0.0558352,-0.272198,-0.121425,-0.00725891
34,10,24,71,-1.52918,-0.979941,-0.898533,-0.588487,335.61,508.018,353.719,560.951,18015.7,-8867.66,0.0558352,-0.269583,-0.121405,0.0024566
34,10,24,94,-1.52918,-0.979941,-0.898533,-1.24885,335.61,526.808,307.476,560.951,11391.7,16186.8,0.0558352,-0.183658,-0.0796746,-0.197996
34,10,24,107,-1.52918,-0.979941,-0.898533,-1.24944,335.61,527.925,314.105,560.951,10983.4,12397.7,0.0558352,-0.196584,-0.0734354,-0.164942
34,10,24,78,-1.52918,-0.979941,-0.898533,-1.41039,335.61,514.229,308.29,560.951,15620.8,16420.2,0.0558352,-0.181506,-0.120611,0.0953846
34,10,91,74,-1.52918,-0.979941,-1.01565,0,335.61,507.896,355.37,562.881,18734.3,-9685.8,0.055985,-0.272198,-0.0430977,-0.0126235
34,10,91,71,-1.52918,-0.979941,-1.01565,-0.588487,335.61,508.018,354.036,562.881,18664,-8940.92,0.055985,-0.269583,-0.0430977,-0.00292825
34,10,91,94,-1.52918,-0.979941,-1.01565,-1.24885,335.61,526.808,307.714,562.881,12040,16198.2,0.055985,-0.183658,-0.00221518,-0.204228
34,10,91,107,-1.52918,-0.979941,-1.01565,-1.24944,335.61,527.925,314.332,562.881,11631.7,12396,0.055985,-0.196584,0.00415079,-0.171048
34,10,91,78,-1.52918,-0.979941,-1.01565,-1.41039,335.61,514.229,308.606,562.881,16269.1,16433.5,0.055985,-0.181506,-0.0430977,0.0892062
34,10,84,74,-1.52918,-0.979941,-1.07895,0,335.61,507.896,355.339,562.877,18732.7,-9670.41,0.0559311,-0.272198,0.0457966,-0.0126235
34,10,84,71,-1.52918,-0.979941,-1.07895,-0.588487,335.61,508.018,354.006,562.877,18662.4,-8925.53,0.0559311,-0.269583,0.0457966,-0.0029282
34,10,84,94,-1.52918,-0.979941,-1.07895,-1.24885,335.61,526.808,307.684,562.877,12038.4,16214,0.0559311,-0.183658,0.0866832,-0.204224
34,10,84,107,-1.52918,-0.979941,-1.07895,-1.24944,335.61,527.925,314.301,562.877,11630.1,12411.8,0.0559311,-0.196584,0.0930497,-0.171043
34,10,84,78,-1.52918,-0.979941,-1.07895,-1.41039,335.61,514.229,308.576,562.877,16267.5,16448.9,0.0559311,-0.181506,0.0457966,0.0892063
27,25,20,74,-1.64679,-0.0304592,-0.0236099,0,335.516,509.367,368.514,564.661,18889.2,-16385,0.0706112,0.0513413,0.0756356,-0.0127707
27,25,20,71,-1.64679,-0.0304592,-0.0236099,-0.588487,335.516,509.489,367.18,564.661,18820.8,-15640.1,0.0706112,0.0539481,0.0756356,-0.00308307
27,25,20,94,-1.64679,-0.0304592,-0.0236099,-1.24885,335.516,528.267,320.848,564.661,12263.1,9335.18,0.0706112,0.13964,0.114844,-0.20629
27,25,20,107,-1.64679,-0.0304592,-0.0236099,-1.24944,335.516,529.386,327.462,564.661,11845,5503.24,0.0706112,0.126751,0.120988,-0.173295
27,25,20,78,-1.64679,-0.0304592,-0.0236099,-1.41039,335.516,515.687,321.75,564.661,16492.2,9734.83,0.0706112,0.141777,0.0756356,0.0888031
27,25,17,74,-1.64679,-0.0304592,-0.0727499,0,335.516,509.367,368.314,561.606,17864.7,-16417.4,0.0710351,0.0513413,0.00081668,-0.00447132
27,25,17,71,-1.64679,-0.0304592,-0.0727499,-0.588487,335.516,509.489,366.98,561.606,17796.4,-15676.6,0.0710351,0.0539481,0.000846833,0.00524649
27,25,17,94,-1.64679,-0.0304592,-0.0727499,-1.24885,335.516,528.267,320.77,561.606,11238.7,9158.97,0.0710351,0.13964,0.0412737,-0.196742
27,25,17,107,-1.64679,-0.0304592,-0.0727499,-1.24944,335.516,529.386,327.402,561.606,10820.6,5347.46,0.0710351,0.126751,0.0472263,-0.163939
27,25,17,78,-1.64679,-0.0304592,-0.0727499,-1.41039,335.516,515.687,321.552,561.606,15467.7,9559.46,0.0710351,0.141777,0.00202362,0.0983094
27,25,24,74,-1.64679,-0.0304592,-0.898533,0,335.516,509.367,355.052,560.953,17567.4,-9640.89,0.0473604,0.0513413,-0.121562,-0.00740613
27,25,24,71,-1.64679,-0.0304592,-0.898533,-0.588487,335.516,509.489,353.719,560.953,17499,-8898.53,0.0473604,0.0539481,-0.121541,0.00230175
27,25,24,94,-1.64679,-0.0304592,-0.898533,-1.24885,335.516,528.267,307.476,560.953,10941.3,16157.4,0.0473604,0.13964,-0.0798113,-0.198384
27,25,24,107,-1.64679,-0.0304592,-0.898533,-1.24944,335.516,529.386,314.105,560.953,10523.2,12368.4,0.0473604,0.126751,-0.0735721,-0.165293
27,25,24,78,-1.64679,-0.0304592,-0.898533,-1.41039,335.516,515.687,308.29,560.953,15170.4,16389.9,0.0473604,0.141777,-0.120748,0.0949814
27,25,91,74,-1.64679,-0.0304592,-1.01565,0,335.516,509.367,355.37,562.883,18215.4,-9717.06,0.0475104,0.0513413,-0.043234,-0.0127707
27,25,91,71,-1.64679,-0.0304592,-1.01565,-0.588487,335.516,509.489,354.036,562.883,18147.1,-8972.16,0.0475104,0.0539481,-0.043234,-0.0030831
27,25,91,94,-1.64679,-0.0304592,-1.01565,-1.24885,335.516,528.267,307.714,562.883,11589.4,16168.4,0.0475104,0.13964,-0.00235143,-0.204616
27,25,91,107,-1.64679,-0.0304592,-1.01565,-1.24944,335.516,529.386,314.332,562.883,11171.3,12366.3,0.0475104,0.126751,0.00401454,-0.171399
27,25,91,78,-1.64679,-0.0304592,-1.01565,-1.41039,335.516,515.687,308.606,562.883,15818.5,16402.8,0.0475104,0.141777,-0.043234,0.088803
27,25,84,74,-1.64679,-0.0304592,-1.07895,0,335.516,509.367,355.339,562.879,18213.9,-9701.62,0.0474567,0.0513413,0.0456604,-0.0127707
27,25,84,71,-1.64679,-0.0304592,-1.07895,-0.588487,335.516,509.489,354.006,562.879,18145.5,-8956.72,0.0474567,0.0539481,0.0456604,-0.00308306
27,25,84,94,-1.64679,-0.0304592,-1.07895,-1.24885,335.516,528.267,307.684,562.879,11587.8,16184.3,0.0474567,0.13964,0.086547,-0.204612
27,25,84,107,-1.64679,-0.0304592,-1.07895,-1.24944,335.516,529.386,314.301,562.879,11169.7,12382.2,0.0474567,0.126751,0.0929135,-0.171394
27,25,84,78,-1.64679,-0.0304592,-1.07895,-1.41039,335.516,515.687,308.576,562.879,15816.9,16418.2,0.0474567,0.141777,0.0456604,0.0888031
27,60,20,74,-1.64679,-0.513329,-0.0236099,0,261.516,467.668,368.514,564.661,34160.8,-61570.3,0.279582,0.0772756,0.0756356,-0.191094
27,60,20,71,-1.64679,-0.513329,-0.0236099,-0.588487,261.516,467.552,367.18,564.661,34037.1,-60825.4,0.279582,0.0801171,0.0756356,-0.181172
27,60,20,94,-1.64679,-0.513329,-0.0236099,-1.24885,261.516,478.479,320.848,564.661,26643.9,-35850.1,0.279582,0.179514,0.114844,-0.370674
27,60,20,107,-1.64679,-0.513329,-0.0236099,-1.24944,261.516,480.7,327.462,564.661,26693.6,-39682.1,0.279582,0.165877,0.120988,-0.338427
27,60,20,78,-1.64679,-0.513329,-0.0236099,-1.41039,261.516,465.888,321.75,564.661,29825.9,-35450.5,0.279582,0.177429,0.0756356,-0.0798033
27,60,17,74,-1.64679,-0.513329,-0.0727499,0,261.516,467.668,368.314,561.606,33393.6,-61345.5,0.280006,0.0772756,0.00081668,-0.182794
27,60,17,71,-1.64679,-0.513329,-0.0727499,-0.588487,261.516,467.552,366.98,561.606,33269.9,-60604.7,0.280006,0.0801171,0.000846833,-0.172842
27,60,17,94,-1.64679,-0.513329,-0.0727499,-1.24885,261.516,478.479,320.77,561.606,25876.7,-35769.1,0.280006,0.179514,0.0412737,-0.361126
27,60,17,107,-1.64679,-0.513329,-0.0727499,-1.24944,261.516,480.7,327.402,561.606,25926.4,-39580.6,0.280006,0.165877,0.0472263,-0.32907
27,60,17,78,-1.64679,-0.513329,-0.0727499,-1.41039,261.516,465.888,321.552,561.606,29058.7,-35368.6,0.280006,0.177429,0.00202362,-0.070297
27,60,24,74,-1.64679,-0.513329,-0.898533,0,261.516,467.668,355.052,560.953,32446.7,-55218.5,0.256331,0.0772756,-0.121562,-0.185729
27,60,24,71,-1.64679,-0.513329,-0.898533,-0.588487,261.516,467.552,353.719,560.953,32323,-54476.1,0.256331,0.0801171,-0.121541,-0.175787
27,60,24,94,-1.64679,-0.513329,-0.898533,-1.24885,261.516,478.479,307.476,560.953,24929.8,-29420.2,0.256331,0.179514,-0.0798113,-0.362767
27,60,24,107,-1.64679,-0.513329,-0.898533,-1.24944,261.516,480.7,314.105,560.953,24979.5,-33209.1,0.256331,0.165877,-0.0735721,-0.330425
27,60,24,78,-1.64679,-0.513329,-0.898533,-1.41039,261.516,465.888,308.29,560.953,28111.8,-29187.7,0.256331,0.177429,-0.120748,-0.073625
27,60,91,74,-1.64679,-0.513329,-1.01565,0,261.516,467.668,355.37,562.883,32942.3,-55447.1,0.256481,0.0772756,-0.043234,-0.191094
27,60,91,71,-1.64679,-0.513329,-1.01565,-0.588487,261.516,467.552,354.036,562.883,32818.7,-54702.2,0.256481,0.0801171,-0.043234,-0.181172
27,60,91,94,-1.64679,-0.513329,-1.01565,-1.24885,261.516,478.479,307.714,562.883,25425.4,-29561.6,0.256481,0.179514,-0.00235143,-0.369
27,60,91,107,-1.64679,-0.513329,-1.01565,-1.24944,261.516,480.7,314.332,562.883,25475.2,-33363.7,0.256481,0.165877,0.00401454,-0.336531
27,60,91,78,-1.64679,-0.513329,-1.01565,-1.41039,261.516,465.888,308.606,562.883,28607.4,-29327.2,0.256481,0.177429,-0.043234,-0.0798034
27,60,84,74,-1.64679,-0.513329,-1.07895,0,261.516,467.668,355.339,562.879,32939.5,-55432.9,0.256427,0.0772756,0.0456604,-0.191094
27,60,84,71,-1.64679,-0.513329,-1.07895,-0.588487,261.516,467.552,354.006,562.879,32815.9,-54688,0.256427,0.0801171,0.0456604,-0.181172
27,60,84,94,-1.64679,-0.513329,-1.07895,-1.24885,261.516,478.479,307.684,562.879,25422.6,-29547,0.256427,0.179514,0.086547,-0.368996
27,60,84,107,-1.64679,-0.513329,-1.07895,-1.24944,261.516,480.7,314.301,562.879,25472.4,-33349.1,0.256427,0.165877,0.0929135,-0.336526
27,60,84,78,-1.64679,-0.513329,-1.07895,-1.41039,261.516,465.888,308.576,562.879,28604.6,-29313.1,0.256427,0.177429,0.0456604,-0.0798033
27,28,20,74,-1.64679,-0.600568,-0.0236099,0,337.215,509.262,368.514,564.661,18984.8,-15426.1,0.0706112,-2.8044e-05,0.0756356,-0.00944275
27,28,20,71,-1.64679,-0.600568,-0.0236099,-0.588487,337.215,509.389,367.18,564.661,18916.1,-14681.2,0.0706112,0.00257859,0.0756356,0.000244662
27,28,20,94,-1.64679,-0.600568,-0.0236099,-1.24885,337.215,528.313,320.848,564.661,12325.2,10294.1,0.0706112,0.0881564,0.114844,-0.203077
27,28,20,107,-1.64679,-0.600568,-0.0236099,-1.24944,337.215,529.41,327.462,564.661,11905,6462.13,0.0706112,0.0752612,0.120988,-0.170087
27,28,20,78,-1.64679,-0.600568,-0.0236099,-1.41039,337.215,515.737,321.75,564.661,16575.7,10693.7,0.0706112,0.0903716,0.0756356,0.0920946
27,28,17,74,-1.64679,-0.600568,-0.0727499,0,337.215,509.262,368.314,561.606,17955.1,-15463.7,0.0710351,-2.8044e-05,0.00081668,-0.00114336
27,28,17,71,-1.64679,-0.600568,-0.0727499,-0.588487,337.215,509.389,366.98,561.606,17886.4,-14722.9,0.0710351,0.00257859,0.000846833,0.00857422
27,28,17,94,-1.64679,-0.600568,-0.0727499,-1.24885,337.215,528.313,320.77,561.606,11295.6,10112.7,0.0710351,0.0881564,0.0412737,-0.193529
27,28,17,107,-1.64679,-0.600568,-0.0727499,-1.24944,337.215,529.41,327.402,561.606,10875.3,6301.16,0.0710351,0.0752612,0.0472263,-0.160731
27,28,17,78,-1.64679,-0.600568,-0.0727499,-1.41039,337.215,515.737,321.552,561.606,15546,10513.2,0.0710351,0.0903716,0.00202362,0.101601
27,28,24,74,-1.64679,-0.600568,-0.898533,0,337.215,509.262,355.052,560.953,17656.3,-8688.69,0.0473604,-2.8044e-05,-0.121562,-0.00407816
27,28,24,71,-1.64679,-0.600568,-0.898533,-0.588487,337.215,509.389,353.719,560.953,17587.6,-7946.33,0.0473604,0.00257859,-0.121541,0.00562947
27,28,24,94,-1.64679,-0.600568,-0.898533,-1.24885,337.215,528.313,307.476,560.953,10996.7,17109.6,0.0473604,0.0881564,-0.0798113,-0.19517
27,28,24,107,-1.64679,-0.600568,-0.898533,-1.24944,337.215,529.41,314.105,560.953,10576.4,13320.7,0.0473604,0.0752612,-0.0735721,-0.162086
27,28,24,78,-1.64679,-0.600568,-0.898533,-1.41039,337.215,515.737,308.29,560.953,15247.2,17342.1,0.0473604,0.0903716,-0.120748,0.0982729
27,28,91,74,-1.64679,-0.600568,-1.01565,0,337.215,509.262,355.37,562.883,18307.6,-8761.57,0.0475104,-2.8044e-05,-0.043234,-0.00944278
27,28,91,71,-1.64679,-0.600568,-1.01565,-0.588487,337.215,509.389,354.036,562.883,18238.9,-8016.67,0.0475104,0.00257859,-0.043234,0.000244625
27,28,91,94,-1.64679,-0.600568,-1.01565,-1.24885,337.215,528.313,307.714,562.883,11648.1,17123.9,0.0475104,0.0881564,-0.00235143,-0.201403
27,28,91,107,-1.64679,-0.600568,-1.01565,-1.24944,337.215,529.41,314.332,562.883,11227.8,13321.8,0.0475104,0.0752612,0.00401454,-0.168192
27,28,91,78,-1.64679,-0.600568,-1.01565,-1.41039,337.215,515.737,308.606,562.883,15898.5,17358.3,0.0475104,0.0903716,-0.043234,0.0920945
27,28,84,74,-1.64679,-0.600568,-1.07895,0,337.215,509.262,355.339,562.879,18306.1,-8746.15,0.0474567,-2.8044e-05,0.0456604,-0.00944274
27,28,84,71,-1.64679,-0.600568,-1.07895,-0.588487,337.215,509.389,354.006,562.879,18237.4,-8001.25,0.0474567,0.00257859,0.0456604,0.00024467
27,28,84,94,-1.64679,-0.600568,-1.07895,-1.24885,337.215,528.313,307.684,562.879,11646.5,17139.7,0.0474567,0.0881564,0.086547,-0.201398
27,28,84,107,-1.64679,-0.600568,-1.07895,-1.24944,337.215,529.41,314.301,562.879,11226.2,13337.7,0.0474567,0.0752612,0.0929135,-0.168187
27,28,84,78,-1.64679,-0.600568,-1.07895,-1.41039,337.215,515.737,308.576,562.879,15897,17373.7,0.0474567,0.0903716,0.0456604,0.0920946
27,59,20,74,-1.64679,-0.901343,-0.0236099,0,344.029,457.734,368.514,564.661,37885.9,-13941,0.220707,0.18279,0.0756356,-0.00973625
27,59,20,71,-1.64679,-0.901343,-0.0236099,-0.588487,344.029,457.861,367.18,564.661,37748.8,-13196.1,0.220707,0.185691,0.0756356,0.000244662
27,59,20,94,-1.64679,-0.901343,-0.0236099,-1.24885,344.029,476.993,320.848,564.661,28831.1,11779.2,0.220707,0.280502,0.114844,-0.193843
27,59,20,107,-1.64679,-0.901343,-0.0236099,-1.24944,344.029,478.032,327.462,564.661,28756.7,7947.23,0.220707,0.266201,0.120988,-0.16226
27,59,20,78,-1.64679,-0.901343,-0.0236099,-1.41039,344.029,464.429,321.75,564.661,33078.3,12178.8,0.220707,0.283212,0.0756356,0.101823
27,59,17,74,-1.64679,-0.901343,-0.0727499,0,344.029,457.734,368.314,561.606,36860.5,-13974.4,0.221131,0.18279,0.00081668,-0.00143685
27,59,17,71,-1.64679,-0.901343,-0.0727499,-0.588487,344.029,457.861,366.98,561.606,36723.4,-13233.6,0.221131,0.185691,0.000846833,0.00857422
27,59,17,94,-1.64679,-0.901343,-0.0727499,-1.24885,344.029,476.993,320.77,561.606,27805.7,11602,0.221131,0.280502,0.0412737,-0.184295
27,59,17,107,-1.64679,-0.901343,-0.0727499,-1.24944,344.029,478.032,327.402,561.606,27731.3,7790.48,0.221131,0.266201,0.0472263,-0.152903
27,59,17,78,-1.64679,-0.901343,-0.0727499,-1.41039,344.029,464.429,321.552,561.606,32052.9,12002.5,0.221131,0.283212,0.00202362,0.111329
27,59,24,74,-1.64679,-0.901343,-0.898533,0,344.029,457.734,355.052,560.953,35876.1,-7884.86,0.197457,0.18279,-0.121562,-0.00437166
27,59,24,71,-1.64679,-0.901343,-0.898533,-0.588487,344.029,457.861,353.719,560.953,35739,-7142.51,0.197457,0.185691,-0.121541,0.00562947
27,59,24,94,-1.64679,-0.901343,-0.898533,-1.24885,344.029,476.993,307.476,560.953,26821.3,17913.4,0.197457,0.280502,-0.0798113,-0.185937
27,59,24,107,-1.64679,-0.901343,-0.898533,-1.24944,344.029,478.032,314.105,560.953,26746.9,14124.5,0.197457,0.266201,-0.0735721,-0.154258
27,59,24,78,-1.64679,-0.901343,-0.898533,-1.41039,344.029,464.429,308.29,560.953,31068.5,18145.9,0.197457,0.283212,-0.120748,0.108001
27,59,91,74,-1.64679,-0.901343,-1.01565,0,344.029,457.734,355.37,562.883,36534.6,-7950.63,0.197607,0.18279,-0.043234,-0.00973628
27,59,91,71,-1.64679,-0.901343,-1.01565,-0.588487,344.029,457.861,354.036,562.883,36397.5,-7205.74,0.197607,0.185691,-0.043234,0.000244625
27,59,91,94,-1.64679,-0.901343,-1.01565,-1.24885,344.029,476.993,307.714,562.883,27479.8,17934.9,0.197607,0.280502,-0.00235143,-0.192169
27,59,91,107,-1.64679,-0.901343,-1.01565,-1.24944,344.029,478.032,314.332,562.883,27405.4,14132.8,0.197607,0.266201,0.00401454,-0.160364
27,59,91,78,-1.64679,-0.901343,-1.01565,-1.41039,344.029,464.429,308.606,562.883,31727,18169.2,0.197607,0.283212,-0.043234,0.101823
27,59,84,74,-1.64679,-0.901343,-1.07895,0,344.029,457.734,355.339,562.879,36531.5,-7936.77,0.197553,0.18279,0.0456604,-0.00973623
27,59,84,71,-1.64679,-0.901343,-1.07895,-0.588487,344.029,457.861,354.006,562.879,36394.4,-7191.87,0.197553,0.185691,0.0456604,0.00024467
27,59,84,94,-1.64679,-0.901343,-1.07895,-1.24885,344.029,476.993,307.684,562.879,27476.6,17949.1,0.197553,0.280502,0.086547,-0.192165
27,59,84,107,-1.64679,-0.901343,-1.07895,-1.24944,344.029,478.032,314.301,562.879,27402.2,14147.1,0.197553,0.266201,0.0929135,-0.160359
27,59,84,78,-1.64679,-0.901343,-1.07895,-1.41039,344.029,464.429,308.576,562.879,31723.9,18183.1,0.197553,0.283212,0.0456604,0.101823
27,10,20,74,-1.64679,-0.979941,-0.0236099,0,335.687,507.896,368.514,564.661,19431.6,-16295.5,0.0749709,-0.272199,0.0756356,-0.0126235
27,10,20,71,-1.64679,-0.979941,-0.0236099,-0.588487,335.687,508.018,367.18,564.661,19361.3,-15550.6,0.0749709,-0.269584,0.0756356,-0.00292821
27,10,20,94,-1.64679,-0.979941,-0.0236099,-1.24885,335.687,526.808,320.848,564.661,12735.8,9424.67,0.0749709,-0.183659,0.114844,-0.205903
27,10,20,107,-1.64679,-0.979941,-0.0236099,-1.24944,335.687,527.925,327.462,564.661,12327.4,5592.73,0.0749709,-0.196585,0.120988,-0.172944
27,10,20,78,-1.64679,-0.979941,-0.0236099,-1.41039,335.687,514.229,321.75,564.661,16965.8,9824.32,0.0749709,-0.181507,0.0756356,0.0892062
27,10,17,74,-1.64679,-0.979941,-0.0727499,0,335.687,507.896,368.314,561.606,18407,-16328.1,0.0753948,-0.272199,0.00081668,-0.0043241
27,10,17,71,-1.64679,-0.979941,-0.0727499,-0.588487,335.687,508.018,366.98,561.606,18336.7,-15587.3,0.0753948,-0.269584,0.000846833,0.00540134
27,10,17,94,-1.64679,-0.979941,-0.0727499,-1.24885,335.687,526.808,320.77,561.606,11711.2,9248.33,0.0753948,-0.183659,0.0412737,-0.196354
27,10,17,107,-1.64679,-0.979941,-0.0727499,-1.24944,335.687,527.925,327.402,561.606,11302.8,5436.81,0.0753948,-0.196585,0.0472263,-0.163587
27,10,17,78,-1.64679,-0.979941,-0.0727499,-1.41039,335.687,514.229,321.552,561.606,15941.2,9648.82,0.0753948,-0.181507,0.00202362,0.0987126
27,10,24,74,-1.64679,-0.979941,-0.898533,0,335.687,507.896,355.052,560.953,18090.1,-9571.11,0.0517201,-0.272199,-0.121562,-0.00725891
27,10,24,71,-1.64679,-0.979941,-0.898533,-0.588487,335.687,508.018,353.719,560.953,18019.7,-8828.75,0.0517201,-0.269584,-0.121541,0.0024566
27,10,24,94,-1.64679,-0.979941,-0.898533,-1.24885,335.687,526.808,307.476,560.953,11394.2,16227.2,0.0517201,-0.183659,-0.0798113,-0.197996
27,10,24,107,-1.64679,-0.979941,-0.898533,-1.24944,335.687,527.925,314.105,560.953,10985.8,12438.2,0.0517201,-0.196585,-0.0735721,-0.164942
27,10,24,78,-1.64679,-0.979941,-0.898533,-1.41039,335.687,514.229,308.29,560.953,15624.2,16459.7,0.0517201,-0.181507,-0.120748,0.0953846
27,10,91,74,-1.64679,-0.979941,-1.01565,0,335.687,507.896,355.37,562.883,18738.5,-9646.91,0.0518701,-0.272199,-0.043234,-0.0126235
27,10,91,71,-1.64679,-0.979941,-1.01565,-0.588487,335.687,508.018,354.036,562.883,18668.2,-8902.01,0.0518701,-0.269584,-0.043234,-0.00292825
27,10,91,94,-1.64679,-0.979941,-1.01565,-1.24885,335.687,526.808,307.714,562.883,12042.7,16238.6,0.0518701,-0.183659,-0.00235143,-0.204228
27,10,91,107,-1.64679,-0.979941,-1.01565,-1.24944,335.687,527.925,314.332,562.883,11634.3,12436.5,0.0518701,-0.196585,0.00401454,-0.171048
27,10,91,78,-1.64679,-0.979941,-1.01565,-1.41039,335.687,514.229,308.606,562.883,16272.7,16472.9,0.0518701,-0.181507,-0.043234,0.0892062
27,10,84,74,-1.64679,-0.979941,-1.07895,0,335.687,507.896,355.339,562.879,18736.9,-9631.52,0.0518164,-0.272199,0.0456604,-0.0126235
27,10,84,71,-1.64679,-0.979941,-1.07895,-0.588487,335.687,508.018,354.006,562.879,18666.6,-8886.62,0.0518164,-0.269584,0.0456604,-0.0029282
27,10,84,94,-1.64679,-0.979941,-1.07895,-1.24885,335.687,526.808,307.684,562.879,12041.1,16254.4,0.0518164,-0.183659,0.086547,-0.204224
27,10,84,107,-1.64679,-0.979941,-1.07895,-1.24944,335.687,527.925,314.301,562.879,11632.7,12452.3,0.0518164,-0.196585,0.0929135,-0.171043
27,10,84,78,-1.64679,-0.979941,-1.07895,-1.41039,335.687,514.229,308.576,562.879,16271.1,16488.3,0.0518164,-0.181507,0.0456604,0.0892063
