329,212,553,388,0.906667,0.9925,0.891667,1,334.323,503.337,334.252,413.14,-29904.9,-1821.16,-0.05961,-0.0372531,0.0118326,0.0480812
329,212,553,387,0.906667,0.9925,0.891667,1,334.323,497.688,333.559,413.14,-28033.5,-1715.09,-0.05961,-0.0368369,-0.00496915,0.0376165
329,212,553,219,0.906667,0.9925,0.891667,0.965833,334.323,498.832,346.274,413.14,-29102.1,-6955.65,-0.05961,-0.0622526,-0.00496916,0.000127397
329,212,553,220,0.906667,0.9925,0.891667,0.849167,334.323,504.562,346.909,413.14,-30995.9,-7035.56,-0.05961,-0.0622526,0.0114616,0.0106376
329,212,553,901,0.906667,0.9925,0.891667,0.778583,334.323,498.683,344.802,413.14,-28978.4,-6348.89,-0.05961,-0.059316,-0.00496915,0.0484826
329,212,729,388,0.906667,0.9925,0.5575,1,334.323,503.337,375.551,367.744,-47507.7,-19139.7,0.0352194,-0.0372531,-0.328844,0.165215
329,212,729,387,0.906667,0.9925,0.5575,1,334.323,497.688,374.202,367.744,-45636.2,-18849,0.0352194,-0.0368369,-0.343487,0.156909
329,212,729,219,0.906667,0.9925,0.5575,0.965833,334.323,498.832,386.829,367.744,-46704.8,-23523.4,0.0352194,-0.0622526,-0.347398,0.115508
329,212,729,220,0.906667,0.9925,0.5575,0.849167,334.323,504.562,388.11,367.744,-48598.6,-23793.6,0.0352194,-0.0622526,-0.332984,0.124002
329,212,729,901,0.906667,0.9925,0.5575,0.778583,334.323,498.683,385.367,367.744,-46581.1,-22982.2,0.0352194,-0.059316,-0.346959,0.164303
329,212,498,388,0.906667,0.9925,0.528333,1,334.323,503.337,322.65,414.102,-28929.7,4001.84,-0.0875686,-0.0372531,-0.0111249,0.0486856
329,212,498,387,0.906667,0.9925,0.528333,1,334.323,497.688,321.955,414.102,-27058.3,4042.74,-0.0875686,-0.0368369,-0.0285309,0.0376166
329,212,498,219,0.906667,0.9925,0.528333,0.965833,334.323,498.832,334.67,414.102,-28126.9,-1197.82,-0.0875686,-0.0622526,-0.028531,0.000127546
329,212,498,220,0.906667,0.9925,0.528333,0.849167,334.323,504.562,335.307,414.102,-30020.6,-1211.58,-0.0875686,-0.0622526,-0.0115316,0.0112064
329,212,498,901,0.906667,0.9925,0.528333,0.778583,334.323,498.683,333.198,414.102,-28003.2,-591.055,-0.0875686,-0.059316,-0.028531,0.0484828
329,212,555,388,0.906667,0.9925,0.503333,1,334.323,503.337,334.004,416.547,-28786.8,-1849.85,-0.0595448,-0.0372531,-0.00419424,0.0379096
329,212,555,387,0.906667,0.9925,0.503333,1,334.323,497.688,333.368,416.547,-26915.4,-1742.76,-0.0595448,-0.0368369,-0.0210273,0.0274136
329,212,555,219,0.906667,0.9925,0.503333,0.965833,334.323,498.832,346.083,416.547,-27984,-7026.56,-0.0595448,-0.0622526,-0.0206525,-0.00970063
329,212,555,220,0.906667,0.9925,0.503333,0.849167,334.323,504.562,346.662,416.547,-29877.8,-7107.28,-0.0595448,-0.0622526,-0.00419414,0.000837207
329,212,555,901,0.906667,0.9925,0.503333,0.778583,334.323,498.683,344.611,416.547,-27860.3,-6414.8,-0.0595448,-0.059316,-0.0206945,0.0386126
329,212,554,388,0.906667,0.9925,0.502333,1,334.323,503.337,333.916,417.886,-28347.5,-1861.13,-0.0595195,-0.0372531,-0.0464826,0.0339085
329,212,554,387,0.906667,0.9925,0.502333,1,334.323,497.688,333.303,417.886,-26476,-1753.63,-0.0595195,-0.0368369,-0.0633271,0.0234011
329,212,554,219,0.906667,0.9925,0.502333,0.965833,334.323,498.832,346.017,417.886,-27544.6,-7054.43,-0.0595195,-0.0622526,-0.0628048,-0.0135656
329,212,554,220,0.906667,0.9925,0.502333,0.849167,334.323,504.562,346.574,417.886,-29438.4,-7135.47,-0.0595195,-0.0622526,-0.0463364,-0.00301782
329,212,554,901,0.906667,0.9925,0.502333,0.778583,334.323,498.683,344.545,417.886,-27420.9,-6440.7,-0.0595195,-0.059316,-0.0628632,0.0347311
329,82,553,388,0.906667,0.976667,0.891667,1,335.54,510.864,334.252,413.14,-32403.5,-1926.13,-0.0817935,-0.0510758,0.0118326,0.0477128
329,82,553,387,0.906667,0.976667,0.891667,1,335.54,505.215,333.559,413.14,-30531.5,-1820.07,-0.0817935,-0.0506695,-0.00496915,0.0372376
329,82,553,219,0.906667,0.976667,0.891667,0.965833,335.54,506.361,346.274,413.14,-31695.4,-7060.62,-0.0817935,-0.0757066,-0.00496916,0.000127517
329,82,553,220,0.906667,0.976667,0.891667,0.849167,335.54,512.091,346.909,413.14,-33589.2,-7140.53,-0.0817935,-0.0757067,0.0114616,0.0106376
329,82,553,901,0.906667,0.976667,0.891667,0.778583,335.54,506.212,344.802,413.14,-31560.6,-6453.86,-0.0817935,-0.0728137,-0.00496915,0.048439
329,82,729,388,0.906667,0.976667,0.5575,1,335.54,510.864,375.551,367.744,-50256.3,-19494.7,0.0130359,-0.0510758,-0.328844,0.164847
329,82,729,387,0.906667,0.976667,0.5575,1,335.54,505.215,374.202,367.744,-48384.4,-19204.1,0.0130359,-0.0506695,-0.343487,0.15653
329,82,729,219,0.906667,0.976667,0.5575,0.965833,335.54,506.361,386.829,367.744,-49548.2,-23878.4,0.0130359,-0.0757066,-0.347398,0.115508
329,82,729,220,0.906667,0.976667,0.5575,0.849167,335.54,512.091,388.11,367.744,-51442,-24148.6,0.0130359,-0.0757067,-0.332984,0.124002
329,82,729,901,0.906667,0.976667,0.5575,0.778583,335.54,506.212,385.367,367.744,-49413.4,-23337.2,0.0130359,-0.0728137,-0.346959,0.16426
329,82,498,388,0.906667,0.976667,0.528333,1,335.54,510.864,322.65,414.102,-31341.4,3983.77,-0.109752,-0.0510758,-0.0111249,0.0483172
329,82,498,387,0.906667,0.976667,0.528333,1,335.54,505.215,321.955,414.102,-29469.4,4024.67,-0.109752,-0.0506695,-0.0285309,0.0372378
329,82,498,219,0.906667,0.976667,0.528333,0.965833,335.54,506.361,334.67,414.102,-30633.3,-1215.88,-0.109752,-0.0757066,-0.028531,0.000127666
329,82,498,220,0.906667,0.976667,0.528333,0.849167,335.54,512.091,335.307,414.102,-32527,-1229.65,-0.109752,-0.0757067,-0.0115316,0.0112064
329,82,498,901,0.906667,0.976667,0.528333,0.778583,335.54,506.212,333.198,414.102,-30498.5,-609.125,-0.109752,-0.0728137,-0.028531,0.0484391
329,82,555,388,0.906667,0.976667,0.503333,1,335.54,510.864,334.004,416.547,-31286.5,-1955.9,-0.0817283,-0.0510758,-0.00419424,0.0375413
329,82,555,387,0.906667,0.976667,0.503333,1,335.54,505.215,333.368,416.547,-29414.5,-1848.8,-0.0817283,-0.0506695,-0.0210273,0.0270347
329,82,555,219,0.906667,0.976667,0.503333,0.965833,335.54,506.361,346.083,416.547,-30578.4,-7132.61,-0.0817283,-0.0757066,-0.0206525,-0.00970051
329,82,555,220,0.906667,0.976667,0.503333,0.849167,335.54,512.091,346.662,416.547,-32472.1,-7213.33,-0.0817283,-0.0757067,-0.00419414,0.000837207
329,82,555,901,0.906667,0.976667,0.503333,0.778583,335.54,506.212,344.611,416.547,-30443.6,-6520.84,-0.0817283,-0.0728137,-0.0206945,0.038569
329,82,554,388,0.906667,0.976667,0.502333,1,335.54,510.864,333.916,417.886,-30847.5,-1967.6,-0.081703,-0.0510758,-0.0464826,0.0335401
329,82,554,387,0.906667,0.976667,0.502333,1,335.54,505.215,333.303,417.886,-28975.6,-1860.1,-0.081703,-0.0506695,-0.0633271,0.0230222
329,82,554,219,0.906667,0.976667,0.502333,0.965833,335.54,506.361,346.017,417.886,-30139.4,-7160.9,-0.081703,-0.0757066,-0.0628048,-0.0135655
329,82,554,220,0.906667,0.976667,0.502333,0.849167,335.54,512.091,346.574,417.886,-32033.2,-7241.94,-0.081703,-0.0757067,-0.0463364,-0.00301782
329,82,554,901,0.906667,0.976667,0.502333,0.778583,335.54,506.212,344.545,417.886,-30004.7,-6547.16,-0.081703,-0.0728137,-0.0628632,0.0346875
329,64,553,388,0.906667,0.760833,0.891667,1,388.943,537.844,334.252,413.14,-42190.1,18317.8,-0.119209,-0.526861,0.0118326,0.139369
329,64,553,387,0.906667,0.760833,0.891667,1,388.943,532.238,333.559,413.14,-40035,18423.8,-0.119209,-0.525505,-0.00496915,0.129843
329,64,553,219,0.906667,0.760833,0.891667,0.965833,388.943,532.201,346.274,413.14,-41561.1,13183.3,-0.119209,-0.549396,-0.00496916,0.0938792
329,64,553,220,0.906667,0.760833,0.891667,0.849167,388.943,537.906,346.909,413.14,-43740.3,13103.4,-0.119209,-0.550393,0.0114616,0.103392
329,64,553,901,0.906667,0.760833,0.891667,0.778583,388.943,532.19,344.802,413.14,-41384.4,13790,-0.119209,-0.54663,-0.00496915,0.142064
329,64,729,388,0.906667,0.760833,0.5575,1,388.943,537.844,375.551,367.744,-63224.7,-2432.63,-0.0243796,-0.526861,-0.328844,0.256503
329,64,729,387,0.906667,0.760833,0.5575,1,388.943,532.238,374.202,367.744,-61069.6,-2142.01,-0.0243796,-0.525505,-0.343487,0.249136
329,64,729,219,0.906667,0.760833,0.5575,0.965833,388.943,532.201,386.829,367.744,-62595.7,-6816.32,-0.0243796,-0.549396,-0.347398,0.20926
329,64,729,220,0.906667,0.760833,0.5575,0.849167,388.943,537.906,388.11,367.744,-64775,-7086.54,-0.0243796,-0.550393,-0.332984,0.216757
329,64,729,901,0.906667,0.760833,0.5575,0.778583,388.943,532.19,385.367,367.744,-62419,-6275.12,-0.0243796,-0.54663,-0.346959,0.257885
329,64,498,388,0.906667,0.760833,0.528333,1,388.943,537.844,322.65,414.102,-40797.4,24558.3,-0.147168,-0.526861,-0.0111249,0.139974
329,64,498,387,0.906667,0.760833,0.528333,1,388.943,532.238,321.955,414.102,-38642.3,24599.2,-0.147168,-0.525505,-0.0285309,0.129843
329,64,498,219,0.906667,0.760833,0.528333,0.965833,388.943,532.201,334.67,414.102,-40168.4,19358.6,-0.147168,-0.549396,-0.028531,0.0938793
329,64,498,220,0.906667,0.760833,0.528333,0.849167,388.943,537.906,335.307,414.102,-42347.6,19344.8,-0.147168,-0.550393,-0.0115316,0.103961
329,64,498,901,0.906667,0.760833,0.528333,0.778583,388.943,532.19,333.198,414.102,-39991.7,19965.4,-0.147168,-0.54663,-0.028531,0.142064
329,64,555,388,0.906667,0.760833,0.503333,1,388.943,537.844,334.004,416.547,-40906.8,18454.3,-0.119144,-0.526861,-0.00419424,0.129198
329,64,555,387,0.906667,0.760833,0.503333,1,388.943,532.238,333.368,416.547,-38751.7,18561.4,-0.119144,-0.525505,-0.0210273,0.11964
329,64,555,219,0.906667,0.760833,0.503333,0.965833,388.943,532.201,346.083,416.547,-40277.8,13277.6,-0.119144,-0.549396,-0.0206525,0.0840512
329,64,555,220,0.906667,0.760833,0.503333,0.849167,388.943,537.906,346.662,416.547,-42457.1,13196.8,-0.119144,-0.550393,-0.00419414,0.0935917
329,64,555,901,0.906667,0.760833,0.503333,0.778583,388.943,532.19,344.611,416.547,-40101.1,13889.3,-0.119144,-0.54663,-0.0206945,0.132194
329,64,554,388,0.906667,0.760833,0.502333,1,388.943,537.844,333.916,417.886,-40402.5,18507.9,-0.119119,-0.526861,-0.0464826,0.125197
329,64,554,387,0.906667,0.760833,0.502333,1,388.943,532.238,333.303,417.886,-38247.4,18615.4,-0.119119,-0.525505,-0.0633271,0.115628
329,64,554,219,0.906667,0.760833,0.502333,0.965833,388.943,532.201,346.017,417.886,-39773.5,13314.6,-0.119119,-0.549396,-0.0628048,0.0801862
329,64,554,220,0.906667,0.760833,0.502333,0.849167,388.943,537.906,346.574,417.886,-41952.8,13233.6,-0.119119,-0.550393,-0.0463364,0.0897367
329,64,554,901,0.906667,0.760833,0.502333,0.778583,388.943,532.19,344.545,417.886,-39596.8,13928.4,-0.119119,-0.54663,-0.0628632,0.128312
329,231,553,388,0.906667,0.655667,0.891667,1,319.419,501.805,334.252,413.14,-28854.2,-7940.57,-0.0623559,-0.0866744,0.0118326,0.018528
329,231,553,387,0.906667,0.655667,0.891667,1,319.419,496.153,333.559,413.14,-27066.8,-7834.51,-0.0623559,-0.0865932,-0.00496915,0.00772795
329,231,553,219,0.906667,0.655667,0.891667,0.965833,319.419,497.675,346.274,413.14,-28098.6,-13075.1,-0.0623559,-0.111998,-0.00496916,-0.02975
329,231,553,220,0.906667,0.655667,0.891667,0.849167,319.419,503.402,346.909,413.14,-29907.2,-13155,-0.0623559,-0.111658,0.0114616,-0.0188998
329,231,553,901,0.906667,0.655667,0.891667,0.778583,319.419,497.482,344.802,413.14,-27979.1,-12468.3,-0.0623559,-0.109065,-0.00496915,0.0186019
329,231,729,388,0.906667,0.655667,0.5575,1,319.419,501.805,375.551,367.744,-45694.6,-24496.7,0.0324735,-0.0866744,-0.328844,0.135662
329,231,729,387,0.906667,0.655667,0.5575,1,319.419,496.153,374.202,367.744,-43907.2,-24206.1,0.0324735,-0.0865932,-0.343487,0.127021
329,231,729,219,0.906667,0.655667,0.5575,0.965833,319.419,497.675,386.829,367.744,-44939,-28880.4,0.0324735,-0.111998,-0.347398,0.0856308
329,231,729,220,0.906667,0.655667,0.5575,0.849167,319.419,503.402,388.11,367.744,-46747.6,-29150.6,0.0324735,-0.111658,-0.332984,0.0944646
329,231,729,901,0.906667,0.655667,0.5575,0.778583,319.419,497.482,385.367,367.744,-44819.5,-28339.2,0.0324735,-0.109065,-0.346959,0.134423
329,231,498,388,0.906667,0.655667,0.528333,1,319.419,501.805,322.65,414.102,-27912.6,-2151.2,-0.0903146,-0.0866744,-0.0111249,0.0191324
329,231,498,387,0.906667,0.655667,0.528333,1,319.419,496.153,321.955,414.102,-26125.2,-2110.3,-0.0903146,-0.0865932,-0.0285309,0.00772811
329,231,498,219,0.906667,0.655667,0.528333,0.965833,319.419,497.675,334.67,414.102,-27157,-7350.86,-0.0903146,-0.111998,-0.028531,-0.0297499
329,231,498,220,0.906667,0.655667,0.528333,0.849167,319.419,503.402,335.307,414.102,-28965.6,-7364.62,-0.0903146,-0.111658,-0.0115316,-0.0183311
329,231,498,901,0.906667,0.655667,0.528333,0.778583,319.419,497.482,333.198,414.102,-27037.6,-6744.1,-0.0903146,-0.109065,-0.028531,0.018602
329,231,555,388,0.906667,0.655667,0.503333,1,319.419,501.805,334.004,416.547,-27786.5,-8019.69,-0.0622907,-0.0866744,-0.00419424,0.00835647
329,231,555,387,0.906667,0.655667,0.503333,1,319.419,496.153,333.368,416.547,-25999.2,-7912.59,-0.0622907,-0.0865932,-0.0210273,-0.00247492
329,231,555,219,0.906667,0.655667,0.503333,0.965833,319.419,497.675,346.083,416.547,-27030.9,-13196.4,-0.0622907,-0.111998,-0.0206525,-0.0395781
329,231,555,220,0.906667,0.655667,0.503333,0.849167,319.419,503.402,346.662,416.547,-28839.5,-13277.1,-0.0622907,-0.111658,-0.00419414,-0.0287002
329,231,555,901,0.906667,0.655667,0.503333,0.778583,319.419,497.482,344.611,416.547,-26911.5,-12584.6,-0.0622907,-0.109065,-0.0206945,0.00873186
329,231,554,388,0.906667,0.655667,0.502333,1,319.419,501.805,333.916,417.886,-27366.9,-8050.78,-0.0622655,-0.0866744,-0.0464826,0.00435532
329,231,554,387,0.906667,0.655667,0.502333,1,319.419,496.153,333.303,417.886,-25579.6,-7943.28,-0.0622655,-0.0865932,-0.0633271,-0.00648744
329,231,554,219,0.906667,0.655667,0.502333,0.965833,319.419,497.675,346.017,417.886,-26611.4,-13244.1,-0.0622655,-0.111998,-0.0628048,-0.0434431
329,231,554,220,0.906667,0.655667,0.502333,0.849167,319.419,503.402,346.574,417.886,-28420,-13325.1,-0.0622655,-0.111658,-0.0463364,-0.0325553
329,231,554,901,0.906667,0.655667,0.502333,0.778583,319.419,497.482,344.545,417.886,-26491.9,-12630.3,-0.0622655,-0.109065,-0.0628632,0.00485033
329,214,553,388,0.906667,0.592857,0.891667,1,331.803,482.295,334.252,413.14,-22919.4,-1527.66,0.00314534,0.124207,0.0118326,0.0491722
329,214,553,387,0.906667,0.592857,0.891667,1,331.803,476.646,333.559,413.14,-21049.4,-1421.59,0.00314534,0.124655,-0.00496915,0.0387387
329,214,553,219,0.906667,0.592857,0.891667,0.965833,331.803,477.783,346.274,413.14,-21851.8,-6662.15,0.00314534,0.0981169,-0.00496916,0.000127397
329,214,553,220,0.906667,0.592857,0.891667,0.849167,331.803,483.513,346.909,413.14,-23745.5,-6742.05,0.00314534,0.0981169,0.0114616,0.0106376
329,214,553,901,0.906667,0.592857,0.891667,0.778583,331.803,477.634,344.802,413.14,-21758.9,-6055.39,0.00314534,0.101183,-0.00496915,0.048612
329,214,729,388,0.906667,0.592857,0.5575,1,331.803,482.295,375.551,367.744,-39823.1,-18147.1,0.0979748,0.124207,-0.328844,0.166306
329,214,729,387,0.906667,0.592857,0.5575,1,331.803,476.646,374.202,367.744,-37953,-17856.4,0.0979748,0.124655,-0.343487,0.158031
329,214,729,219,0.906667,0.592857,0.5575,0.965833,331.803,477.783,386.829,367.744,-38755.4,-22530.7,0.0979748,0.0981169,-0.347398,0.115508
329,214,729,220,0.906667,0.592857,0.5575,0.849167,331.803,483.513,388.11,367.744,-40649.2,-22801,0.0979748,0.0981169,-0.332984,0.124002
329,214,729,901,0.906667,0.592857,0.5575,0.778583,331.803,477.634,385.367,367.744,-38662.5,-21989.5,0.0979748,0.101183,-0.346959,0.164433
329,214,498,388,0.906667,0.592857,0.528333,1,331.803,482.295,322.65,414.102,-22187.2,4052.38,-0.0248133,0.124207,-0.0111249,0.0497766
329,214,498,387,0.906667,0.592857,0.528333,1,331.803,476.646,321.955,414.102,-20317.1,4093.28,-0.0248133,0.124655,-0.0285309,0.0387389
329,214,498,219,0.906667,0.592857,0.528333,0.965833,331.803,477.783,334.67,414.102,-21119.5,-1147.27,-0.0248133,0.0981169,-0.028531,0.000127546
329,214,498,220,0.906667,0.592857,0.528333,0.849167,331.803,483.513,335.307,414.102,-23013.3,-1161.04,-0.0248133,0.0981169,-0.0115316,0.0112064
329,214,498,901,0.906667,0.592857,0.528333,0.778583,331.803,477.634,333.198,414.102,-21026.6,-540.514,-0.0248133,0.101183,-0.028531,0.0486121
329,214,555,388,0.906667,0.592857,0.503333,1,331.803,482.295,334.004,416.547,-21798.4,-1553.36,0.00321055,0.124207,-0.00419424,0.0390006
329,214,555,387,0.906667,0.592857,0.503333,1,331.803,476.646,333.368,416.547,-19928.3,-1446.26,0.00321055,0.124655,-0.0210273,0.0285358
329,214,555,219,0.906667,0.592857,0.503333,0.965833,331.803,477.783,346.083,416.547,-20730.7,-6730.07,0.00321055,0.0981169,-0.0206525,-0.00970063
329,214,555,220,0.906667,0.592857,0.503333,0.849167,331.803,483.513,346.662,416.547,-22624.5,-6810.79,0.00321055,0.0981169,-0.00419414,0.000837207
329,214,555,901,0.906667,0.592857,0.503333,0.778583,331.803,477.634,344.611,416.547,-20637.8,-6118.3,0.00321055,0.101183,-0.0206945,0.038742
329,214,554,388,0.906667,0.592857,0.502333,1,331.803,482.295,333.916,417.886,-21357.8,-1563.46,0.00323582,0.124207,-0.0464826,0.0349995
329,214,554,387,0.906667,0.592857,0.502333,1,331.803,476.646,333.303,417.886,-19487.7,-1455.96,0.00323582,0.124655,-0.0633271,0.0245233
329,214,554,219,0.906667,0.592857,0.502333,0.965833,331.803,477.783,346.017,417.886,-20290.1,-6756.76,0.00323582,0.0981169,-0.0628048,-0.0135656
329,214,554,220,0.906667,0.592857,0.502333,0.849167,331.803,483.513,346.574,417.886,-22183.9,-6837.8,0.00323582,0.0981169,-0.0463364,-0.00301782
329,214,554,901,0.906667,0.592857,0.502333,0.778583,331.803,477.634,344.545,417.886,-20197.2,-6143.02,0.00323582,0.101183,-0.0628632,0.0348604
235,212,553,388,0.855,0.9925,0.891667,1,331.425,503.337,334.252,432.915,-23324.3,-1821.56,0.0085277,0.0215245,0.0114344,0.0480812
235,212,553,387,0.855,0.9925,0.891667,1,331.425,497.688,333.559,432.915,-21457,-1711.39,0.0085277,0.0219408,-0.00536743,0.0376165
235,212,553,219,0.855,0.9925,0.891667,0.965833,331.425,498.832,346.274,432.915,-22274.9,-7202.64,0.0085277,-0.003475,-0.00536744,0.000127397
235,212,553,220,0.855,0.9925,0.891667,0.849167,331.425,504.562,346.909,432.915,-24165.8,-7285.38,0.0085277,-0.003475,0.0110633,0.0106376
235,212,553,901,0.855,0.9925,0.891667,0.778583,331.425,498.683,344.802,432.915,-22180.2,-6566.85,0.0085277,-0.000538401,-0.00536743,0.0484826
235,212,729,388,0.855,0.9925,0.5575,1,331.425,503.337,375.551,387.42,-40246.6,-19140.1,0.0984792,0.0215245,-0.33412,0.165215
235,212,729,387,0.855,0.9925,0.5575,1,331.425,497.688,374.202,387.42,-38379.3,-18845.3,0.0984792,0.0219408,-0.348763,0.156909
235,212,729,219,0.855,0.9925,0.5575,0.965833,331.425,498.832,386.829,387.42,-39197.2,-23770.3,0.0984792,-0.003475,-0.352675,0.115508
235,212,729,220,0.855,0.9925,0.5575,0.849167,331.425,504.562,388.11,387.42,-41088.1,-24043.4,0.0984792,-0.003475,-0.33826,0.124002
235,212,729,901,0.855,0.9925,0.5575,0.778583,331.425,498.683,385.367,387.42,-39102.5,-23200.1,0.0984792,-0.000538401,-0.352235,0.164303
235,212,498,388,0.855,0.9925,0.528333,1,331.425,503.337,322.65,433.874,-22577.9,4001.44,-0.0181555,0.0215245,-0.0102478,0.0486856
235,212,498,387,0.855,0.9925,0.528333,1,331.425,497.688,321.955,433.874,-20710.5,4046.45,-0.0181555,0.0219408,-0.0276538,0.0376166
235,212,498,219,0.855,0.9925,0.528333,0.965833,331.425,498.832,334.67,433.874,-21528.5,-1444.8,-0.0181555,-0.003475,-0.0276538,0.000127546
235,212,498,220,0.855,0.9925,0.528333,0.849167,331.425,504.562,335.307,433.874,-23419.4,-1461.41,-0.0181555,-0.003475,-0.0106545,0.0112064
235,212,498,901,0.855,0.9925,0.528333,0.778583,331.425,498.683,333.198,433.874,-21433.8,-809.016,-0.0181555,-0.000538401,-0.0276538,0.0484828
235,212,555,388,0.855,0.9925,0.503333,1,331.425,503.337,334.004,436.322,-22205.1,-1850.25,0.00859303,0.0215245,-0.0045924,0.0379096
235,212,555,387,0.855,0.9925,0.503333,1,331.425,497.688,333.368,436.322,-20337.8,-1739.05,0.00859303,0.0219408,-0.0214255,0.0274136
235,212,555,219,0.855,0.9925,0.503333,0.965833,331.425,498.832,346.083,436.322,-21155.7,-7273.55,0.00859303,-0.003475,-0.0210507,-0.00970063
235,212,555,220,0.855,0.9925,0.503333,0.849167,331.425,504.562,346.662,436.322,-23046.6,-7357.11,0.00859303,-0.003475,-0.0045923,0.000837207
235,212,555,901,0.855,0.9925,0.503333,0.778583,331.425,498.683,344.611,436.322,-21061,-6632.76,0.00859303,-0.000538401,-0.0210926,0.0386126
235,212,554,388,0.855,0.9925,0.502333,1,331.425,503.337,333.916,437.661,-21765.3,-1861.53,0.00861854,0.0215245,-0.0468806,0.0339085
235,212,554,387,0.855,0.9925,0.502333,1,331.425,497.688,333.303,437.661,-19897.9,-1749.93,0.00861854,0.0219408,-0.063725,0.0234011
235,212,554,219,0.855,0.9925,0.502333,0.965833,331.425,498.832,346.017,437.661,-20715.9,-7301.42,0.00861854,-0.003475,-0.0632027,-0.0135656
235,212,554,220,0.855,0.9925,0.502333,0.849167,331.425,504.562,346.574,437.661,-22606.8,-7385.3,0.00861854,-0.003475,-0.0467343,-0.00301782
235,212,554,901,0.855,0.9925,0.502333,0.778583,331.425,498.683,344.545,437.661,-20621.2,-6658.66,0.00861854,-0.000538401,-0.0632612,0.0347311
235,82,553,388,0.855,0.976667,0.891667,1,332.206,510.864,334.252,432.915,-25822.9,-1930.26,-0.0140405,0.00731713,0.0114344,0.0477128
235,82,553,387,0.855,0.976667,0.891667,1,332.206,505.215,333.559,432.915,-23955,-1820.09,-0.0140405,0.0077234,-0.00536743,0.0372376
235,82,553,219,0.855,0.976667,0.891667,0.965833,332.206,506.361,346.274,432.915,-24868.2,-7311.34,-0.0140405,-0.0173137,-0.00536744,0.000127517
235,82,553,220,0.855,0.976667,0.891667,0.849167,332.206,512.091,346.909,432.915,-26759.1,-7394.08,-0.0140405,-0.0173138,0.0110633,0.0106376
235,82,553,901,0.855,0.976667,0.891667,0.778583,332.206,506.212,344.802,432.915,-24762.5,-6675.55,-0.0140405,-0.0144208,-0.00536743,0.048439
235,82,729,388,0.855,0.976667,0.5575,1,332.206,510.864,375.551,387.42,-42995.2,-19498.8,0.075911,0.00731713,-0.33412,0.164847
235,82,729,387,0.855,0.976667,0.5575,1,332.206,505.215,374.202,387.42,-41127.4,-19204.1,0.075911,0.0077234,-0.348763,0.15653
235,82,729,219,0.855,0.976667,0.5575,0.965833,332.206,506.361,386.829,387.42,-42040.5,-24129.1,0.075911,-0.0173137,-0.352675,0.115508
235,82,729,220,0.855,0.976667,0.5575,0.849167,332.206,512.091,388.11,387.42,-43931.5,-24402.2,0.075911,-0.0173138,-0.33826,0.124002
235,82,729,901,0.855,0.976667,0.5575,0.778583,332.206,506.212,385.367,387.42,-41934.8,-23558.9,0.075911,-0.0144208,-0.352235,0.16426
235,82,498,388,0.855,0.976667,0.528333,1,332.206,510.864,322.65,433.874,-24989.5,3979.64,-0.0407237,0.00731713,-0.0102478,0.0483172
235,82,498,387,0.855,0.976667,0.528333,1,332.206,505.215,321.955,433.874,-23121.7,4024.65,-0.0407237,0.0077234,-0.0276538,0.0372378
235,82,498,219,0.855,0.976667,0.528333,0.965833,332.206,506.361,334.67,433.874,-24034.8,-1466.6,-0.0407237,-0.0173137,-0.0276538,0.000127666
235,82,498,220,0.855,0.976667,0.528333,0.849167,332.206,512.091,335.307,433.874,-25925.8,-1483.2,-0.0407237,-0.0173138,-0.0106545,0.0112064
235,82,498,901,0.855,0.976667,0.528333,0.778583,332.206,506.212,333.198,433.874,-23929.1,-830.813,-0.0407237,-0.0144208,-0.0276538,0.0484391
235,82,555,388,0.855,0.976667,0.503333,1,332.206,510.864,334.004,436.322,-24704.7,-1960.02,-0.0139752,0.00731713,-0.0045924,0.0375413
235,82,555,387,0.855,0.976667,0.503333,1,332.206,505.215,333.368,436.322,-22836.9,-1848.82,-0.0139752,0.0077234,-0.0214255,0.0270347
235,82,555,219,0.855,0.976667,0.503333,0.965833,332.206,506.361,346.083,436.322,-23750.1,-7383.32,-0.0139752,-0.0173137,-0.0210507,-0.00970051
235,82,555,220,0.855,0.976667,0.503333,0.849167,332.206,512.091,346.662,436.322,-25641,-7466.88,-0.0139752,-0.0173138,-0.0045923,0.000837207
235,82,555,901,0.855,0.976667,0.503333,0.778583,332.206,506.212,344.611,436.322,-23644.3,-6742.53,-0.0139752,-0.0144208,-0.0210926,0.038569
235,82,554,388,0.855,0.976667,0.502333,1,332.206,510.864,333.916,437.661,-24265.3,-1971.72,-0.0139497,0.00731713,-0.0468806,0.0335401
235,82,554,387,0.855,0.976667,0.502333,1,332.206,505.215,333.303,437.661,-22397.5,-1860.12,-0.0139497,0.0077234,-0.063725,0.0230222
235,82,554,219,0.855,0.976667,0.502333,0.965833,332.206,506.361,346.017,437.661,-23310.7,-7411.61,-0.0139497,-0.0173137,-0.0632027,-0.0135655
235,82,554,220,0.855,0.976667,0.502333,0.849167,332.206,512.091,346.574,437.661,-25201.6,-7495.49,-0.0139497,-0.0173138,-0.0467343,-0.00301782
235,82,554,901,0.855,0.976667,0.502333,0.778583,332.206,506.212,344.545,437.661,-23204.9,-6768.85,-0.0139497,-0.0144208,-0.0632612,0.0346875
235,64,553,388,0.855,0.760833,0.891667,1,384.801,537.844,334.252,432.915,-35609.5,19287,-0.0598596,-0.476871,0.0114344,0.139369
235,64,553,387,0.855,0.760833,0.891667,1,384.801,532.238,333.559,432.915,-33458.5,19397.1,-0.0598596,-0.475516,-0.00536743,0.129843
235,64,553,219,0.855,0.760833,0.891667,0.965833,384.801,532.201,346.274,432.915,-34733.9,13905.9,-0.0598596,-0.499407,-0.00536744,0.0938792
235,64,553,220,0.855,0.760833,0.891667,0.849167,384.801,537.906,346.909,432.915,-36910.3,13823.1,-0.0598596,-0.500404,0.0110633,0.103392
235,64,553,901,0.855,0.760833,0.891667,0.778583,384.801,532.19,344.802,432.915,-34586.2,14541.7,-0.0598596,-0.496641,-0.00536743,0.142064
235,64,729,388,0.855,0.760833,0.5575,1,384.801,537.844,375.551,387.42,-55963.6,-1463.43,0.030092,-0.476871,-0.33412,0.256503
235,64,729,387,0.855,0.760833,0.5575,1,384.801,532.238,374.202,387.42,-53812.6,-1168.71,0.030092,-0.475516,-0.348763,0.249136
235,64,729,219,0.855,0.760833,0.5575,0.965833,384.801,532.201,386.829,387.42,-55088.1,-6093.71,0.030092,-0.499407,-0.352675,0.20926
235,64,729,220,0.855,0.760833,0.5575,0.849167,384.801,537.906,388.11,387.42,-57264.5,-6366.76,0.030092,-0.500404,-0.33826,0.216757
235,64,729,901,0.855,0.760833,0.5575,0.778583,384.801,532.19,385.367,387.42,-54940.4,-5523.49,0.030092,-0.496641,-0.352235,0.257885
235,64,498,388,0.855,0.760833,0.528333,1,384.801,537.844,322.65,433.874,-34445.6,25527.5,-0.0865428,-0.476871,-0.0102478,0.139974
235,64,498,387,0.855,0.760833,0.528333,1,384.801,532.238,321.955,433.874,-32294.5,25572.5,-0.0865428,-0.475516,-0.0276538,0.129843
235,64,498,219,0.855,0.760833,0.528333,0.965833,384.801,532.201,334.67,433.874,-33570,20081.2,-0.0865428,-0.499407,-0.0276538,0.0938793
235,64,498,220,0.855,0.760833,0.528333,0.849167,384.801,537.906,335.307,433.874,-35746.4,20064.6,-0.0865428,-0.500404,-0.0106545,0.103961
235,64,498,901,0.855,0.760833,0.528333,0.778583,384.801,532.19,333.198,433.874,-33422.3,20717,-0.0865428,-0.496641,-0.0276538,0.142064
235,64,555,388,0.855,0.760833,0.503333,1,384.801,537.844,334.004,436.322,-34325.1,19423.5,-0.0597942,-0.476871,-0.0045924,0.129198
235,64,555,387,0.855,0.760833,0.503333,1,384.801,532.238,333.368,436.322,-32174.1,19534.7,-0.0597942,-0.475516,-0.0214255,0.11964
235,64,555,219,0.855,0.760833,0.503333,0.965833,384.801,532.201,346.083,436.322,-33449.5,14000.2,-0.0597942,-0.499407,-0.0210507,0.0840512
235,64,555,220,0.855,0.760833,0.503333,0.849167,384.801,537.906,346.662,436.322,-35625.9,13916.6,-0.0597942,-0.500404,-0.0045923,0.0935917
235,64,555,901,0.855,0.760833,0.503333,0.778583,384.801,532.19,344.611,436.322,-33301.8,14641,-0.0597942,-0.496641,-0.0210926,0.132194
235,64,554,388,0.855,0.760833,0.502333,1,384.801,537.844,333.916,437.661,-33820.3,19477.1,-0.0597687,-0.476871,-0.0468806,0.125197
235,64,554,387,0.855,0.760833,0.502333,1,384.801,532.238,333.303,437.661,-31669.3,19588.7,-0.0597687,-0.475516,-0.063725,0.115628
235,64,554,219,0.855,0.760833,0.502333,0.965833,384.801,532.201,346.017,437.661,-32944.7,14037.2,-0.0597687,-0.499407,-0.0632027,0.0801862
235,64,554,220,0.855,0.760833,0.502333,0.849167,384.801,537.906,346.574,437.661,-35121.1,13953.4,-0.0597687,-0.500404,-0.0467343,0.0897367
235,64,554,901,0.855,0.760833,0.502333,0.778583,384.801,532.19,344.545,437.661,-32797.1,14680,-0.0597687,-0.496641,-0.0632612,0.128312
235,231,553,388,0.855,0.655667,0.891667,1,316.494,501.805,334.252,432.915,-22273.5,-8234.21,0.0085277,-0.0251508,0.0114344,0.018528
235,231,553,387,0.855,0.655667,0.891667,1,316.494,496.153,333.559,432.915,-20490.3,-8124.04,0.0085277,-0.0250696,-0.00536743,0.00772795
235,231,553,219,0.855,0.655667,0.891667,0.965833,316.494,497.675,346.274,432.915,-21271.4,-13615.3,0.0085277,-0.0504745,-0.00536744,-0.02975
235,231,553,220,0.855,0.655667,0.891667,0.849167,316.494,503.402,346.909,432.915,-23077.1,-13698,0.0085277,-0.0501345,0.0110633,-0.0188998
235,231,553,901,0.855,0.655667,0.891667,0.778583,316.494,497.482,344.802,432.915,-21181,-12979.5,0.0085277,-0.0475412,-0.00536743,0.0186019
235,231,729,388,0.855,0.655667,0.5575,1,316.494,501.805,375.551,387.42,-38433.5,-24790.4,0.0984792,-0.0251508,-0.33412,0.135662
235,231,729,387,0.855,0.655667,0.5575,1,316.494,496.153,374.202,387.42,-36650.2,-24495.6,0.0984792,-0.0250696,-0.348763,0.127021
235,231,729,219,0.855,0.655667,0.5575,0.965833,316.494,497.675,386.829,387.42,-37431.3,-29420.6,0.0984792,-0.0504745,-0.352675,0.0856308
235,231,729,220,0.855,0.655667,0.5575,0.849167,316.494,503.402,388.11,387.42,-39237.1,-29693.7,0.0984792,-0.0501345,-0.33826,0.0944646
235,231,729,901,0.855,0.655667,0.5575,0.778583,316.494,497.482,385.367,387.42,-37340.9,-28850.4,0.0984792,-0.0475412,-0.352235,0.134423
235,231,498,388,0.855,0.655667,0.528333,1,316.494,501.805,322.65,433.874,-21560.7,-2444.83,-0.0181555,-0.0251508,-0.0102478,0.0191324
235,231,498,387,0.855,0.655667,0.528333,1,316.494,496.153,321.955,433.874,-19777.5,-2399.83,-0.0181555,-0.0250696,-0.0276538,0.00772811
235,231,498,219,0.855,0.655667,0.528333,0.965833,316.494,497.675,334.67,433.874,-20558.6,-7891.08,-0.0181555,-0.0504745,-0.0276538,-0.0297499
235,231,498,220,0.855,0.655667,0.528333,0.849167,316.494,503.402,335.307,433.874,-22364.3,-7907.68,-0.0181555,-0.0501345,-0.0106545,-0.0183311
235,231,498,901,0.855,0.655667,0.528333,0.778583,316.494,497.482,333.198,433.874,-20468.2,-7255.29,-0.0181555,-0.0475412,-0.0276538,0.018602
235,231,555,388,0.855,0.655667,0.503333,1,316.494,501.805,334.004,436.322,-21204.8,-8313.32,0.00859303,-0.0251508,-0.0045924,0.00835647
235,231,555,387,0.855,0.655667,0.503333,1,316.494,496.153,333.368,436.322,-19421.5,-8202.12,0.00859303,-0.0250696,-0.0214255,-0.00247492
235,231,555,219,0.855,0.655667,0.503333,0.965833,316.494,497.675,346.083,436.322,-20202.6,-13736.6,0.00859303,-0.0504745,-0.0210507,-0.0395781
235,231,555,220,0.855,0.655667,0.503333,0.849167,316.494,503.402,346.662,436.322,-22008.4,-13820.2,0.00859303,-0.0501345,-0.0045923,-0.0287002
235,231,555,901,0.855,0.655667,0.503333,0.778583,316.494,497.482,344.611,436.322,-20112.2,-13095.8,0.00859303,-0.0475412,-0.0210926,0.00873186
235,231,554,388,0.855,0.655667,0.502333,1,316.494,501.805,333.916,437.661,-20784.8,-8344.41,0.00861854,-0.0251508,-0.0468806,0.00435532
235,231,554,387,0.855,0.655667,0.502333,1,316.494,496.153,333.303,437.661,-19001.5,-8232.81,0.00861854,-0.0250696,-0.063725,-0.00648744
235,231,554,219,0.855,0.655667,0.502333,0.965833,316.494,497.675,346.017,437.661,-19782.6,-13784.3,0.00861854,-0.0504745,-0.0632027,-0.0434431
235,231,554,220,0.855,0.655667,0.502333,0.849167,316.494,503.402,346.574,437.661,-21588.4,-13868.2,0.00861854,-0.0501345,-0.0467343,-0.0325553
235,231,554,901,0.855,0.655667,0.502333,0.778583,316.494,497.482,344.545,437.661,-19692.2,-13141.5,0.00861854,-0.0475412,-0.0632612,0.00485033
235,214,553,388,0.855,0.592857,0.891667,1,330.146,482.295,334.252,432.915,-16338.8,-1517.63,0.072055,0.183757,0.0114344,0.0491722
235,214,553,387,0.855,0.592857,0.891667,1,330.146,476.646,333.559,432.915,-14472.9,-1407.46,0.072055,0.184205,-0.00536743,0.0387387
235,214,553,219,0.855,0.592857,0.891667,0.965833,330.146,477.783,346.274,432.915,-15024.6,-6898.71,0.072055,0.157667,-0.00536744,0.000127397
235,214,553,220,0.855,0.592857,0.891667,0.849167,330.146,483.513,346.909,432.915,-16915.5,-6981.45,0.072055,0.157667,0.0110633,0.0106376
235,214,553,901,0.855,0.592857,0.891667,0.778583,330.146,477.634,344.802,432.915,-14960.7,-6262.93,0.072055,0.160732,-0.00536743,0.048612
235,214,729,388,0.855,0.592857,0.5575,1,330.146,482.295,375.551,387.42,-32562,-18137,0.162007,0.183757,-0.33412,0.166306
235,214,729,387,0.855,0.592857,0.5575,1,330.146,476.646,374.202,387.42,-30696,-17842.3,0.162007,0.184205,-0.348763,0.158031
235,214,729,219,0.855,0.592857,0.5575,0.965833,330.146,477.783,386.829,387.42,-31247.7,-22767.3,0.162007,0.157667,-0.352675,0.115508
235,214,729,220,0.855,0.592857,0.5575,0.849167,330.146,483.513,388.11,387.42,-33138.7,-23040.4,0.162007,0.157667,-0.33826,0.124002
235,214,729,901,0.855,0.592857,0.5575,0.778583,330.146,477.634,385.367,387.42,-31183.9,-22197.1,0.162007,0.160732,-0.352235,0.164433
235,214,498,388,0.855,0.592857,0.528333,1,330.146,482.295,322.65,433.874,-15835.4,4062.4,0.0453718,0.183757,-0.0102478,0.0497766
235,214,498,387,0.855,0.592857,0.528333,1,330.146,476.646,321.955,433.874,-13969.4,4107.41,0.0453718,0.184205,-0.0276538,0.0387389
235,214,498,219,0.855,0.592857,0.528333,0.965833,330.146,477.783,334.67,433.874,-14521.1,-1383.84,0.0453718,0.157667,-0.0276538,0.000127546
235,214,498,220,0.855,0.592857,0.528333,0.849167,330.146,483.513,335.307,433.874,-16412,-1400.44,0.0453718,0.157667,-0.0106545,0.0112064
235,214,498,901,0.855,0.592857,0.528333,0.778583,330.146,477.634,333.198,433.874,-14457.2,-748.053,0.0453718,0.160732,-0.0276538,0.0486121
235,214,555,388,0.855,0.592857,0.503333,1,330.146,482.295,334.004,436.322,-15216.6,-1543.33,0.0721203,0.183757,-0.0045924,0.0390006
235,214,555,387,0.855,0.592857,0.503333,1,330.146,476.646,333.368,436.322,-13350.7,-1432.14,0.0721203,0.184205,-0.0214255,0.0285358
235,214,555,219,0.855,0.592857,0.503333,0.965833,330.146,477.783,346.083,436.322,-13902.4,-6966.63,0.0721203,0.157667,-0.0210507,-0.00970063
235,214,555,220,0.855,0.592857,0.503333,0.849167,330.146,483.513,346.662,436.322,-15793.3,-7050.19,0.0721203,0.157667,-0.0045923,0.000837207
235,214,555,901,0.855,0.592857,0.503333,0.778583,330.146,477.634,344.611,436.322,-13838.5,-6325.84,0.0721203,0.160732,-0.0210926,0.038742
235,214,554,388,0.855,0.592857,0.502333,1,330.146,482.295,333.916,437.661,-14775.6,-1553.44,0.0721458,0.183757,-0.0468806,0.0349995
235,214,554,387,0.855,0.592857,0.502333,1,330.146,476.646,333.303,437.661,-12909.7,-1441.83,0.0721458,0.184205,-0.063725,0.0245233
235,214,554,219,0.855,0.592857,0.502333,0.965833,330.146,477.783,346.017,437.661,-13461.4,-6993.32,0.0721458,0.157667,-0.0632027,-0.0135656
235,214,554,220,0.855,0.592857,0.502333,0.849167,330.146,483.513,346.574,437.661,-15352.3,-7077.2,0.0721458,0.157667,-0.0467343,-0.00301782
235,214,554,901,0.855,0.592857,0.502333,0.778583,330.146,477.634,344.545,437.661,-13397.5,-6350.56,0.0721458,0.160732,-0.0632612,0.0348604
330,212,553,388,0.702333,0.9925,0.891667,1,355.626,503.337,334.252,411.231,-31330.7,8865.22,-0.38995,-0.0330663,-0.0397678,0.0480812
330,212,553,387,0.702333,0.9925,0.891667,1,355.626,497.688,333.559,411.231,-29338.8,8850.89,-0.38995,-0.03265,-0.0565696,0.0376165
330,212,553,219,0.702333,0.9925,0.891667,0.965833,355.626,498.832,346.274,411.231,-30457.2,3660.09,-0.38995,-0.0580658,-0.0565696,0.000127397
330,212,553,220,0.702333,0.9925,0.891667,0.849167,355.626,504.562,346.909,411.231,-32472.9,3702.12,-0.38995,-0.0580658,-0.0401388,0.0106376
330,212,553,901,0.702333,0.9925,0.891667,0.778583,355.626,498.683,344.802,411.231,-30327.7,4261.09,-0.38995,-0.0551292,-0.0565696,0.0484826
330,212,729,388,0.702333,0.9925,0.5575,1,355.626,503.337,375.551,363.89,-50016.9,-8453.28,-0.300939,-0.0330663,-0.386262,0.165215
330,212,729,387,0.702333,0.9925,0.5575,1,355.626,497.688,374.202,363.89,-48025,-8283.07,-0.300939,-0.03265,-0.400905,0.156909
330,212,729,219,0.702333,0.9925,0.5575,0.965833,355.626,498.832,386.829,363.89,-49143.4,-12907.6,-0.300939,-0.0580658,-0.404817,0.115508
330,212,729,220,0.702333,0.9925,0.5575,0.849167,355.626,504.562,388.11,363.89,-51159.1,-13055.9,-0.300939,-0.0580658,-0.390402,0.124002
330,212,729,901,0.702333,0.9925,0.5575,0.778583,355.626,498.683,385.367,363.89,-49013.9,-12372.2,-0.300939,-0.0551292,-0.404377,0.164303
330,212,498,388,0.702333,0.9925,0.528333,1,355.626,503.337,322.65,412.788,-30310.1,14688.2,-0.417861,-0.0330663,-0.0626772,0.0486856
330,212,498,387,0.702333,0.9925,0.528333,1,355.626,497.688,321.955,412.788,-28318.2,14608.7,-0.417861,-0.03265,-0.0800832,0.0376166
330,212,498,219,0.702333,0.9925,0.528333,0.965833,355.626,498.832,334.67,412.788,-29436.6,9417.92,-0.417861,-0.0580658,-0.0800833,0.000127546
330,212,498,220,0.702333,0.9925,0.528333,0.849167,355.626,504.562,335.307,412.788,-31452.3,9526.1,-0.417861,-0.0580658,-0.0630839,0.0112064
330,212,498,901,0.702333,0.9925,0.528333,0.778583,355.626,498.683,333.198,412.788,-29307.1,10018.9,-0.417861,-0.0551292,-0.0800833,0.0484828
330,212,555,388,0.702333,0.9925,0.503333,1,355.626,503.337,334.004,414.632,-30140.4,8836.53,-0.389461,-0.0330663,-0.0553707,0.0379096
330,212,555,387,0.702333,0.9925,0.503333,1,355.626,497.688,333.368,414.632,-28148.5,8823.22,-0.389461,-0.03265,-0.0722038,0.0274136
330,212,555,219,0.702333,0.9925,0.503333,0.965833,355.626,498.832,346.083,414.632,-29266.9,3589.17,-0.389461,-0.0580658,-0.0718289,-0.00970063
330,212,555,220,0.702333,0.9925,0.503333,0.849167,355.626,504.562,346.662,414.632,-31282.6,3630.39,-0.389461,-0.0580658,-0.0553706,0.000837207
330,212,555,901,0.702333,0.9925,0.503333,0.778583,355.626,498.683,344.611,414.632,-29137.4,4195.18,-0.389461,-0.0551292,-0.0718709,0.0386126
330,212,554,388,0.702333,0.9925,0.502333,1,355.626,503.337,333.916,415.969,-29672.6,8825.25,-0.389271,-0.0330663,-0.0974943,0.0339085
330,212,554,387,0.702333,0.9925,0.502333,1,355.626,497.688,333.303,415.969,-27680.8,8812.35,-0.389271,-0.03265,-0.114339,0.0234011
330,212,554,219,0.702333,0.9925,0.502333,0.965833,355.626,498.832,346.017,415.969,-28799.2,3561.31,-0.389271,-0.0580658,-0.113816,-0.0135656
330,212,554,220,0.702333,0.9925,0.502333,0.849167,355.626,504.562,346.574,415.969,-30814.9,3602.21,-0.389271,-0.0580658,-0.0973481,-0.00301782
330,212,554,901,0.702333,0.9925,0.502333,0.778583,355.626,498.683,344.545,415.969,-28669.7,4169.28,-0.389271,-0.0551292,-0.113875,0.0347311
330,82,553,388,0.702333,0.976667,0.891667,1,356.807,510.864,334.252,411.231,-33829.2,8920.47,-0.410825,-0.0455796,-0.0397678,0.0477128
330,82,553,387,0.702333,0.976667,0.891667,1,356.807,505.215,333.559,411.231,-31836.9,8906.14,-0.410825,-0.0451733,-0.0565696,0.0372376
330,82,553,219,0.702333,0.976667,0.891667,0.965833,356.807,506.361,346.274,411.231,-33050.5,3715.34,-0.410825,-0.0702104,-0.0565696,0.000127517
330,82,553,220,0.702333,0.976667,0.891667,0.849167,356.807,512.091,346.909,411.231,-35066.2,3757.37,-0.410825,-0.0702105,-0.0401388,0.0106376
330,82,553,901,0.702333,0.976667,0.891667,0.778583,356.807,506.212,344.802,411.231,-32910,4316.34,-0.410825,-0.0673175,-0.0565696,0.048439
330,82,729,388,0.702333,0.976667,0.5575,1,356.807,510.864,375.551,363.89,-52765.5,-8648.09,-0.321813,-0.0455796,-0.386262,0.164847
330,82,729,387,0.702333,0.976667,0.5575,1,356.807,505.215,374.202,363.89,-50773.1,-8477.88,-0.321813,-0.0451733,-0.400905,0.15653
330,82,729,219,0.702333,0.976667,0.5575,0.965833,356.807,506.361,386.829,363.89,-51986.7,-13102.4,-0.321813,-0.0702104,-0.404817,0.115508
330,82,729,220,0.702333,0.976667,0.5575,0.849167,356.807,512.091,388.11,363.89,-54002.4,-13250.7,-0.321813,-0.0702105,-0.390402,0.124002
330,82,729,901,0.702333,0.976667,0.5575,0.778583,356.807,506.212,385.367,363.89,-51846.2,-12567,-0.321813,-0.0673175,-0.404377,0.16426
330,82,498,388,0.702333,0.976667,0.528333,1,356.807,510.864,322.65,412.788,-32721.7,14830.4,-0.438735,-0.0455796,-0.0626772,0.0483172
330,82,498,387,0.702333,0.976667,0.528333,1,356.807,505.215,321.955,412.788,-30729.4,14750.9,-0.438735,-0.0451733,-0.0800832,0.0372378
330,82,498,219,0.702333,0.976667,0.528333,0.965833,356.807,506.361,334.67,412.788,-31943,9560.08,-0.438735,-0.0702104,-0.0800833,0.000127666
330,82,498,220,0.702333,0.976667,0.528333,0.849167,356.807,512.091,335.307,412.788,-33958.7,9668.25,-0.438735,-0.0702105,-0.0630839,0.0112064
330,82,498,901,0.702333,0.976667,0.528333,0.778583,356.807,506.212,333.198,412.788,-31802.4,10161.1,-0.438735,-0.0673175,-0.0800833,0.0484391
330,82,555,388,0.702333,0.976667,0.503333,1,356.807,510.864,334.004,414.632,-32640,8890.71,-0.410335,-0.0455796,-0.0553707,0.0375413
330,82,555,387,0.702333,0.976667,0.503333,1,356.807,505.215,333.368,414.632,-30647.7,8877.4,-0.410335,-0.0451733,-0.0722038,0.0270347
330,82,555,219,0.702333,0.976667,0.503333,0.965833,356.807,506.361,346.083,414.632,-31861.3,3643.35,-0.410335,-0.0702104,-0.0718289,-0.00970051
330,82,555,220,0.702333,0.976667,0.503333,0.849167,356.807,512.091,346.662,414.632,-33877,3684.58,-0.410335,-0.0702105,-0.0553706,0.000837207
330,82,555,901,0.702333,0.976667,0.503333,0.778583,356.807,506.212,344.611,414.632,-31720.8,4249.36,-0.410335,-0.0673175,-0.0718709,0.038569
330,82,554,388,0.702333,0.976667,0.502333,1,356.807,510.864,333.916,415.969,-32172.7,8879.01,-0.410145,-0.0455796,-0.0974943,0.0335401
330,82,554,387,0.702333,0.976667,0.502333,1,356.807,505.215,333.303,415.969,-30180.3,8866.11,-0.410145,-0.0451733,-0.114339,0.0230222
330,82,554,219,0.702333,0.976667,0.502333,0.965833,356.807,506.361,346.017,415.969,-31393.9,3615.07,-0.410145,-0.0702104,-0.113816,-0.0135655
330,82,554,220,0.702333,0.976667,0.502333,0.849167,356.807,512.091,346.574,415.969,-33409.6,3655.97,-0.410145,-0.0702105,-0.0973481,-0.00301782
330,82,554,901,0.702333,0.976667,0.502333,0.778583,356.807,506.212,344.545,415.969,-31253.4,4223.04,-0.410145,-0.0673175,-0.113875,0.0346875
330,64,553,388,0.702333,0.760833,0.891667,1,410.126,537.844,334.252,411.231,-43615.9,29577.9,-0.447019,-0.520143,-0.0397678,0.139369
330,64,553,387,0.702333,0.760833,0.891667,1,410.126,532.238,333.559,411.231,-41340.3,29563.6,-0.447019,-0.518788,-0.0565696,0.129843
330,64,553,219,0.702333,0.760833,0.891667,0.965833,410.126,532.201,346.274,411.231,-42916.2,24372.8,-0.447019,-0.542679,-0.0565696,0.0938792
330,64,553,220,0.702333,0.760833,0.891667,0.849167,410.126,537.906,346.909,411.231,-45217.4,24414.8,-0.447019,-0.543676,-0.0401388,0.103392
330,64,553,901,0.702333,0.760833,0.891667,0.778583,410.126,532.19,344.802,411.231,-42733.7,24973.8,-0.447019,-0.539913,-0.0565696,0.142064
330,64,729,388,0.702333,0.760833,0.5575,1,410.126,537.844,375.551,363.89,-65733.9,8827.51,-0.358007,-0.520143,-0.386262,0.256503
330,64,729,387,0.702333,0.760833,0.5575,1,410.126,532.238,374.202,363.89,-63458.4,8997.73,-0.358007,-0.518788,-0.400905,0.249136
330,64,729,219,0.702333,0.760833,0.5575,0.965833,410.126,532.201,386.829,363.89,-65034.3,4373.18,-0.358007,-0.542679,-0.404817,0.20926
330,64,729,220,0.702333,0.760833,0.5575,0.849167,410.126,537.906,388.11,363.89,-67335.4,4224.9,-0.358007,-0.543676,-0.390402,0.216757
330,64,729,901,0.702333,0.760833,0.5575,0.778583,410.126,532.19,385.367,363.89,-64851.8,4908.61,-0.358007,-0.539913,-0.404377,0.257885
330,64,498,388,0.702333,0.760833,0.528333,1,410.126,537.844,322.65,412.788,-42177.7,35818.4,-0.474929,-0.520143,-0.0626772,0.139974
330,64,498,387,0.702333,0.760833,0.528333,1,410.126,532.238,321.955,412.788,-39902.2,35738.9,-0.474929,-0.518788,-0.0800832,0.129843
330,64,498,219,0.702333,0.760833,0.528333,0.965833,410.126,532.201,334.67,412.788,-41478.1,30548.1,-0.474929,-0.542679,-0.0800833,0.0938793
330,64,498,220,0.702333,0.760833,0.528333,0.849167,410.126,537.906,335.307,412.788,-43779.3,30656.3,-0.474929,-0.543676,-0.0630839,0.103961
330,64,498,901,0.702333,0.760833,0.528333,0.778583,410.126,532.19,333.198,412.788,-41295.6,31149.1,-0.474929,-0.539913,-0.0800833,0.142064
330,64,555,388,0.702333,0.760833,0.503333,1,410.126,537.844,334.004,414.632,-42260.4,29714.4,-0.446529,-0.520143,-0.0553707,0.129198
330,64,555,387,0.702333,0.760833,0.503333,1,410.126,532.238,333.368,414.632,-39984.8,29701.1,-0.446529,-0.518788,-0.0722038,0.11964
330,64,555,219,0.702333,0.760833,0.503333,0.965833,410.126,532.201,346.083,414.632,-41560.7,24467.1,-0.446529,-0.542679,-0.0718289,0.0840512
330,64,555,220,0.702333,0.760833,0.503333,0.849167,410.126,537.906,346.662,414.632,-43861.9,24508.3,-0.446529,-0.543676,-0.0553706,0.0935917
330,64,555,901,0.702333,0.760833,0.503333,0.778583,410.126,532.19,344.611,414.632,-41378.2,25073.1,-0.446529,-0.539913,-0.0718709,0.132194
330,64,554,388,0.702333,0.760833,0.502333,1,410.126,537.844,333.916,415.969,-41727.7,29768.1,-0.446339,-0.520143,-0.0974943,0.125197
330,64,554,387,0.702333,0.760833,0.502333,1,410.126,532.238,333.303,415.969,-39452.2,29755.2,-0.446339,-0.518788,-0.114339,0.115628
330,64,554,219,0.702333,0.760833,0.502333,0.965833,410.126,532.201,346.017,415.969,-41028,24504.1,-0.446339,-0.542679,-0.113816,0.0801862
330,64,554,220,0.702333,0.760833,0.502333,0.849167,410.126,537.906,346.574,415.969,-43329.2,24545,-0.446339,-0.543676,-0.0973481,0.0897367
330,64,554,901,0.702333,0.760833,0.502333,0.778583,410.126,532.19,344.545,415.969,-40845.6,25112.1,-0.446339,-0.539913,-0.113875,0.128312
330,231,553,388,0.702333,0.655667,0.891667,1,340.718,501.805,334.252,411.231,-30279.9,2742.3,-0.392341,-0.0821327,-0.0397678,0.018528
330,231,553,387,0.702333,0.655667,0.891667,1,340.718,496.153,333.559,411.231,-28372.2,2727.96,-0.392341,-0.0820515,-0.0565696,0.00772795
330,231,553,219,0.702333,0.655667,0.891667,0.965833,340.718,497.675,346.274,411.231,-29453.7,-2462.84,-0.392341,-0.107456,-0.0565696,-0.02975
330,231,553,220,0.702333,0.655667,0.891667,0.849167,340.718,503.402,346.909,411.231,-31384.2,-2420.8,-0.392341,-0.107116,-0.0401388,-0.0188998
330,231,553,901,0.702333,0.655667,0.891667,0.778583,340.718,497.482,344.802,411.231,-29328.5,-1861.84,-0.392341,-0.104523,-0.0565696,0.0186019
330,231,729,388,0.702333,0.655667,0.5575,1,340.718,501.805,375.551,363.89,-48203.7,-13813.8,-0.30333,-0.0821327,-0.386262,0.135662
330,231,729,387,0.702333,0.655667,0.5575,1,340.718,496.153,374.202,363.89,-46296,-13643.6,-0.30333,-0.0820515,-0.400905,0.127021
330,231,729,219,0.702333,0.655667,0.5575,0.965833,340.718,497.675,386.829,363.89,-47377.5,-18268.2,-0.30333,-0.107456,-0.404817,0.0856308
330,231,729,220,0.702333,0.655667,0.5575,0.849167,340.718,503.402,388.11,363.89,-49308,-18416.5,-0.30333,-0.107116,-0.390402,0.0944646
330,231,729,901,0.702333,0.655667,0.5575,0.778583,340.718,497.482,385.367,363.89,-47252.3,-17732.8,-0.30333,-0.104523,-0.404377,0.134423
330,231,498,388,0.702333,0.655667,0.528333,1,340.718,501.805,322.65,412.788,-29292.9,8531.67,-0.420252,-0.0821327,-0.0626772,0.0191324
330,231,498,387,0.702333,0.655667,0.528333,1,340.718,496.153,321.955,412.788,-27385.2,8452.17,-0.420252,-0.0820515,-0.0800832,0.00772811
330,231,498,219,0.702333,0.655667,0.528333,0.965833,340.718,497.675,334.67,412.788,-28466.7,3261.37,-0.420252,-0.107456,-0.0800833,-0.0297499
330,231,498,220,0.702333,0.655667,0.528333,0.849167,340.718,503.402,335.307,412.788,-30397.2,3369.55,-0.420252,-0.107116,-0.0630839,-0.0183311
330,231,498,901,0.702333,0.655667,0.528333,0.778583,340.718,497.482,333.198,412.788,-28341.5,3862.37,-0.420252,-0.104523,-0.0800833,0.018602
330,231,555,388,0.702333,0.655667,0.503333,1,340.718,501.805,334.004,414.632,-29140,2663.18,-0.391852,-0.0821327,-0.0553707,0.00835647
330,231,555,387,0.702333,0.655667,0.503333,1,340.718,496.153,333.368,414.632,-27232.3,2649.88,-0.391852,-0.0820515,-0.0722038,-0.00247492
330,231,555,219,0.702333,0.655667,0.503333,0.965833,340.718,497.675,346.083,414.632,-28313.8,-2584.17,-0.391852,-0.107456,-0.0718289,-0.0395781
330,231,555,220,0.702333,0.655667,0.503333,0.849167,340.718,503.402,346.662,414.632,-30244.4,-2542.95,-0.391852,-0.107116,-0.0553706,-0.0287002
330,231,555,901,0.702333,0.655667,0.503333,0.778583,340.718,497.482,344.611,414.632,-28188.6,-1978.16,-0.391852,-0.104523,-0.0718709,0.00873186
330,231,554,388,0.702333,0.655667,0.502333,1,340.718,501.805,333.916,415.969,-28692.1,2632.09,-0.391662,-0.0821327,-0.0974943,0.00435532
330,231,554,387,0.702333,0.655667,0.502333,1,340.718,496.153,333.303,415.969,-26784.4,2619.19,-0.391662,-0.0820515,-0.114339,-0.00648744
330,231,554,219,0.702333,0.655667,0.502333,0.965833,340.718,497.675,346.017,415.969,-27865.9,-2631.85,-0.391662,-0.107456,-0.113816,-0.0434431
330,231,554,220,0.702333,0.655667,0.502333,0.849167,340.718,503.402,346.574,415.969,-29796.4,-2590.95,-0.391662,-0.107116,-0.0973481,-0.0325553
330,231,554,901,0.702333,0.655667,0.502333,0.778583,340.718,497.482,344.545,415.969,-27740.7,-2023.88,-0.391662,-0.104523,-0.113875,0.00485033
330,214,553,388,0.702333,0.592857,0.891667,1,353.154,482.295,334.252,411.231,-24345.2,8710.77,-0.330957,0.124633,-0.0397678,0.0491722
330,214,553,387,0.702333,0.592857,0.891667,1,353.154,476.646,333.559,411.231,-22354.7,8696.44,-0.330957,0.12508,-0.0565696,0.0387387
330,214,553,219,0.702333,0.592857,0.891667,0.965833,353.154,477.783,346.274,411.231,-23206.9,3505.64,-0.330957,0.0985423,-0.0565696,0.000127397
330,214,553,220,0.702333,0.592857,0.891667,0.849167,353.154,483.513,346.909,411.231,-25222.6,3547.67,-0.330957,0.0985423,-0.0401388,0.0106376
330,214,553,901,0.702333,0.592857,0.891667,0.778583,353.154,477.634,344.802,411.231,-23108.2,4106.64,-0.330957,0.101608,-0.0565696,0.048612
330,214,729,388,0.702333,0.592857,0.5575,1,353.154,482.295,375.551,363.89,-42332.2,-7908.62,-0.241945,0.124633,-0.386262,0.166306
330,214,729,387,0.702333,0.592857,0.5575,1,353.154,476.646,374.202,363.89,-40341.8,-7738.41,-0.241945,0.12508,-0.400905,0.158031
330,214,729,219,0.702333,0.592857,0.5575,0.965833,353.154,477.783,386.829,363.89,-41193.9,-12363,-0.241945,0.0985423,-0.404817,0.115508
330,214,729,220,0.702333,0.592857,0.5575,0.849167,353.154,483.513,388.11,363.89,-43209.6,-12511.2,-0.241945,0.0985423,-0.390402,0.124002
330,214,729,901,0.702333,0.592857,0.5575,0.778583,353.154,477.634,385.367,363.89,-41095.3,-11827.5,-0.241945,0.101608,-0.404377,0.164433
330,214,498,388,0.702333,0.592857,0.528333,1,353.154,482.295,322.65,412.788,-23567.5,14290.8,-0.358867,0.124633,-0.0626772,0.0497766
330,214,498,387,0.702333,0.592857,0.528333,1,353.154,476.646,321.955,412.788,-21577.1,14211.3,-0.358867,0.12508,-0.0800832,0.0387389
330,214,498,219,0.702333,0.592857,0.528333,0.965833,353.154,477.783,334.67,412.788,-22429.2,9020.51,-0.358867,0.0985423,-0.0800833,0.000127546
330,214,498,220,0.702333,0.592857,0.528333,0.849167,353.154,483.513,335.307,412.788,-24444.9,9128.69,-0.358867,0.0985423,-0.0630839,0.0112064
330,214,498,901,0.702333,0.592857,0.528333,0.778583,353.154,477.634,333.198,412.788,-22330.5,9621.51,-0.358867,0.101608,-0.0800833,0.0486121
330,214,555,388,0.702333,0.592857,0.503333,1,353.154,482.295,334.004,414.632,-23151.9,8685.07,-0.330467,0.124633,-0.0553707,0.0390006
330,214,555,387,0.702333,0.592857,0.503333,1,353.154,476.646,333.368,414.632,-21161.4,8671.76,-0.330467,0.12508,-0.0722038,0.0285358
330,214,555,219,0.702333,0.592857,0.503333,0.965833,353.154,477.783,346.083,414.632,-22013.6,3437.72,-0.330467,0.0985423,-0.0718289,-0.00970063
330,214,555,220,0.702333,0.592857,0.503333,0.849167,353.154,483.513,346.662,414.632,-24029.3,3478.94,-0.330467,0.0985423,-0.0553706,0.000837207
330,214,555,901,0.702333,0.592857,0.503333,0.778583,353.154,477.634,344.611,414.632,-21914.9,4043.72,-0.330467,0.101608,-0.0718709,0.038742
330,214,554,388,0.702333,0.592857,0.502333,1,353.154,482.295,333.916,415.969,-22683,8674.97,-0.330277,0.124633,-0.0974943,0.0349995
330,214,554,387,0.702333,0.592857,0.502333,1,353.154,476.646,333.303,415.969,-20692.5,8662.07,-0.330277,0.12508,-0.114339,0.0245233
330,214,554,219,0.702333,0.592857,0.502333,0.965833,353.154,477.783,346.017,415.969,-21544.7,3411.03,-0.330277,0.0985423,-0.113816,-0.0135656
330,214,554,220,0.702333,0.592857,0.502333,0.849167,353.154,483.513,346.574,415.969,-23560.4,3451.93,-0.330277,0.0985423,-0.0973481,-0.00301782
330,214,554,901,0.702333,0.592857,0.502333,0.778583,353.154,477.634,344.545,415.969,-21446,4019,-0.330277,0.101608,-0.113875,0.0348604
87,212,553,388,0.68,0.9925,0.891667,1,330.916,503.337,334.252,437.528,-21789.1,-1821.66,0.0310155,0.0353706,0.0113466,0.0480812
87,212,553,387,0.68,0.9925,0.891667,1,330.916,497.688,333.559,437.528,-19922.7,-1710.53,0.0310155,0.0357869,-0.00545517,0.0376165
87,212,553,219,0.68,0.9925,0.891667,0.965833,330.916,498.832,346.274,437.528,-20682.1,-7260.26,0.0310155,0.0103711,-0.00545517,0.000127397
87,212,553,220,0.68,0.9925,0.891667,0.849167,330.916,504.562,346.909,437.528,-22572.4,-7343.67,0.0310155,0.0103711,0.0109756,0.0106376
87,212,553,901,0.68,0.9925,0.891667,0.778583,330.916,498.683,344.802,437.528,-20594.2,-6617.71,0.0310155,0.0133077,-0.00545517,0.0484826
87,212,729,388,0.68,0.9925,0.5575,1,330.916,503.337,375.551,392.011,-38552.6,-19140.2,0.1199,0.0353706,-0.335274,0.165215
87,212,729,387,0.68,0.9925,0.5575,1,330.916,497.688,374.202,392.011,-36686.2,-18844.5,0.1199,0.0357869,-0.349917,0.156909
87,212,729,219,0.68,0.9925,0.5575,0.965833,330.916,498.832,386.829,392.011,-37445.7,-23828,0.1199,0.0103711,-0.353829,0.115508
87,212,729,220,0.68,0.9925,0.5575,0.849167,330.916,504.562,388.11,392.011,-39335.9,-24101.7,0.1199,0.0103711,-0.339415,0.124002
87,212,729,901,0.68,0.9925,0.5575,0.778583,330.916,498.683,385.367,392.011,-37357.8,-23251,0.1199,0.0133077,-0.35339,0.164303
87,212,498,388,0.68,0.9925,0.528333,1,330.916,503.337,322.65,438.487,-21096,4001.34,0.00461317,0.0353706,-0.0100544,0.0486856
87,212,498,387,0.68,0.9925,0.528333,1,330.916,497.688,321.955,438.487,-19229.7,4047.31,0.00461317,0.0357869,-0.0274604,0.0376166
87,212,498,219,0.68,0.9925,0.528333,0.965833,330.916,498.832,334.67,438.487,-19989.1,-1502.43,0.00461317,0.0103711,-0.0274605,0.000127546
87,212,498,220,0.68,0.9925,0.528333,0.849167,330.916,504.562,335.307,438.487,-21879.4,-1519.69,0.00461317,0.0103711,-0.0104611,0.0112064
87,212,498,901,0.68,0.9925,0.528333,0.778583,330.916,498.683,333.198,438.487,-19901.2,-859.869,0.00461317,0.0133077,-0.0274605,0.0484828
87,212,555,388,0.68,0.9925,0.503333,1,330.916,503.337,334.004,440.936,-20669.6,-1850.35,0.031081,0.0353706,-0.00468002,0.0379096
87,212,555,387,0.68,0.9925,0.503333,1,330.916,497.688,333.368,440.936,-18803.2,-1738.19,0.031081,0.0357869,-0.0215131,0.0274136
87,212,555,219,0.68,0.9925,0.503333,0.965833,330.916,498.832,346.083,440.936,-19562.7,-7331.17,0.031081,0.0103711,-0.0211383,-0.00970063
87,212,555,220,0.68,0.9925,0.503333,0.849167,330.916,504.562,346.662,440.936,-21453,-7415.39,0.031081,0.0103711,-0.00467992,0.000837207
87,212,555,901,0.68,0.9925,0.503333,0.778583,330.916,498.683,344.611,440.936,-19474.8,-6683.61,0.031081,0.0133077,-0.0211802,0.0386126
87,212,554,388,0.68,0.9925,0.502333,1,330.916,503.337,333.916,442.275,-20229.7,-1861.63,0.0311064,0.0353706,-0.0469683,0.0339085
87,212,554,387,0.68,0.9925,0.502333,1,330.916,497.688,333.303,442.275,-18363.3,-1749.07,0.0311064,0.0357869,-0.0638128,0.0234011
87,212,554,219,0.68,0.9925,0.502333,0.965833,330.916,498.832,346.017,442.275,-19122.8,-7359.04,0.0311064,0.0103711,-0.0632904,-0.0135656
87,212,554,220,0.68,0.9925,0.502333,0.849167,330.916,504.562,346.574,442.275,-21013,-7443.58,0.0311064,0.0103711,-0.0468221,-0.00301782
87,212,554,901,0.68,0.9925,0.502333,0.778583,330.916,498.683,344.545,442.275,-19034.8,-6709.51,0.0311064,0.0133077,-0.0633489,0.0347311
87,82,553,388,0.68,0.976667,0.891667,1,331.593,510.864,334.252,437.528,-24287.7,-1931.23,0.00837869,0.0210946,0.0113466,0.0477128
87,82,553,387,0.68,0.976667,0.891667,1,331.593,505.215,333.559,437.528,-22420.8,-1820.1,0.00837869,0.0215009,-0.00545517,0.0372376
87,82,553,219,0.68,0.976667,0.891667,0.965833,331.593,506.361,346.274,437.528,-23275.4,-7369.83,0.00837869,-0.00353616,-0.00545517,0.000127517
87,82,553,220,0.68,0.976667,0.891667,0.849167,331.593,512.091,346.909,437.528,-25165.7,-7453.24,0.00837869,-0.00353628,0.0109756,0.0106376
87,82,553,901,0.68,0.976667,0.891667,0.778583,331.593,506.212,344.802,437.528,-23176.5,-6727.28,0.00837869,-0.000643305,-0.00545517,0.048439
87,82,729,388,0.68,0.976667,0.5575,1,331.593,510.864,375.551,392.011,-41301.2,-19499.8,0.0972633,0.0210946,-0.335274,0.164847
87,82,729,387,0.68,0.976667,0.5575,1,331.593,505.215,374.202,392.011,-39434.4,-19204.1,0.0972633,0.0215009,-0.349917,0.15653
87,82,729,219,0.68,0.976667,0.5575,0.965833,331.593,506.361,386.829,392.011,-40289,-24187.6,0.0972633,-0.00353616,-0.353829,0.115508
87,82,729,220,0.68,0.976667,0.5575,0.849167,331.593,512.091,388.11,392.011,-42179.3,-24461.3,0.0972633,-0.00353628,-0.339415,0.124002
87,82,729,901,0.68,0.976667,0.5575,0.778583,331.593,506.212,385.367,392.011,-40190.1,-23610.6,0.0972633,-0.000643305,-0.35339,0.16426
87,82,498,388,0.68,0.976667,0.528333,1,331.593,510.864,322.65,438.487,-23507.7,3978.68,-0.0180237,0.0210946,-0.0100544,0.0483172
87,82,498,387,0.68,0.976667,0.528333,1,331.593,505.215,321.955,438.487,-21640.8,4024.64,-0.0180237,0.0215009,-0.0274604,0.0372378
87,82,498,219,0.68,0.976667,0.528333,0.965833,331.593,506.361,334.67,438.487,-22495.5,-1525.09,-0.0180237,-0.00353616,-0.0274605,0.000127666
87,82,498,220,0.68,0.976667,0.528333,0.849167,331.593,512.091,335.307,438.487,-24385.8,-1542.36,-0.0180237,-0.00353628,-0.0104611,0.0112064
87,82,498,901,0.68,0.976667,0.528333,0.778583,331.593,506.212,333.198,438.487,-22396.5,-882.535,-0.0180237,-0.000643305,-0.0274605,0.0484391
87,82,555,388,0.68,0.976667,0.503333,1,331.593,510.864,334.004,440.936,-23169.3,-1960.99,0.00844414,0.0210946,-0.00468002,0.0375413
87,82,555,387,0.68,0.976667,0.503333,1,331.593,505.215,333.368,440.936,-21302.4,-1848.83,0.00844414,0.0215009,-0.0215131,0.0270347
87,82,555,219,0.68,0.976667,0.503333,0.965833,331.593,506.361,346.083,440.936,-22157,-7441.81,0.00844414,-0.00353616,-0.0211383,-0.00970051
87,82,555,220,0.68,0.976667,0.503333,0.849167,331.593,512.091,346.662,440.936,-24047.3,-7526.03,0.00844414,-0.00353628,-0.00467992,0.000837207
87,82,555,901,0.68,0.976667,0.503333,0.778583,331.593,506.212,344.611,440.936,-22058.1,-6794.25,0.00844414,-0.000643305,-0.0211802,0.038569
87,82,554,388,0.68,0.976667,0.502333,1,331.593,510.864,333.916,442.275,-22729.8,-1972.69,0.00846953,0.0210946,-0.0469683,0.0335401
87,82,554,387,0.68,0.976667,0.502333,1,331.593,505.215,333.303,442.275,-20862.9,-1860.13,0.00846953,0.0215009,-0.0638128,0.0230222
87,82,554,219,0.68,0.976667,0.502333,0.965833,331.593,506.361,346.017,442.275,-21717.5,-7470.1,0.00846953,-0.00353616,-0.0632904,-0.0135655
87,82,554,220,0.68,0.976667,0.502333,0.849167,331.593,512.091,346.574,442.275,-23607.8,-7554.64,0.00846953,-0.00353628,-0.0468221,-0.00301782
87,82,554,901,0.68,0.976667,0.502333,0.778583,331.593,506.212,344.545,442.275,-21618.6,-6820.57,0.00846953,-0.000643305,-0.0633489,0.0346875
87,64,553,388,0.68,0.760833,0.891667,1,383.975,537.844,334.252,437.528,-34074.3,19513.1,-0.0394094,-0.465063,0.0113466,0.139369
87,64,553,387,0.68,0.760833,0.891667,1,383.975,532.238,333.559,437.528,-31924.2,19624.2,-0.0394094,-0.463707,-0.00545517,0.129843
87,64,553,219,0.68,0.760833,0.891667,0.965833,383.975,532.201,346.274,437.528,-33141.1,14074.4,-0.0394094,-0.487598,-0.00545517,0.0938792
87,64,553,220,0.68,0.760833,0.891667,0.849167,383.975,537.906,346.909,437.528,-35316.9,13991,-0.0394094,-0.488596,0.0109756,0.103392
87,64,553,901,0.68,0.760833,0.891667,0.778583,383.975,532.19,344.802,437.528,-33000.3,14717,-0.0394094,-0.484832,-0.00545517,0.142064
87,64,729,388,0.68,0.760833,0.5575,1,383.975,537.844,375.551,392.011,-54269.7,-1237.32,0.0494752,-0.465063,-0.335274,0.256503
87,64,729,387,0.68,0.760833,0.5575,1,383.975,532.238,374.202,392.011,-52119.6,-941.646,0.0494752,-0.463707,-0.349917,0.249136
87,64,729,219,0.68,0.760833,0.5575,0.965833,383.975,532.201,386.829,392.011,-53336.6,-5925.13,0.0494752,-0.487598,-0.353829,0.20926
87,64,729,220,0.68,0.760833,0.5575,0.849167,383.975,537.906,388.11,392.011,-55512.3,-6198.85,0.0494752,-0.488596,-0.339415,0.216757
87,64,729,901,0.68,0.760833,0.5575,0.778583,383.975,532.19,385.367,392.011,-53195.7,-5348.14,0.0494752,-0.484832,-0.35339,0.257885
87,64,498,388,0.68,0.760833,0.528333,1,383.975,537.844,322.65,438.487,-32963.7,25753.6,-0.0658117,-0.465063,-0.0100544,0.139974
87,64,498,387,0.68,0.760833,0.528333,1,383.975,532.238,321.955,438.487,-30813.7,25799.5,-0.0658117,-0.463707,-0.0274604,0.129843
87,64,498,219,0.68,0.760833,0.528333,0.965833,383.975,532.201,334.67,438.487,-32030.6,20249.8,-0.0658117,-0.487598,-0.0274605,0.0938793
87,64,498,220,0.68,0.760833,0.528333,0.849167,383.975,537.906,335.307,438.487,-34206.3,20232.5,-0.0658117,-0.488596,-0.0104611,0.103961
87,64,498,901,0.68,0.760833,0.528333,0.778583,383.975,532.19,333.198,438.487,-31889.7,20892.4,-0.0658117,-0.484832,-0.0274605,0.142064
87,64,555,388,0.68,0.760833,0.503333,1,383.975,537.844,334.004,440.936,-32789.6,19649.6,-0.0393439,-0.465063,-0.00468002,0.129198
87,64,555,387,0.68,0.760833,0.503333,1,383.975,532.238,333.368,440.936,-30639.5,19761.7,-0.0393439,-0.463707,-0.0215131,0.11964
87,64,555,219,0.68,0.760833,0.503333,0.965833,383.975,532.201,346.083,440.936,-31856.5,14168.8,-0.0393439,-0.487598,-0.0211383,0.0840512
87,64,555,220,0.68,0.760833,0.503333,0.849167,383.975,537.906,346.662,440.936,-34032.2,14084.5,-0.0393439,-0.488596,-0.00467992,0.0935917
87,64,555,901,0.68,0.760833,0.503333,0.778583,383.975,532.19,344.611,440.936,-31715.6,14816.3,-0.0393439,-0.484832,-0.0211802,0.132194
87,64,554,388,0.68,0.760833,0.502333,1,383.975,537.844,333.916,442.275,-32284.7,19703.2,-0.0393185,-0.465063,-0.0469683,0.125197
87,64,554,387,0.68,0.760833,0.502333,1,383.975,532.238,333.303,442.275,-30134.7,19815.8,-0.0393185,-0.463707,-0.0638128,0.115628
87,64,554,219,0.68,0.760833,0.502333,0.965833,383.975,532.201,346.017,442.275,-31351.6,14205.8,-0.0393185,-0.487598,-0.0632904,0.0801862
87,64,554,220,0.68,0.760833,0.502333,0.849167,383.975,537.906,346.574,442.275,-33527.4,14121.3,-0.0393185,-0.488596,-0.0468221,0.0897367
87,64,554,901,0.68,0.760833,0.502333,0.778583,383.975,532.19,344.545,442.275,-31210.7,14855.3,-0.0393185,-0.484832,-0.0633489,0.128312
87,231,553,388,0.68,0.655667,0.891667,1,315.986,501.805,334.252,437.528,-20738.3,-8302.71,0.0316698,-0.0106505,0.0113466,0.018528
87,231,553,387,0.68,0.655667,0.891667,1,315.986,496.153,333.559,437.528,-18956.1,-8191.59,0.0316698,-0.0105693,-0.00545517,0.00772795
87,231,553,219,0.68,0.655667,0.891667,0.965833,315.986,497.675,346.274,437.528,-19678.7,-13741.3,0.0316698,-0.0359741,-0.00545517,-0.02975
87,231,553,220,0.68,0.655667,0.891667,0.849167,315.986,503.402,346.909,437.528,-21483.7,-13824.7,0.0316698,-0.0356341,0.0109756,-0.0188998
87,231,553,901,0.68,0.655667,0.891667,0.778583,315.986,497.482,344.802,437.528,-19595,-13098.8,0.0316698,-0.0330409,-0.00545517,0.0186019
87,231,729,388,0.68,0.655667,0.5575,1,315.986,501.805,375.551,392.011,-36739.5,-24858.9,0.120554,-0.0106505,-0.335274,0.135662
87,231,729,387,0.68,0.655667,0.5575,1,315.986,496.153,374.202,392.011,-34957.2,-24563.2,0.120554,-0.0105693,-0.349917,0.127021
87,231,729,219,0.68,0.655667,0.5575,0.965833,315.986,497.675,386.829,392.011,-35679.8,-29546.7,0.120554,-0.0359741,-0.353829,0.0856308
87,231,729,220,0.68,0.655667,0.5575,0.849167,315.986,503.402,388.11,392.011,-37484.9,-29820.4,0.120554,-0.0356341,-0.339415,0.0944646
87,231,729,901,0.68,0.655667,0.5575,0.778583,315.986,497.482,385.367,392.011,-35596.2,-28969.7,0.120554,-0.0330409,-0.35339,0.134423
87,231,498,388,0.68,0.655667,0.528333,1,315.986,501.805,322.65,438.487,-20078.9,-2513.34,0.0052674,-0.0106505,-0.0100544,0.0191324
87,231,498,387,0.68,0.655667,0.528333,1,315.986,496.153,321.955,438.487,-18296.6,-2467.38,0.0052674,-0.0105693,-0.0274604,0.00772811
87,231,498,219,0.68,0.655667,0.528333,0.965833,315.986,497.675,334.67,438.487,-19019.2,-8017.11,0.0052674,-0.0359741,-0.0274605,-0.0297499
87,231,498,220,0.68,0.655667,0.528333,0.849167,315.986,503.402,335.307,438.487,-20824.3,-8034.38,0.0052674,-0.0356341,-0.0104611,-0.0183311
87,231,498,901,0.68,0.655667,0.528333,0.778583,315.986,497.482,333.198,438.487,-18935.6,-7374.55,0.0052674,-0.0330409,-0.0274605,0.018602
87,231,555,388,0.68,0.655667,0.503333,1,315.986,501.805,334.004,440.936,-19669.3,-8381.83,0.0317352,-0.0106505,-0.00468002,0.00835647
87,231,555,387,0.68,0.655667,0.503333,1,315.986,496.153,333.368,440.936,-17887,-8269.67,0.0317352,-0.0105693,-0.0215131,-0.00247492
87,231,555,219,0.68,0.655667,0.503333,0.965833,315.986,497.675,346.083,440.936,-18609.6,-13862.7,0.0317352,-0.0359741,-0.0211383,-0.0395781
87,231,555,220,0.68,0.655667,0.503333,0.849167,315.986,503.402,346.662,440.936,-20414.7,-13946.9,0.0317352,-0.0356341,-0.00467992,-0.0287002
87,231,555,901,0.68,0.655667,0.503333,0.778583,315.986,497.482,344.611,440.936,-18525.9,-13215.1,0.0317352,-0.0330409,-0.0211802,0.00873186
87,231,554,388,0.68,0.655667,0.502333,1,315.986,501.805,333.916,442.275,-19249.2,-8412.92,0.0317606,-0.0106505,-0.0469683,0.00435532
87,231,554,387,0.68,0.655667,0.502333,1,315.986,496.153,333.303,442.275,-17466.9,-8300.36,0.0317606,-0.0105693,-0.0638128,-0.00648744
87,231,554,219,0.68,0.655667,0.502333,0.965833,315.986,497.675,346.017,442.275,-18189.5,-13910.3,0.0317606,-0.0359741,-0.0632904,-0.0434431
87,231,554,220,0.68,0.655667,0.502333,0.849167,315.986,503.402,346.574,442.275,-19994.6,-13994.9,0.0317606,-0.0356341,-0.0468221,-0.0325553
87,231,554,901,0.68,0.655667,0.502333,0.778583,315.986,497.482,344.545,442.275,-18105.8,-13260.8,0.0317606,-0.0330409,-0.0633489,0.00485033
87,214,553,388,0.68,0.592857,0.891667,1,329.929,482.295,334.252,437.528,-14803.6,-1515.3,0.0946604,0.197721,0.0113466,0.0491722
87,214,553,387,0.68,0.592857,0.891667,1,329.929,476.646,333.559,437.528,-12938.6,-1404.17,0.0946604,0.198168,-0.00545517,0.0387387
87,214,553,219,0.68,0.592857,0.891667,0.965833,329.929,477.783,346.274,437.528,-13431.8,-6953.9,0.0946604,0.17163,-0.00545517,0.000127397
87,214,553,220,0.68,0.592857,0.891667,0.849167,329.929,483.513,346.909,437.528,-15322.1,-7037.31,0.0946604,0.17163,0.0109756,0.0106376
87,214,553,901,0.68,0.592857,0.891667,0.778583,329.929,477.634,344.802,437.528,-13374.7,-6311.35,0.0946604,0.174696,-0.00545517,0.048612
87,214,729,388,0.68,0.592857,0.5575,1,329.929,482.295,375.551,392.011,-30868,-18134.7,0.183545,0.197721,-0.335274,0.166306
87,214,729,387,0.68,0.592857,0.5575,1,329.929,476.646,374.202,392.011,-29003,-17839,0.183545,0.198168,-0.349917,0.158031
87,214,729,219,0.68,0.592857,0.5575,0.965833,329.929,477.783,386.829,392.011,-29496.2,-22822.5,0.183545,0.17163,-0.353829,0.115508
87,214,729,220,0.68,0.592857,0.5575,0.849167,329.929,483.513,388.11,392.011,-31386.5,-23096.2,0.183545,0.17163,-0.339415,0.124002
87,214,729,901,0.68,0.592857,0.5575,0.778583,329.929,477.634,385.367,392.011,-29439.1,-22245.5,0.183545,0.174696,-0.35339,0.164433
87,214,498,388,0.68,0.592857,0.528333,1,329.929,482.295,322.65,438.487,-14353.5,4064.74,0.068258,0.197721,-0.0100544,0.0497766
87,214,498,387,0.68,0.592857,0.528333,1,329.929,476.646,321.955,438.487,-12488.5,4110.7,0.068258,0.198168,-0.0274604,0.0387389
87,214,498,219,0.68,0.592857,0.528333,0.965833,329.929,477.783,334.67,438.487,-12981.7,-1439.03,0.068258,0.17163,-0.0274605,0.000127546
87,214,498,220,0.68,0.592857,0.528333,0.849167,329.929,483.513,335.307,438.487,-14872,-1456.3,0.068258,0.17163,-0.0104611,0.0112064
87,214,498,901,0.68,0.592857,0.528333,0.778583,329.929,477.634,333.198,438.487,-12924.6,-796.474,0.068258,0.174696,-0.0274605,0.0486121
87,214,555,388,0.68,0.592857,0.503333,1,329.929,482.295,334.004,440.936,-13681.1,-1541,0.0947258,0.197721,-0.00468002,0.0390006
87,214,555,387,0.68,0.592857,0.503333,1,329.929,476.646,333.368,440.936,-11816.1,-1428.84,0.0947258,0.198168,-0.0215131,0.0285358
87,214,555,219,0.68,0.592857,0.503333,0.965833,329.929,477.783,346.083,440.936,-12309.4,-7021.82,0.0947258,0.17163,-0.0211383,-0.00970063
87,214,555,220,0.68,0.592857,0.503333,0.849167,329.929,483.513,346.662,440.936,-14199.6,-7106.04,0.0947258,0.17163,-0.00467992,0.000837207
87,214,555,901,0.68,0.592857,0.503333,0.778583,329.929,477.634,344.611,440.936,-12252.2,-6374.26,0.0947258,0.174696,-0.0211802,0.038742
87,214,554,388,0.68,0.592857,0.502333,1,329.929,482.295,333.916,442.275,-13240,-1551.1,0.0947512,0.197721,-0.0469683,0.0349995
87,214,554,387,0.68,0.592857,0.502333,1,329.929,476.646,333.303,442.275,-11375,-1438.54,0.0947512,0.198168,-0.0638128,0.0245233
87,214,554,219,0.68,0.592857,0.502333,0.965833,329.929,477.783,346.017,442.275,-11868.3,-7048.52,0.0947512,0.17163,-0.0632904,-0.0135656
87,214,554,220,0.68,0.592857,0.502333,0.849167,329.929,483.513,346.574,442.275,-13758.5,-7133.06,0.0947512,0.17163,-0.0468221,-0.00301782
87,214,554,901,0.68,0.592857,0.502333,0.778583,329.929,477.634,344.545,442.275,-11811.1,-6398.98,0.0947512,0.174696,-0.0633489,0.0348604
332,212,553,388,0.6765,0.9925,0.891667,1,344.232,503.337,334.252,412.115,-30568.2,3150.11,-0.3564,-0.0352409,-0.0121117,0.0480812
332,212,553,387,0.6765,0.9925,0.891667,1,344.232,497.688,333.559,412.115,-28640.7,3200.17,-0.3564,-0.0348247,-0.0289135,0.0376165
332,212,553,219,0.6765,0.9925,0.891667,0.965833,344.232,498.832,346.274,412.115,-29732.5,-2017.24,-0.3564,-0.0602404,-0.0289135,0.000127397
332,212,553,220,0.6765,0.9925,0.891667,0.849167,344.232,504.562,346.909,412.115,-31683,-2040.42,-0.3564,-0.0602404,-0.0124828,0.0106376
332,212,553,901,0.6765,0.9925,0.891667,0.778583,344.232,498.683,344.802,412.115,-29606.1,-1413.16,-0.3564,-0.0573038,-0.0289135,0.0484826
332,212,729,388,0.6765,0.9925,0.5575,1,344.232,503.337,375.551,365.801,-48674.9,-14168.4,-0.264186,-0.0352409,-0.355403,0.165215
332,212,729,387,0.6765,0.9925,0.5575,1,344.232,497.688,374.202,365.801,-46747.5,-13933.8,-0.264186,-0.0348247,-0.370046,0.156909
332,212,729,219,0.6765,0.9925,0.5575,0.965833,344.232,498.832,386.829,365.801,-47839.2,-18585,-0.264186,-0.0602404,-0.373958,0.115508
332,212,729,220,0.6765,0.9925,0.5575,0.849167,344.232,504.562,388.11,365.801,-49789.7,-18798.4,-0.264186,-0.0602404,-0.359544,0.124002
332,212,729,901,0.6765,0.9925,0.5575,0.778583,344.232,498.683,385.367,365.801,-47712.8,-18046.4,-0.264186,-0.0573038,-0.373518,0.164303
332,212,498,388,0.6765,0.9925,0.528333,1,344.232,503.337,322.65,413.354,-29571.8,8973.11,-0.384355,-0.0352409,-0.0350655,0.0486856
332,212,498,387,0.6765,0.9925,0.528333,1,344.232,497.688,321.955,413.354,-27644.4,8958,-0.384355,-0.0348247,-0.0524715,0.0376166
332,212,498,219,0.6765,0.9925,0.528333,0.965833,344.232,498.832,334.67,413.354,-28736.1,3740.59,-0.384355,-0.0602404,-0.0524715,0.000127546
332,212,498,220,0.6765,0.9925,0.528333,0.849167,344.232,504.562,335.307,413.354,-30686.6,3783.55,-0.384355,-0.0602404,-0.0354722,0.0112064
332,212,498,901,0.6765,0.9925,0.528333,0.778583,344.232,498.683,333.198,413.354,-28609.7,4344.67,-0.384355,-0.0573038,-0.0524715,0.0484828
332,212,555,388,0.6765,0.9925,0.503333,1,344.232,503.337,334.004,415.521,-29416.5,3121.42,-0.356138,-0.0352409,-0.0279423,0.0379096
332,212,555,387,0.6765,0.9925,0.503333,1,344.232,497.688,333.368,415.521,-27489.1,3172.5,-0.356138,-0.0348247,-0.0447754,0.0274136
332,212,555,219,0.6765,0.9925,0.503333,0.965833,344.232,498.832,346.083,415.521,-28580.8,-2088.16,-0.356138,-0.0602404,-0.0444005,-0.00970063
332,212,555,220,0.6765,0.9925,0.503333,0.849167,344.232,504.562,346.662,415.521,-30531.3,-2112.15,-0.356138,-0.0602404,-0.0279422,0.000837207
332,212,555,901,0.6765,0.9925,0.503333,0.778583,344.232,498.683,344.611,415.521,-28454.4,-1479.07,-0.356138,-0.0573038,-0.0444425,0.0386126
332,212,554,388,0.6765,0.9925,0.502333,1,344.232,503.337,333.916,416.859,-28963.9,3110.14,-0.356037,-0.0352409,-0.0701541,0.0339085
332,212,554,387,0.6765,0.9925,0.502333,1,344.232,497.688,333.303,416.859,-27036.5,3161.63,-0.356037,-0.0348247,-0.0869986,0.0234011
332,212,554,219,0.6765,0.9925,0.502333,0.965833,344.232,498.832,346.017,416.859,-28128.2,-2116.02,-0.356037,-0.0602404,-0.0864763,-0.0135656
332,212,554,220,0.6765,0.9925,0.502333,0.849167,344.232,504.562,346.574,416.859,-30078.7,-2140.34,-0.356037,-0.0602404,-0.0700079,-0.00301782
332,212,554,901,0.6765,0.9925,0.502333,0.778583,344.232,498.683,344.545,416.859,-28001.8,-1504.97,-0.356037,-0.0573038,-0.0865348,0.0347311
332,82,553,388,0.6765,0.976667,0.891667,1,345.432,510.864,334.252,412.115,-33066.7,3119.67,-0.377955,-0.0484348,-0.0121117,0.0477128
332,82,553,387,0.6765,0.976667,0.891667,1,345.432,505.215,333.559,412.115,-31138.8,3169.73,-0.377955,-0.0480285,-0.0289135,0.0372376
332,82,553,219,0.6765,0.976667,0.891667,0.965833,345.432,506.361,346.274,412.115,-32325.8,-2047.68,-0.377955,-0.0730656,-0.0289135,0.000127517
332,82,553,220,0.6765,0.976667,0.891667,0.849167,345.432,512.091,346.909,412.115,-34276.3,-2070.86,-0.377955,-0.0730657,-0.0124828,0.0106376
332,82,553,901,0.6765,0.976667,0.891667,0.778583,345.432,506.212,344.802,412.115,-32188.3,-1443.6,-0.377955,-0.0701727,-0.0289135,0.048439
332,82,729,388,0.6765,0.976667,0.5575,1,345.432,510.864,375.551,365.801,-51423.6,-14448.9,-0.285741,-0.0484348,-0.355403,0.164847
332,82,729,387,0.6765,0.976667,0.5575,1,345.432,505.215,374.202,365.801,-49495.6,-14214.3,-0.285741,-0.0480285,-0.370046,0.15653
332,82,729,219,0.6765,0.976667,0.5575,0.965833,345.432,506.361,386.829,365.801,-50682.6,-18865.4,-0.285741,-0.0730656,-0.373958,0.115508
332,82,729,220,0.6765,0.976667,0.5575,0.849167,345.432,512.091,388.11,365.801,-52633.1,-19078.9,-0.285741,-0.0730657,-0.359544,0.124002
332,82,729,901,0.6765,0.976667,0.5575,0.778583,345.432,506.212,385.367,365.801,-50545.2,-18326.9,-0.285741,-0.0701727,-0.373518,0.16426
332,82,498,388,0.6765,0.976667,0.528333,1,345.432,510.864,322.65,413.354,-31983.5,9029.58,-0.405909,-0.0484348,-0.0350655,0.0483172
332,82,498,387,0.6765,0.976667,0.528333,1,345.432,505.215,321.955,413.354,-30055.5,9014.47,-0.405909,-0.0480285,-0.0524715,0.0372378
332,82,498,219,0.6765,0.976667,0.528333,0.965833,345.432,506.361,334.67,413.354,-31242.5,3797.06,-0.405909,-0.0730656,-0.0524715,0.000127666
332,82,498,220,0.6765,0.976667,0.528333,0.849167,345.432,512.091,335.307,413.354,-33193,3840.02,-0.405909,-0.0730657,-0.0354722,0.0112064
332,82,498,901,0.6765,0.976667,0.528333,0.778583,345.432,506.212,333.198,413.354,-31105.1,4401.14,-0.405909,-0.0701727,-0.0524715,0.0484391
332,82,555,388,0.6765,0.976667,0.503333,1,345.432,510.864,334.004,415.521,-31916.1,3089.91,-0.377693,-0.0484348,-0.0279423,0.0375413
332,82,555,387,0.6765,0.976667,0.503333,1,345.432,505.215,333.368,415.521,-29988.2,3140.99,-0.377693,-0.0480285,-0.0447754,0.0270347
332,82,555,219,0.6765,0.976667,0.503333,0.965833,345.432,506.361,346.083,415.521,-31175.2,-2119.66,-0.377693,-0.0730656,-0.0444005,-0.00970051
332,82,555,220,0.6765,0.976667,0.503333,0.849167,345.432,512.091,346.662,415.521,-33125.7,-2143.66,-0.377693,-0.0730657,-0.0279422,0.000837207
332,82,555,901,0.6765,0.976667,0.503333,0.778583,345.432,506.212,344.611,415.521,-31037.7,-1510.58,-0.377693,-0.0701727,-0.0444425,0.038569
332,82,554,388,0.6765,0.976667,0.502333,1,345.432,510.864,333.916,416.859,-31464,3078.21,-0.377591,-0.0484348,-0.0701541,0.0335401
332,82,554,387,0.6765,0.976667,0.502333,1,345.432,505.215,333.303,416.859,-29536,3129.7,-0.377591,-0.0480285,-0.0869986,0.0230222
332,82,554,219,0.6765,0.976667,0.502333,0.965833,345.432,506.361,346.017,416.859,-30723,-2147.95,-0.377591,-0.0730656,-0.0864763,-0.0135655
332,82,554,220,0.6765,0.976667,0.502333,0.849167,345.432,512.091,346.574,416.859,-32673.5,-2172.27,-0.377591,-0.0730657,-0.0700079,-0.00301782
332,82,554,901,0.6765,0.976667,0.502333,0.778583,345.432,506.212,344.545,416.859,-30585.6,-1536.9,-0.377591,-0.0701727,-0.0865348,0.0346875
332,64,553,388,0.6765,0.760833,0.891667,1,398.795,537.844,334.252,412.115,-42853.4,23555.9,-0.414797,-0.523647,-0.0121117,0.139369
332,64,553,387,0.6765,0.760833,0.891667,1,398.795,532.238,333.559,412.115,-40642.2,23606,-0.414797,-0.522291,-0.0289135,0.129843
332,64,553,219,0.6765,0.760833,0.891667,0.965833,398.795,532.201,346.274,412.115,-42191.5,18388.6,-0.414797,-0.546182,-0.0289135,0.0938792
332,64,553,220,0.6765,0.760833,0.891667,0.849167,398.795,537.906,346.909,412.115,-44427.5,18365.4,-0.414797,-0.54718,-0.0124828,0.103392
332,64,553,901,0.6765,0.760833,0.891667,0.778583,398.795,532.19,344.802,412.115,-42012.1,18992.7,-0.414797,-0.543416,-0.0289135,0.142064
332,64,729,388,0.6765,0.760833,0.5575,1,398.795,537.844,375.551,365.801,-64392,2805.55,-0.322583,-0.523647,-0.355403,0.256503
332,64,729,387,0.6765,0.760833,0.5575,1,398.795,532.238,374.202,365.801,-62180.9,3040.16,-0.322583,-0.522291,-0.370046,0.249136
332,64,729,219,0.6765,0.760833,0.5575,0.965833,398.795,532.201,386.829,365.801,-63730.1,-1611,-0.322583,-0.546182,-0.373958,0.20926
332,64,729,220,0.6765,0.760833,0.5575,0.849167,398.795,537.906,388.11,365.801,-65966.1,-1824.49,-0.322583,-0.54718,-0.359544,0.216757
332,64,729,901,0.6765,0.760833,0.5575,0.778583,398.795,532.19,385.367,365.801,-63550.7,-1072.48,-0.322583,-0.543416,-0.373518,0.257885
332,64,498,388,0.6765,0.760833,0.528333,1,398.795,537.844,322.65,413.354,-41439.5,29796.4,-0.442752,-0.523647,-0.0350655,0.139974
332,64,498,387,0.6765,0.760833,0.528333,1,398.795,532.238,321.955,413.354,-39228.4,29781.3,-0.442752,-0.522291,-0.0524715,0.129843
332,64,498,219,0.6765,0.760833,0.528333,0.965833,398.795,532.201,334.67,413.354,-40777.6,24563.9,-0.442752,-0.546182,-0.0524715,0.0938793
332,64,498,220,0.6765,0.760833,0.528333,0.849167,398.795,537.906,335.307,413.354,-43013.6,24606.9,-0.442752,-0.54718,-0.0354722,0.103961
332,64,498,901,0.6765,0.760833,0.528333,0.778583,398.795,532.19,333.198,413.354,-40598.3,25168,-0.442752,-0.543416,-0.0524715,0.142064
332,64,555,388,0.6765,0.760833,0.503333,1,398.795,537.844,334.004,415.521,-41536.5,23692.5,-0.414536,-0.523647,-0.0279423,0.129198
332,64,555,387,0.6765,0.760833,0.503333,1,398.795,532.238,333.368,415.521,-39325.4,23743.5,-0.414536,-0.522291,-0.0447754,0.11964
332,64,555,219,0.6765,0.760833,0.503333,0.965833,398.795,532.201,346.083,415.521,-40874.6,18482.9,-0.414536,-0.546182,-0.0444005,0.0840512
332,64,555,220,0.6765,0.760833,0.503333,0.849167,398.795,537.906,346.662,415.521,-43110.6,18458.9,-0.414536,-0.54718,-0.0279422,0.0935917
332,64,555,901,0.6765,0.760833,0.503333,0.778583,398.795,532.19,344.611,415.521,-40695.2,19092,-0.414536,-0.543416,-0.0444425,0.132194
332,64,554,388,0.6765,0.760833,0.502333,1,398.795,537.844,333.916,416.859,-41019,23746.1,-0.414434,-0.523647,-0.0701541,0.125197
332,64,554,387,0.6765,0.760833,0.502333,1,398.795,532.238,333.303,416.859,-38807.8,23797.6,-0.414434,-0.522291,-0.0869986,0.115628
332,64,554,219,0.6765,0.760833,0.502333,0.965833,398.795,532.201,346.017,416.859,-40357.1,18519.9,-0.414434,-0.546182,-0.0864763,0.0801862
332,64,554,220,0.6765,0.760833,0.502333,0.849167,398.795,537.906,346.574,416.859,-42593.1,18495.6,-0.414434,-0.54718,-0.0700079,0.0897367
332,64,554,901,0.6765,0.760833,0.502333,0.778583,398.795,532.19,344.545,416.859,-40177.7,19131,-0.414434,-0.543416,-0.0865348,0.128312
332,231,553,388,0.6765,0.655667,0.891667,1,329.326,501.805,334.252,412.115,-29517.4,-2970.94,-0.358972,-0.0844885,-0.0121117,0.018528
332,231,553,387,0.6765,0.655667,0.891667,1,329.326,496.153,333.559,412.115,-27674.1,-2920.88,-0.358972,-0.0844073,-0.0289135,0.00772795
332,231,553,219,0.6765,0.655667,0.891667,0.965833,329.326,497.675,346.274,412.115,-28729,-8138.29,-0.358972,-0.109812,-0.0289135,-0.02975
332,231,553,220,0.6765,0.655667,0.891667,0.849167,329.326,503.402,346.909,412.115,-30594.3,-8161.47,-0.358972,-0.109472,-0.0124828,-0.0188998
332,231,553,901,0.6765,0.655667,0.891667,0.778583,329.326,497.482,344.802,412.115,-28606.8,-7534.21,-0.358972,-0.106879,-0.0289135,0.0186019
332,231,729,388,0.6765,0.655667,0.5575,1,329.326,501.805,375.551,365.801,-46861.8,-19527.1,-0.266758,-0.0844885,-0.355403,0.135662
332,231,729,387,0.6765,0.655667,0.5575,1,329.326,496.153,374.202,365.801,-45018.5,-19292.5,-0.266758,-0.0844073,-0.370046,0.127021
332,231,729,219,0.6765,0.655667,0.5575,0.965833,329.326,497.675,386.829,365.801,-46073.4,-23943.6,-0.266758,-0.109812,-0.373958,0.0856308
332,231,729,220,0.6765,0.655667,0.5575,0.849167,329.326,503.402,388.11,365.801,-47938.7,-24157.1,-0.266758,-0.109472,-0.359544,0.0944646
332,231,729,901,0.6765,0.655667,0.5575,0.778583,329.326,497.482,385.367,365.801,-45951.2,-23405.1,-0.266758,-0.106879,-0.373518,0.134423
332,231,498,388,0.6765,0.655667,0.528333,1,329.326,501.805,322.65,413.354,-28554.7,2818.44,-0.386927,-0.0844885,-0.0350655,0.0191324
332,231,498,387,0.6765,0.655667,0.528333,1,329.326,496.153,321.955,413.354,-26711.4,2803.33,-0.386927,-0.0844073,-0.0524715,0.00772811
332,231,498,219,0.6765,0.655667,0.528333,0.965833,329.326,497.675,334.67,413.354,-27766.3,-2414.08,-0.386927,-0.109812,-0.0524715,-0.0297499
332,231,498,220,0.6765,0.655667,0.528333,0.849167,329.326,503.402,335.307,413.354,-29631.6,-2371.12,-0.386927,-0.109472,-0.0354722,-0.0183311
332,231,498,901,0.6765,0.655667,0.528333,0.778583,329.326,497.482,333.198,413.354,-27644.1,-1810,-0.386927,-0.106879,-0.0524715,0.018602
332,231,555,388,0.6765,0.655667,0.503333,1,329.326,501.805,334.004,415.521,-28416.2,-3050.05,-0.358711,-0.0844885,-0.0279423,0.00835647
332,231,555,387,0.6765,0.655667,0.503333,1,329.326,496.153,333.368,415.521,-26572.8,-2998.97,-0.358711,-0.0844073,-0.0447754,-0.00247492
332,231,555,219,0.6765,0.655667,0.503333,0.965833,329.326,497.675,346.083,415.521,-27627.7,-8259.62,-0.358711,-0.109812,-0.0444005,-0.0395781
332,231,555,220,0.6765,0.655667,0.503333,0.849167,329.326,503.402,346.662,415.521,-29493,-8283.62,-0.358711,-0.109472,-0.0279422,-0.0287002
332,231,555,901,0.6765,0.655667,0.503333,0.778583,329.326,497.482,344.611,415.521,-27505.6,-7650.54,-0.358711,-0.106879,-0.0444425,0.00873186
332,231,554,388,0.6765,0.655667,0.502333,1,329.326,501.805,333.916,416.859,-27983.4,-3081.14,-0.358609,-0.0844885,-0.0701541,0.00435532
332,231,554,387,0.6765,0.655667,0.502333,1,329.326,496.153,333.303,416.859,-26140.1,-3029.65,-0.358609,-0.0844073,-0.0869986,-0.00648744
332,231,554,219,0.6765,0.655667,0.502333,0.965833,329.326,497.675,346.017,416.859,-27195,-8307.31,-0.358609,-0.109812,-0.0864763,-0.0434431
332,231,554,220,0.6765,0.655667,0.502333,0.849167,329.326,503.402,346.574,416.859,-29060.3,-8331.62,-0.358609,-0.109472,-0.0700079,-0.0325553
332,231,554,901,0.6765,0.655667,0.502333,0.778583,329.326,497.482,344.545,416.859,-27072.8,-7696.25,-0.358609,-0.106879,-0.0865348,0.00485033
332,214,553,388,0.6765,0.592857,0.891667,1,341.735,482.295,334.252,412.115,-23582.7,3235.23,-0.295452,0.124412,-0.0121117,0.0491722
332,214,553,387,0.6765,0.592857,0.891667,1,341.735,476.646,333.559,412.115,-21656.6,3285.29,-0.295452,0.12486,-0.0289135,0.0387387
332,214,553,219,0.6765,0.592857,0.891667,0.965833,341.735,477.783,346.274,412.115,-22482.1,-1932.13,-0.295452,0.0983214,-0.0289135,0.000127397
332,214,553,220,0.6765,0.592857,0.891667,0.849167,341.735,483.513,346.909,412.115,-24432.6,-1955.3,-0.295452,0.0983214,-0.0124828,0.0106376
332,214,553,901,0.6765,0.592857,0.891667,0.778583,341.735,477.634,344.802,412.115,-22386.6,-1328.05,-0.295452,0.101387,-0.0289135,0.048612
332,214,729,388,0.6765,0.592857,0.5575,1,341.735,482.295,375.551,365.801,-40990.3,-13384.2,-0.203238,0.124412,-0.355403,0.166306
332,214,729,387,0.6765,0.592857,0.5575,1,341.735,476.646,374.202,365.801,-39064.3,-13149.6,-0.203238,0.12486,-0.370046,0.158031
332,214,729,219,0.6765,0.592857,0.5575,0.965833,341.735,477.783,386.829,365.801,-39889.8,-17800.7,-0.203238,0.0983214,-0.373958,0.115508
332,214,729,220,0.6765,0.592857,0.5575,0.849167,341.735,483.513,388.11,365.801,-41840.3,-18014.2,-0.203238,0.0983214,-0.359544,0.124002
332,214,729,901,0.6765,0.592857,0.5575,0.778583,341.735,477.634,385.367,365.801,-39794.2,-17262.2,-0.203238,0.101387,-0.373518,0.164433
332,214,498,388,0.6765,0.592857,0.528333,1,341.735,482.295,322.65,413.354,-22829.3,8815.27,-0.323407,0.124412,-0.0350655,0.0497766
332,214,498,387,0.6765,0.592857,0.528333,1,341.735,476.646,321.955,413.354,-20903.2,8800.16,-0.323407,0.12486,-0.0524715,0.0387389
332,214,498,219,0.6765,0.592857,0.528333,0.965833,341.735,477.783,334.67,413.354,-21728.8,3582.75,-0.323407,0.0983214,-0.0524715,0.000127546
332,214,498,220,0.6765,0.592857,0.528333,0.849167,341.735,483.513,335.307,413.354,-23679.3,3625.71,-0.323407,0.0983214,-0.0354722,0.0112064
332,214,498,901,0.6765,0.592857,0.528333,0.778583,341.735,477.634,333.198,413.354,-21633.2,4186.83,-0.323407,0.101387,-0.0524715,0.0486121
332,214,555,388,0.6765,0.592857,0.503333,1,341.735,482.295,334.004,415.521,-22428,3209.53,-0.295191,0.124412,-0.0279423,0.0390006
332,214,555,387,0.6765,0.592857,0.503333,1,341.735,476.646,333.368,415.521,-20501.9,3260.61,-0.295191,0.12486,-0.0447754,0.0285358
332,214,555,219,0.6765,0.592857,0.503333,0.965833,341.735,477.783,346.083,415.521,-21327.5,-2000.05,-0.295191,0.0983214,-0.0444005,-0.00970063
332,214,555,220,0.6765,0.592857,0.503333,0.849167,341.735,483.513,346.662,415.521,-23278,-2024.04,-0.295191,0.0983214,-0.0279422,0.000837207
332,214,555,901,0.6765,0.592857,0.503333,0.778583,341.735,477.634,344.611,415.521,-21231.9,-1390.96,-0.295191,0.101387,-0.0444425,0.038742
332,214,554,388,0.6765,0.592857,0.502333,1,341.735,482.295,333.916,416.859,-21974.3,3199.43,-0.295089,0.124412,-0.0701541,0.0349995
332,214,554,387,0.6765,0.592857,0.502333,1,341.735,476.646,333.303,416.859,-20048.2,3250.91,-0.295089,0.12486,-0.0869986,0.0245233
332,214,554,219,0.6765,0.592857,0.502333,0.965833,341.735,477.783,346.017,416.859,-20873.7,-2026.74,-0.295089,0.0983214,-0.0864763,-0.0135656
332,214,554,220,0.6765,0.592857,0.502333,0.849167,341.735,483.513,346.574,416.859,-22824.2,-2051.05,-0.295089,0.0983214,-0.0700079,-0.00301782
332,214,554,901,0.6765,0.592857,0.502333,0.778583,341.735,477.634,344.545,416.859,-20778.1,-1415.68,-0.295089,0.101387,-0.0865348,0.0348604
