93,132,96,166,0.985,0.963333,0.877,0.953333,454.594,279.705,459.999,300.246,9406.54,-1603.16,0.00240884,0.0596471,0.00274095,-0.00686827
93,132,96,172,0.985,0.963333,0.877,0.436833,454.594,283.345,459.952,300.246,7752.09,-1612.88,0.00240884,0.059778,0.0106557,0.19943
93,132,96,171,0.985,0.963333,0.877,0.394667,454.594,270.052,460.261,300.246,13792.9,-1577.39,0.00240884,0.0592825,-0.01823,0.182319
93,132,96,197,0.985,0.963333,0.877,0.3805,454.594,280.444,441.39,300.246,9026.01,3982.1,0.00240884,0.126048,0.00274097,0.388988
93,132,96,168,0.985,0.963333,0.877,0.365667,454.594,289.268,459.938,300.246,5060.63,-1628.7,0.00240884,0.0599842,0.0235332,0.0227025
93,132,103,166,0.985,0.963333,0.33519,0.953333,454.594,279.705,460.353,310.025,13851,-1655.37,0.00240884,0.0596471,-0.168852,-0.0281043
93,132,103,172,0.985,0.963333,0.33519,0.436833,454.594,283.345,460.229,310.025,12196.5,-1665.41,0.00240884,0.059778,-0.160947,0.178185
93,132,103,171,0.985,0.963333,0.33519,0.394667,454.594,270.052,460.82,310.025,18237.3,-1628.76,0.00240884,0.0592825,-0.189785,0.16112
93,132,103,197,0.985,0.963333,0.33519,0.3805,454.594,280.444,441.749,310.025,13470.4,4111.79,0.00240884,0.126048,-0.169746,0.366858
93,132,103,168,0.985,0.963333,0.33519,0.365667,454.594,289.268,460.089,310.025,9505.06,-1681.75,0.00240884,0.0599842,-0.148079,0.0014475
93,132,98,166,0.985,0.963333,0.32769,0.953333,454.594,279.705,460.516,313.273,15327.4,-1672.72,0.00240884,0.0596471,0.013343,-0.0351506
93,132,98,172,0.985,0.963333,0.32769,0.436833,454.594,283.345,460.367,313.273,13673,-1682.86,0.00240884,0.059778,0.0212437,0.171134
93,132,98,171,0.985,0.963333,0.32769,0.394667,454.594,270.052,461.051,313.273,19713.7,-1645.83,0.00240884,0.0592825,-0.00757373,0.154091
93,132,98,197,0.985,0.963333,0.32769,0.3805,454.594,280.444,441.916,313.273,14946.9,4154.87,0.00240884,0.126048,0.0121523,0.359515
93,132,98,168,0.985,0.963333,0.32769,0.365667,454.594,289.268,460.185,313.273,10981.5,-1699.37,0.00240884,0.0599842,0.034106,-0.00560916
93,132,120,166,0.985,0.963333,0.291667,0.953333,454.594,279.705,465.535,361.019,37028.5,-1927.66,0.00240884,0.0596471,-0.0830521,-0.137744
93,132,120,172,0.985,0.963333,0.291667,0.436833,454.594,283.345,465.014,361.019,35374.1,-1939.35,0.00240884,0.059778,-0.0753075,0.0683847
93,132,120,171,0.985,0.963333,0.291667,0.394667,454.594,270.052,467.052,361.019,41414.8,-1896.67,0.00240884,0.0592825,-0.103496,0.05197
93,132,120,197,0.985,0.963333,0.291667,0.3805,454.594,280.444,447.093,361.019,36648,4788.12,0.00240884,0.126048,-0.0884837,0.252681
93,132,120,168,0.985,0.963333,0.291667,0.365667,454.594,289.268,464.226,361.019,32682.6,-1958.37,0.00240884,0.0599842,-0.062673,-0.108586
93,132,130,166,0.985,0.963333,0.291667,0.953333,454.594,279.705,469.204,381.705,46430.3,-2038.11,0.00240884,0.0596471,-0.205817,-0.181305
93,132,130,172,0.985,0.963333,0.291667,0.436833,454.594,283.345,468.526,381.705,44775.8,-2050.47,0.00240884,0.059778,-0.198188,0.024708
93,132,130,171,0.985,0.963333,0.291667,0.394667,454.594,270.052,471.133,381.705,50816.6,-2005.35,0.00240884,0.0592825,-0.225934,0.00873597
93,132,130,197,0.985,0.963333,0.291667,0.3805,454.594,280.444,450.89,381.705,46049.8,5062.47,0.00240884,0.126048,-0.21298,0.207389
93,132,130,168,0.985,0.963333,0.291667,0.365667,454.594,289.268,467.481,381.705,42084.4,-2070.58,0.00240884,0.0599842,-0.18573,-0.15244
93,161,96,166,0.985,0.729833,0.877,0.953333,438.247,258.608,459.999,300.246,19338.4,-6812.16,0.053486,-0.0132795,0.00274095,-0.0756235
93,161,96,172,0.985,0.729833,0.877,0.436833,438.247,262.238,459.952,300.246,17747.8,-6821.88,0.053486,-0.0121844,0.0106557,0.131639
93,161,96,171,0.985,0.729833,0.877,0.394667,438.247,248.987,460.261,300.246,23555.4,-6786.39,0.053486,-0.0163372,-0.01823,0.11087
93,161,96,197,0.985,0.729833,0.877,0.3805,438.247,258.12,441.39,300.246,18556.1,-1226.9,0.053486,0.0587349,0.00274097,0.325847
93,161,96,168,0.985,0.729833,0.877,0.365667,438.247,268.144,459.938,300.246,15160.3,-6837.7,0.053486,-0.0104665,0.0235332,-0.0435771
93,161,103,166,0.985,0.729833,0.33519,0.953333,438.247,258.608,460.353,310.025,23613.2,-7034.02,0.053486,-0.0132795,-0.168852,-0.0968596
93,161,103,172,0.985,0.729833,0.33519,0.436833,438.247,262.238,460.229,310.025,22022.6,-7044.06,0.053486,-0.0121844,-0.160947,0.110394
93,161,103,171,0.985,0.729833,0.33519,0.394667,438.247,248.987,460.82,310.025,27830.1,-7007.41,0.053486,-0.0163372,-0.189785,0.0896718
93,161,103,197,0.985,0.729833,0.33519,0.3805,438.247,258.12,441.749,310.025,22830.9,-1266.86,0.053486,0.0587349,-0.169746,0.303717
93,161,103,168,0.985,0.729833,0.33519,0.365667,438.247,268.144,460.089,310.025,19435.1,-7060.4,0.053486,-0.0104665,-0.148079,-0.064832
93,161,98,166,0.985,0.729833,0.32769,0.953333,438.247,258.608,460.516,313.273,25033.3,-7107.73,0.053486,-0.0132795,0.013343,-0.103906
93,161,98,172,0.985,0.729833,0.32769,0.436833,438.247,262.238,460.367,313.273,23442.7,-7117.87,0.053486,-0.0121844,0.0212437,0.103343
93,161,98,171,0.985,0.729833,0.32769,0.394667,438.247,248.987,461.051,313.273,29250.2,-7080.84,0.053486,-0.0163372,-0.00757373,0.0826422
93,161,98,197,0.985,0.729833,0.32769,0.3805,438.247,258.12,441.916,313.273,24251,-1280.14,0.053486,0.0587349,0.0121523,0.296374
93,161,98,168,0.985,0.729833,0.32769,0.365667,438.247,268.144,460.185,313.273,20855.1,-7134.38,0.053486,-0.0104665,0.034106,-0.0718887
93,161,120,166,0.985,0.729833,0.291667,0.953333,438.247,258.608,465.535,361.019,45906,-8191.02,0.053486,-0.0132795,-0.0830521,-0.206499
93,161,120,172,0.985,0.729833,0.291667,0.436833,438.247,262.238,465.014,361.019,44315.4,-8202.71,0.053486,-0.0121844,-0.0753075,0.000593491
93,161,120,171,0.985,0.729833,0.291667,0.394667,438.247,248.987,467.052,361.019,50123,-8160.04,0.053486,-0.0163372,-0.103496,-0.0194784
93,161,120,197,0.985,0.729833,0.291667,0.3805,438.247,258.12,447.093,361.019,45123.7,-1475.24,0.053486,0.0587349,-0.0884837,0.18954
93,161,120,168,0.985,0.729833,0.291667,0.365667,438.247,268.144,464.226,361.019,41727.9,-8221.74,0.053486,-0.0104665,-0.062673,-0.174866
93,161,130,166,0.985,0.729833,0.291667,0.953333,438.247,258.608,469.204,381.705,54948.9,-8660.35,0.053486,-0.0132795,-0.205817,-0.250061
93,161,130,172,0.985,0.729833,0.291667,0.436833,438.247,262.238,468.526,381.705,53358.3,-8672.71,0.053486,-0.0121844,-0.198188,-0.0430833
93,161,130,171,0.985,0.729833,0.291667,0.394667,438.247,248.987,471.133,381.705,59165.9,-8627.59,0.053486,-0.0163372,-0.225934,-0.0627125
93,161,130,197,0.985,0.729833,0.291667,0.3805,438.247,258.12,450.89,381.705,54166.6,-1559.77,0.053486,0.0587349,-0.21298,0.144247
93,161,130,168,0.985,0.729833,0.291667,0.365667,438.247,268.144,467.481,381.705,50770.8,-8692.82,0.053486,-0.0104665,-0.18573,-0.21872
93,162,96,166,0.985,0.52,0.877,0.953333,458.658,256.819,459.999,300.246,19947.8,-685.942,0.0520996,0.0332122,0.00274095,0.00332675
93,162,96,172,0.985,0.52,0.877,0.436833,458.658,260.459,459.952,300.246,18283,-695.662,0.0520996,0.0332122,0.0106557,0.209494
93,162,96,171,0.985,0.52,0.877,0.394667,458.658,247.166,460.261,300.246,24361.7,-660.17,0.0520996,0.0332121,-0.01823,0.192878
93,162,96,197,0.985,0.52,0.877,0.3805,458.658,257.802,441.39,300.246,19140.9,4899.32,0.0520996,0.105446,0.00274097,0.405017
93,162,96,168,0.985,0.52,0.877,0.365667,458.658,266.382,459.938,300.246,15574.7,-711.483,0.0520996,0.0332122,0.0235332,0.0325603
93,162,103,166,0.985,0.52,0.33519,0.953333,458.658,256.819,460.353,310.025,24422.1,-708.283,0.0520996,0.0332122,-0.168852,-0.0179093
93,162,103,172,0.985,0.52,0.33519,0.436833,458.658,260.459,460.229,310.025,22757.3,-718.318,0.0520996,0.0332122,-0.160947,0.188249
93,162,103,171,0.985,0.52,0.33519,0.394667,458.658,247.166,460.82,310.025,28836,-681.671,0.0520996,0.0332121,-0.189785,0.17168
93,162,103,197,0.985,0.52,0.33519,0.3805,458.658,257.802,441.749,310.025,23615.2,5058.88,0.0520996,0.105446,-0.169746,0.382886
93,162,103,168,0.985,0.52,0.33519,0.365667,458.658,266.382,460.089,310.025,20049,-734.655,0.0520996,0.0332122,-0.148079,0.0113054
93,162,98,166,0.985,0.52,0.32769,0.953333,458.658,256.819,460.516,313.273,25908.5,-715.705,0.0520996,0.0332122,0.013343,-0.0249556
93,162,98,172,0.985,0.52,0.32769,0.436833,458.658,260.459,460.367,313.273,24243.7,-725.846,0.0520996,0.0332122,0.0212437,0.181198
93,162,98,171,0.985,0.52,0.32769,0.394667,458.658,247.166,461.051,313.273,30322.4,-688.815,0.0520996,0.0332121,-0.00757373,0.16465
93,162,98,197,0.985,0.52,0.32769,0.3805,458.658,257.802,441.916,313.273,25101.6,5111.88,0.0520996,0.105446,0.0121523,0.375544
93,162,98,168,0.985,0.52,0.32769,0.365667,458.658,266.382,460.185,313.273,21535.3,-742.354,0.0520996,0.0332122,0.034106,0.00424873
93,162,120,166,0.985,0.52,0.291667,0.953333,458.658,256.819,465.535,361.019,47755.5,-824.787,0.0520996,0.0332122,-0.0830521,-0.127549
93,162,120,172,0.985,0.52,0.291667,0.436833,458.658,260.459,465.014,361.019,46090.6,-836.473,0.0520996,0.0332122,-0.0753075,0.0784487
93,162,120,171,0.985,0.52,0.291667,0.394667,458.658,247.166,467.052,361.019,52169.3,-793.798,0.0520996,0.0332121,-0.103496,0.0625295
93,162,120,197,0.985,0.52,0.291667,0.3805,458.658,257.802,447.093,361.019,46948.5,5890.99,0.0520996,0.105446,-0.0884837,0.26871
93,162,120,168,0.985,0.52,0.291667,0.365667,458.658,266.382,464.226,361.019,43382.3,-855.498,0.0520996,0.0332122,-0.062673,-0.0987283
93,162,130,166,0.985,0.52,0.291667,0.953333,458.658,256.819,469.204,381.705,57220.4,-872.045,0.0520996,0.0332122,-0.205817,-0.17111
93,162,130,172,0.985,0.52,0.291667,0.436833,458.658,260.459,468.526,381.705,55555.6,-884.4,0.0520996,0.0332122,-0.198188,0.034772
93,162,130,171,0.985,0.52,0.291667,0.394667,458.658,247.166,471.133,381.705,61634.3,-839.28,0.0520996,0.0332121,-0.225934,0.0192954
93,162,130,197,0.985,0.52,0.291667,0.3805,458.658,257.802,450.89,381.705,56413.5,6228.53,0.0520996,0.105446,-0.21298,0.223417
93,162,130,168,0.985,0.52,0.291667,0.365667,458.658,266.382,467.481,381.705,52847.2,-904.515,0.0520996,0.0332122,-0.18573,-0.142582
93,134,96,166,0.985,0.450786,0.877,0.953333,436.294,281.004,459.999,300.246,9027.86,-7096.73,0.00240883,-0.0412506,0.00274095,-0.0719905
93,134,96,172,0.985,0.450786,0.877,0.436833,436.294,284.635,459.952,300.246,7440.02,-7106.44,0.00240883,-0.040288,0.0106557,0.13514
93,134,96,171,0.985,0.450786,0.877,0.394667,436.294,271.38,460.261,300.246,13237.6,-7070.95,0.00240883,-0.0439271,-0.01823,0.114885
93,134,96,197,0.985,0.450786,0.877,0.3805,436.294,280.53,441.39,300.246,8662.66,-1511.47,0.00240883,0.0250168,0.00274097,0.323733
93,134,96,168,0.985,0.450786,0.877,0.365667,436.294,290.542,459.938,300.246,4856.91,-7122.27,0.00240883,-0.0387737,0.0235332,-0.0402802
93,134,103,166,0.985,0.450786,0.33519,0.953333,436.294,281.004,460.353,310.025,13293.4,-7327.86,0.00240883,-0.0412506,-0.168852,-0.0932266
93,134,103,172,0.985,0.450786,0.33519,0.436833,436.294,284.635,460.229,310.025,11705.5,-7337.89,0.00240883,-0.040288,-0.160947,0.113894
93,134,103,171,0.985,0.450786,0.33519,0.394667,436.294,271.38,460.82,310.025,17503.1,-7301.24,0.00240883,-0.0439271,-0.189785,0.093686
93,134,103,197,0.985,0.450786,0.33519,0.3805,436.294,280.53,441.749,310.025,12928.2,-1560.69,0.00240883,0.0250168,-0.169746,0.301602
93,134,103,168,0.985,0.450786,0.33519,0.365667,436.294,290.542,460.089,310.025,9122.42,-7354.23,0.00240883,-0.0387737,-0.148079,-0.0615352
93,134,98,166,0.985,0.450786,0.32769,0.953333,436.294,281.004,460.516,313.273,14710.4,-7404.64,0.00240883,-0.0412506,0.013343,-0.100273
93,134,98,172,0.985,0.450786,0.32769,0.436833,436.294,284.635,460.367,313.273,13122.5,-7414.78,0.00240883,-0.040288,0.0212437,0.106843
93,134,98,171,0.985,0.450786,0.32769,0.394667,436.294,271.38,461.051,313.273,18920.1,-7377.75,0.00240883,-0.0439271,-0.00757373,0.0866564
93,134,98,197,0.985,0.450786,0.32769,0.3805,436.294,280.53,441.916,313.273,14345.2,-1577.05,0.00240883,0.0250168,0.0121523,0.29426
93,134,98,168,0.985,0.450786,0.32769,0.365667,436.294,290.542,460.185,313.273,10539.4,-7431.29,0.00240883,-0.0387737,0.034106,-0.0685918
93,134,120,166,0.985,0.450786,0.291667,0.953333,436.294,281.004,465.535,361.019,35537.9,-8533.19,0.00240883,-0.0412506,-0.0830521,-0.202866
93,134,120,172,0.985,0.450786,0.291667,0.436833,436.294,284.635,465.014,361.019,33950,-8544.87,0.00240883,-0.040288,-0.0753075,0.00409395
93,134,120,171,0.985,0.450786,0.291667,0.394667,436.294,271.38,467.052,361.019,39747.6,-8502.2,0.00240883,-0.0439271,-0.103496,-0.0154642
93,134,120,197,0.985,0.450786,0.291667,0.3805,436.294,280.53,447.093,361.019,35172.7,-1817.41,0.00240883,0.0250168,-0.0884837,0.187426
93,134,120,168,0.985,0.450786,0.291667,0.365667,436.294,290.542,464.226,361.019,31366.9,-8563.9,0.00240883,-0.0387737,-0.062673,-0.171569
93,134,130,166,0.985,0.450786,0.291667,0.953333,436.294,281.004,469.204,381.705,44561.2,-9022.12,0.00240883,-0.0412506,-0.205817,-0.246428
93,134,130,172,0.985,0.450786,0.291667,0.436833,436.294,284.635,468.526,381.705,42973.3,-9034.47,0.00240883,-0.040288,-0.198188,-0.0395828
93,134,130,171,0.985,0.450786,0.291667,0.394667,436.294,271.38,471.133,381.705,48770.9,-8989.35,0.00240883,-0.0439271,-0.225934,-0.0586982
93,134,130,197,0.985,0.450786,0.291667,0.3805,436.294,280.53,450.89,381.705,44196,-1921.54,0.00240883,0.0250168,-0.21298,0.142133
93,134,130,168,0.985,0.450786,0.291667,0.365667,436.294,290.542,467.481,381.705,40390.2,-9054.59,0.00240883,-0.0387737,-0.18573,-0.215423
93,23,96,166,0.985,0.430667,0.877,0.953333,394.152,351.095,459.999,300.246,-20994.8,-20910.2,-0.158645,-0.299732,0.00274095,-0.187462
93,23,96,172,0.985,0.430667,0.877,0.436833,394.152,354.671,459.952,300.246,-22417.2,-20919.9,-0.158645,-0.297786,0.0106557,0.0206522
93,23,96,171,0.985,0.430667,0.877,0.394667,394.152,341.623,460.261,300.246,-17223.6,-20884.4,-0.158645,-0.305091,-0.01823,-0.00326905
93,23,96,197,0.985,0.430667,0.877,0.3805,394.152,348.355,441.39,300.246,-20145.5,-15324.9,-0.158645,-0.247098,0.00274097,0.194629
93,23,96,168,0.985,0.430667,0.877,0.365667,394.152,360.49,459.938,300.246,-24731.2,-20935.7,-0.158645,-0.294701,0.0235332,-0.153198
93,23,103,166,0.985,0.430667,0.33519,0.953333,394.152,351.095,460.353,310.025,-17179.2,-21591.2,-0.158645,-0.299732,-0.168852,-0.208698
93,23,103,172,0.985,0.430667,0.33519,0.436833,394.152,354.671,460.229,310.025,-18601.6,-21601.2,-0.158645,-0.297786,-0.160947,-0.0005932
93,23,103,171,0.985,0.430667,0.33519,0.394667,394.152,341.623,460.82,310.025,-13408,-21564.6,-0.158645,-0.305091,-0.189785,-0.0244675
93,23,103,197,0.985,0.430667,0.33519,0.3805,394.152,348.355,441.749,310.025,-16329.9,-15824,-0.158645,-0.247098,-0.169746,0.172498
93,23,103,168,0.985,0.430667,0.33519,0.365667,394.152,360.49,460.089,310.025,-20915.6,-21617.6,-0.158645,-0.294701,-0.148079,-0.174453
93,23,98,166,0.985,0.430667,0.32769,0.953333,394.152,351.095,460.516,313.273,-15911.6,-21817.4,-0.158645,-0.299732,0.013343,-0.215745
93,23,98,172,0.985,0.430667,0.32769,0.436833,394.152,354.671,460.367,313.273,-17334,-21827.6,-0.158645,-0.297786,0.0212437,-0.00764413
93,23,98,171,0.985,0.430667,0.32769,0.394667,394.152,341.623,461.051,313.273,-12140.4,-21790.5,-0.158645,-0.305091,-0.00757373,-0.0314972
93,23,98,197,0.985,0.430667,0.32769,0.3805,394.152,348.355,441.916,313.273,-15062.3,-15989.8,-0.158645,-0.247098,0.0121523,0.165156
93,23,98,168,0.985,0.430667,0.32769,0.365667,394.152,360.49,460.185,313.273,-19648,-21844.1,-0.158645,-0.294701,0.034106,-0.181509
93,23,120,166,0.985,0.430667,0.291667,0.953333,394.152,351.095,465.535,361.019,2719.21,-25142.7,-0.158645,-0.299732,-0.0830521,-0.318338
93,23,120,172,0.985,0.430667,0.291667,0.436833,394.152,354.671,465.014,361.019,1296.78,-25154.3,-0.158645,-0.297786,-0.0753075,-0.110393
93,23,120,171,0.985,0.430667,0.291667,0.394667,394.152,341.623,467.052,361.019,6490.38,-25111.7,-0.158645,-0.305091,-0.103496,-0.133618
93,23,120,197,0.985,0.430667,0.291667,0.3805,394.152,348.355,447.093,361.019,3568.51,-18426.9,-0.158645,-0.247098,-0.0884837,0.0583217
93,23,120,168,0.985,0.430667,0.291667,0.365667,394.152,360.49,464.226,361.019,-1017.22,-25173.4,-0.158645,-0.294701,-0.062673,-0.284486
93,23,130,166,0.985,0.430667,0.291667,0.953333,394.152,351.095,469.204,381.705,10790.8,-26583.3,-0.158645,-0.299732,-0.205817,-0.361899
93,23,130,172,0.985,0.430667,0.291667,0.436833,394.152,354.671,468.526,381.705,9368.38,-26595.6,-0.158645,-0.297786,-0.198188,-0.15407
93,23,130,171,0.985,0.430667,0.291667,0.394667,394.152,341.623,471.133,381.705,14562,-26550.5,-0.158645,-0.305091,-0.225934,-0.176852
93,23,130,197,0.985,0.430667,0.291667,0.3805,394.152,348.355,450.89,381.705,11640.1,-19482.7,-0.158645,-0.247098,-0.21298,0.013029
93,23,130,168,0.985,0.430667,0.291667,0.365667,394.152,360.49,467.481,381.705,7054.37,-26615.7,-0.158645,-0.294701,-0.18573,-0.32834
74,132,96,166,0.488524,0.963333,0.877,0.953333,454.789,279.705,459.999,307.41,12700.7,-1641.41,-0.0261772,0.0753961,0.00274095,-0.00686827
74,132,96,172,0.488524,0.963333,0.877,0.436833,454.789,283.345,459.952,307.41,11046.5,-1651.36,-0.0261772,0.075527,0.0106557,0.19943
74,132,96,171,0.488524,0.963333,0.877,0.394667,454.789,270.052,460.261,307.41,17086.4,-1615.03,-0.0261772,0.0750316,-0.01823,0.182319
74,132,96,197,0.488524,0.963333,0.877,0.3805,454.789,280.444,441.39,307.41,12186.9,4077.1,-0.0261772,0.141797,0.00274097,0.388988
74,132,96,168,0.488524,0.963333,0.877,0.365667,454.789,289.268,459.938,307.41,8355.39,-1667.56,-0.0261772,0.0757333,0.0235332,0.0227025
74,132,103,166,0.488524,0.963333,0.33519,0.953333,454.789,279.705,460.353,317.188,17145.1,-1693.62,-0.0261772,0.0753961,-0.168852,-0.0281043
74,132,103,172,0.488524,0.963333,0.33519,0.436833,454.789,283.345,460.229,317.188,15490.9,-1703.89,-0.0261772,0.075527,-0.160947,0.178185
74,132,103,171,0.488524,0.963333,0.33519,0.394667,454.789,270.052,460.82,317.188,21530.8,-1666.4,-0.0261772,0.0750316,-0.189785,0.16112
74,132,103,197,0.488524,0.963333,0.33519,0.3805,454.789,280.444,441.749,317.188,16631.3,4206.8,-0.0261772,0.141797,-0.169746,0.366858
74,132,103,168,0.488524,0.963333,0.33519,0.365667,454.789,289.268,460.089,317.188,12799.8,-1720.61,-0.0261772,0.0757333,-0.148079,0.0014475
74,132,98,166,0.488524,0.963333,0.32769,0.953333,454.789,279.705,460.516,320.437,18621.6,-1710.97,-0.0261772,0.0753961,0.013343,-0.0351506
74,132,98,172,0.488524,0.963333,0.32769,0.436833,454.789,283.345,460.367,320.437,16967.4,-1721.34,-0.0261772,0.075527,0.0212437,0.171134
74,132,98,171,0.488524,0.963333,0.32769,0.394667,454.789,270.052,461.051,320.437,23007.3,-1683.47,-0.0261772,0.0750316,-0.00757373,0.154091
74,132,98,197,0.488524,0.963333,0.32769,0.3805,454.789,280.444,441.916,320.437,18107.8,4249.88,-0.0261772,0.141797,0.0121523,0.359515
74,132,98,168,0.488524,0.963333,0.32769,0.365667,454.789,289.268,460.185,320.437,14276.3,-1738.23,-0.0261772,0.0757333,0.034106,-0.00560916
74,132,120,166,0.488524,0.963333,0.291667,0.953333,454.789,279.705,465.535,368.183,40322.7,-1965.91,-0.0261772,0.0753961,-0.0830521,-0.137744
74,132,120,172,0.488524,0.963333,0.291667,0.436833,454.789,283.345,465.014,368.183,38668.5,-1977.83,-0.0261772,0.075527,-0.0753075,0.0683847
74,132,120,171,0.488524,0.963333,0.291667,0.394667,454.789,270.052,467.052,368.183,44708.4,-1934.31,-0.0261772,0.0750316,-0.103496,0.05197
74,132,120,197,0.488524,0.963333,0.291667,0.3805,454.789,280.444,447.093,368.183,39808.9,4883.13,-0.0261772,0.141797,-0.0884837,0.252681
74,132,120,168,0.488524,0.963333,0.291667,0.365667,454.789,289.268,464.226,368.183,35977.4,-1997.23,-0.0261772,0.0757333,-0.062673,-0.108586
74,132,130,166,0.488524,0.963333,0.291667,0.953333,454.789,279.705,469.204,388.868,49724.4,-2076.36,-0.0261772,0.0753961,-0.205817,-0.181305
74,132,130,172,0.488524,0.963333,0.291667,0.436833,454.789,283.345,468.526,388.868,48070.2,-2088.95,-0.0261772,0.075527,-0.198188,0.024708
74,132,130,171,0.488524,0.963333,0.291667,0.394667,454.789,270.052,471.133,388.868,54110.1,-2042.98,-0.0261772,0.0750316,-0.225934,0.00873597
74,132,130,197,0.488524,0.963333,0.291667,0.3805,454.789,280.444,450.89,388.868,49210.6,5157.47,-0.0261772,0.141797,-0.21298,0.207389
74,132,130,168,0.488524,0.963333,0.291667,0.365667,454.789,289.268,467.481,388.868,45379.1,-2109.44,-0.0261772,0.0757333,-0.18573,-0.15244
74,161,96,166,0.488524,0.729833,0.877,0.953333,438.81,258.608,459.999,307.41,22632.5,-6974.69,0.0254361,0.00300572,0.00274095,-0.0756235
74,161,96,172,0.488524,0.729833,0.877,0.436833,438.81,262.238,459.952,307.41,21042.2,-6984.64,0.0254361,0.00410078,0.0106557,0.131639
74,161,96,171,0.488524,0.729833,0.877,0.394667,438.81,248.987,460.261,307.41,26848.9,-6948.31,0.0254361,-5.19976e-05,-0.01823,0.11087
74,161,96,197,0.488524,0.729833,0.877,0.3805,438.81,258.12,441.39,307.41,21717,-1256.18,0.0254361,0.0750201,0.00274097,0.325847
74,161,96,168,0.488524,0.729833,0.877,0.365667,438.81,268.144,459.938,307.41,18455,-7000.84,0.0254361,0.0058187,0.0235332,-0.0435771
74,161,103,166,0.488524,0.729833,0.33519,0.953333,438.81,258.608,460.353,317.188,26907.3,-7196.55,0.0254361,0.00300572,-0.168852,-0.0968596
74,161,103,172,0.488524,0.729833,0.33519,0.436833,438.81,262.238,460.229,317.188,25317,-7206.82,0.0254361,0.00410078,-0.160947,0.110394
74,161,103,171,0.488524,0.729833,0.33519,0.394667,438.81,248.987,460.82,317.188,31123.7,-7169.33,0.0254361,-5.19976e-05,-0.189785,0.0896718
74,161,103,197,0.488524,0.729833,0.33519,0.3805,438.81,258.12,441.749,317.188,25991.8,-1296.13,0.0254361,0.0750201,-0.169746,0.303717
74,161,103,168,0.488524,0.729833,0.33519,0.365667,438.81,268.144,460.089,317.188,22729.8,-7223.54,0.0254361,0.0058187,-0.148079,-0.064832
74,161,98,166,0.488524,0.729833,0.32769,0.953333,438.81,258.608,460.516,320.437,28327.4,-7270.26,0.0254361,0.00300572,0.013343,-0.103906
74,161,98,172,0.488524,0.729833,0.32769,0.436833,438.81,262.238,460.367,320.437,26737.1,-7280.63,0.0254361,0.00410078,0.0212437,0.103343
74,161,98,171,0.488524,0.729833,0.32769,0.394667,438.81,248.987,461.051,320.437,32543.8,-7242.75,0.0254361,-5.19976e-05,-0.00757373,0.0826422
74,161,98,197,0.488524,0.729833,0.32769,0.3805,438.81,258.12,441.916,320.437,27411.9,-1309.41,0.0254361,0.0750201,0.0121523,0.296374
74,161,98,168,0.488524,0.729833,0.32769,0.365667,438.81,268.144,460.185,320.437,24149.9,-7297.52,0.0254361,0.0058187,0.034106,-0.0718887
74,161,120,166,0.488524,0.729833,0.291667,0.953333,438.81,258.608,465.535,368.183,49200.2,-8353.56,0.0254361,0.00300572,-0.0830521,-0.206499
74,161,120,172,0.488524,0.729833,0.291667,0.436833,438.81,262.238,465.014,368.183,47609.8,-8365.47,0.0254361,0.00410078,-0.0753075,0.000593491
74,161,120,171,0.488524,0.729833,0.291667,0.394667,438.81,248.987,467.052,368.183,53416.5,-8321.95,0.0254361,-5.19976e-05,-0.103496,-0.0194784
74,161,120,197,0.488524,0.729833,0.291667,0.3805,438.81,258.12,447.093,368.183,48284.6,-1504.52,0.0254361,0.0750201,-0.0884837,0.18954
74,161,120,168,0.488524,0.729833,0.291667,0.365667,438.81,268.144,464.226,368.183,45022.6,-8384.88,0.0254361,0.0058187,-0.062673,-0.174866
74,161,130,166,0.488524,0.729833,0.291667,0.953333,438.81,258.608,469.204,388.868,58243,-8822.88,0.0254361,0.00300572,-0.205817,-0.250061
74,161,130,172,0.488524,0.729833,0.291667,0.436833,438.81,262.238,468.526,388.868,56652.7,-8835.47,0.0254361,0.00410078,-0.198188,-0.0430833
74,161,130,171,0.488524,0.729833,0.291667,0.394667,438.81,248.987,471.133,388.868,62459.4,-8789.5,0.0254361,-5.19976e-05,-0.225934,-0.0627125
74,161,130,197,0.488524,0.729833,0.291667,0.3805,438.81,258.12,450.89,388.868,57327.5,-1589.04,0.0254361,0.0750201,-0.21298,0.144247
74,161,130,168,0.488524,0.729833,0.291667,0.365667,438.81,268.144,467.481,388.868,54065.5,-8855.96,0.0254361,0.0058187,-0.18573,-0.21872
74,162,96,166,0.488524,0.52,0.877,0.953333,459.208,256.819,459.999,307.41,23242,-702.308,0.0233277,0.0487754,0.00274095,0.00332675
74,162,96,172,0.488524,0.52,0.877,0.436833,459.208,260.459,459.952,307.41,21577.4,-712.259,0.0233277,0.0487754,0.0106557,0.209494
74,162,96,171,0.488524,0.52,0.877,0.394667,459.208,247.166,460.261,307.41,27655.2,-675.921,0.0233277,0.0487753,-0.01823,0.192878
74,162,96,197,0.488524,0.52,0.877,0.3805,459.208,257.802,441.39,307.41,22301.8,5016.21,0.0233277,0.121009,0.00274097,0.405017
74,162,96,168,0.488524,0.52,0.877,0.365667,459.208,266.382,459.938,307.41,18869.4,-728.459,0.0233277,0.0487754,0.0235332,0.0325603
74,162,103,166,0.488524,0.52,0.33519,0.953333,459.208,256.819,460.353,317.188,27716.3,-724.648,0.0233277,0.0487754,-0.168852,-0.0179093
74,162,103,172,0.488524,0.52,0.33519,0.436833,459.208,260.459,460.229,317.188,26051.7,-734.916,0.0233277,0.0487754,-0.160947,0.188249
74,162,103,171,0.488524,0.52,0.33519,0.394667,459.208,247.166,460.82,317.188,32129.5,-697.422,0.0233277,0.0487753,-0.189785,0.17168
74,162,103,197,0.488524,0.52,0.33519,0.3805,459.208,257.802,441.749,317.188,26776.1,5175.77,0.0233277,0.121009,-0.169746,0.382886
74,162,103,168,0.488524,0.52,0.33519,0.365667,459.208,266.382,460.089,317.188,23343.7,-751.63,0.0233277,0.0487754,-0.148079,0.0113054
74,162,98,166,0.488524,0.52,0.32769,0.953333,459.208,256.819,460.516,320.437,29202.7,-732.071,0.0233277,0.0487754,0.013343,-0.0249556
74,162,98,172,0.488524,0.52,0.32769,0.436833,459.208,260.459,460.367,320.437,27538.1,-742.444,0.0233277,0.0487754,0.0212437,0.181198
74,162,98,171,0.488524,0.52,0.32769,0.394667,459.208,247.166,461.051,320.437,33615.9,-704.566,0.0233277,0.0487753,-0.00757373,0.16465
74,162,98,197,0.488524,0.52,0.32769,0.3805,459.208,257.802,441.916,320.437,28262.4,5228.78,0.0233277,0.121009,0.0121523,0.375544
74,162,98,168,0.488524,0.52,0.32769,0.365667,459.208,266.382,460.185,320.437,24830.1,-759.33,0.0233277,0.0487754,0.034106,0.00424873
74,162,120,166,0.488524,0.52,0.291667,0.953333,459.208,256.819,465.535,368.183,51049.6,-841.153,0.0233277,0.0487754,-0.0830521,-0.127549
74,162,120,172,0.488524,0.52,0.291667,0.436833,459.208,260.459,465.014,368.183,49385,-853.071,0.0233277,0.0487754,-0.0753075,0.0784487
74,162,120,171,0.488524,0.52,0.291667,0.394667,459.208,247.166,467.052,368.183,55462.9,-809.549,0.0233277,0.0487753,-0.103496,0.0625295
74,162,120,197,0.488524,0.52,0.291667,0.3805,459.208,257.802,447.093,368.183,50109.4,6007.89,0.0233277,0.121009,-0.0884837,0.26871
74,162,120,168,0.488524,0.52,0.291667,0.365667,459.208,266.382,464.226,368.183,46677,-872.473,0.0233277,0.0487754,-0.062673,-0.0987283
74,162,130,166,0.488524,0.52,0.291667,0.953333,459.208,256.819,469.204,388.868,60514.6,-888.41,0.0233277,0.0487754,-0.205817,-0.17111
74,162,130,172,0.488524,0.52,0.291667,0.436833,459.208,260.459,468.526,388.868,58850,-900.998,0.0233277,0.0487754,-0.198188,0.034772
74,162,130,171,0.488524,0.52,0.291667,0.394667,459.208,247.166,471.133,388.868,64927.8,-855.031,0.0233277,0.0487753,-0.225934,0.0192954
74,162,130,197,0.488524,0.52,0.291667,0.3805,459.208,257.802,450.89,388.868,59574.4,6345.43,0.0233277,0.121009,-0.21298,0.223417
74,162,130,168,0.488524,0.52,0.291667,0.365667,459.208,266.382,467.481,388.868,56142,-921.49,0.0233277,0.0487754,-0.18573,-0.142582
74,134,96,166,0.488524,0.450786,0.877,0.953333,436.491,281.004,459.999,307.41,12322,-7266.05,-0.025517,-0.0248413,0.00274095,-0.0719905
74,134,96,172,0.488524,0.450786,0.877,0.436833,436.491,284.635,459.952,307.41,10734.4,-7276,-0.025517,-0.0238787,0.0106557,0.13514
74,134,96,171,0.488524,0.450786,0.877,0.394667,436.491,271.38,460.261,307.41,16531.1,-7239.66,-0.025517,-0.0275178,-0.01823,0.114885
74,134,96,197,0.488524,0.450786,0.877,0.3805,436.491,280.53,441.39,307.41,11823.5,-1547.53,-0.025517,0.0414261,0.00274097,0.323733
74,134,96,168,0.488524,0.450786,0.877,0.365667,436.491,290.542,459.938,307.41,8151.67,-7292.2,-0.025517,-0.0223643,0.0235332,-0.0402802
74,134,103,166,0.488524,0.450786,0.33519,0.953333,436.491,281.004,460.353,317.188,16587.5,-7497.18,-0.025517,-0.0248413,-0.168852,-0.0932266
74,134,103,172,0.488524,0.450786,0.33519,0.436833,436.491,284.635,460.229,317.188,14999.9,-7507.44,-0.025517,-0.0238787,-0.160947,0.113894
74,134,103,171,0.488524,0.450786,0.33519,0.394667,436.491,271.38,460.82,317.188,20796.7,-7469.95,-0.025517,-0.0275178,-0.189785,0.093686
74,134,103,197,0.488524,0.450786,0.33519,0.3805,436.491,280.53,441.749,317.188,16089.1,-1596.76,-0.025517,0.0414261,-0.169746,0.301602
74,134,103,168,0.488524,0.450786,0.33519,0.365667,436.491,290.542,460.089,317.188,12417.2,-7524.16,-0.025517,-0.0223643,-0.148079,-0.0615352
74,134,98,166,0.488524,0.450786,0.32769,0.953333,436.491,281.004,460.516,320.437,18004.5,-7573.96,-0.025517,-0.0248413,0.013343,-0.100273
74,134,98,172,0.488524,0.450786,0.32769,0.436833,436.491,284.635,460.367,320.437,16416.9,-7584.33,-0.025517,-0.0238787,0.0212437,0.106843
74,134,98,171,0.488524,0.450786,0.32769,0.394667,436.491,271.38,461.051,320.437,22213.7,-7546.45,-0.025517,-0.0275178,-0.00757373,0.0866564
74,134,98,197,0.488524,0.450786,0.32769,0.3805,436.491,280.53,441.916,320.437,17506.1,-1613.11,-0.025517,0.0414261,0.0121523,0.29426
74,134,98,168,0.488524,0.450786,0.32769,0.365667,436.491,290.542,460.185,320.437,13834.2,-7601.22,-0.025517,-0.0223643,0.034106,-0.0685918
74,134,120,166,0.488524,0.450786,0.291667,0.953333,436.491,281.004,465.535,368.183,38832,-8702.51,-0.025517,-0.0248413,-0.0830521,-0.202866
74,134,120,172,0.488524,0.450786,0.291667,0.436833,436.491,284.635,465.014,368.183,37244.4,-8714.43,-0.025517,-0.0238787,-0.0753075,0.00409395
74,134,120,171,0.488524,0.450786,0.291667,0.394667,436.491,271.38,467.052,368.183,43041.2,-8670.91,-0.025517,-0.0275178,-0.103496,-0.0154642
74,134,120,197,0.488524,0.450786,0.291667,0.3805,436.491,280.53,447.093,368.183,38333.6,-1853.47,-0.025517,0.0414261,-0.0884837,0.187426
74,134,120,168,0.488524,0.450786,0.291667,0.365667,436.491,290.542,464.226,368.183,34661.7,-8733.83,-0.025517,-0.0223643,-0.062673,-0.171569
74,134,130,166,0.488524,0.450786,0.291667,0.953333,436.491,281.004,469.204,388.868,47855.3,-9191.44,-0.025517,-0.0248413,-0.205817,-0.246428
74,134,130,172,0.488524,0.450786,0.291667,0.436833,436.491,284.635,468.526,388.868,46267.7,-9204.03,-0.025517,-0.0238787,-0.198188,-0.0395828
74,134,130,171,0.488524,0.450786,0.291667,0.394667,436.491,271.38,471.133,388.868,52064.4,-9158.06,-0.025517,-0.0275178,-0.225934,-0.0586982
74,134,130,197,0.488524,0.450786,0.291667,0.3805,436.491,280.53,450.89,388.868,47356.8,-1957.6,-0.025517,0.0414261,-0.21298,0.142133
74,134,130,168,0.488524,0.450786,0.291667,0.365667,436.491,290.542,467.481,388.868,43685,-9224.52,-0.025517,-0.0223643,-0.18573,-0.215423
74,23,96,166,0.488524,0.430667,0.877,0.953333,393.205,351.095,459.999,307.41,-17700.7,-21409.1,-0.184943,-0.281696,0.00274095,-0.187462
74,23,96,172,0.488524,0.430667,0.877,0.436833,393.205,354.671,459.952,307.41,-19122.8,-21419,-0.184943,-0.279749,0.0106557,0.0206522
74,23,96,171,0.488524,0.430667,0.877,0.394667,393.205,341.623,460.261,307.41,-13930.1,-21382.7,-0.184943,-0.287054,-0.01823,-0.00326905
74,23,96,197,0.488524,0.430667,0.877,0.3805,393.205,348.355,441.39,307.41,-16984.6,-15690.6,-0.184943,-0.229061,0.00274097,0.194629
74,23,96,168,0.488524,0.430667,0.877,0.365667,393.205,360.49,459.938,307.41,-21436.5,-21435.2,-0.184943,-0.276664,0.0235332,-0.153198
74,23,103,166,0.488524,0.430667,0.33519,0.953333,393.205,351.095,460.353,317.188,-13885,-22090.1,-0.184943,-0.281696,-0.168852,-0.208698
74,23,103,172,0.488524,0.430667,0.33519,0.436833,393.205,354.671,460.229,317.188,-15307.2,-22100.4,-0.184943,-0.279749,-0.160947,-0.0005932
74,23,103,171,0.488524,0.430667,0.33519,0.394667,393.205,341.623,460.82,317.188,-10114.5,-22062.9,-0.184943,-0.287054,-0.189785,-0.0244675
74,23,103,197,0.488524,0.430667,0.33519,0.3805,393.205,348.355,441.749,317.188,-13169,-16189.7,-0.184943,-0.229061,-0.169746,0.172498
74,23,103,168,0.488524,0.430667,0.33519,0.365667,393.205,360.49,460.089,317.188,-17620.8,-22117.1,-0.184943,-0.276664,-0.148079,-0.174453
74,23,98,166,0.488524,0.430667,0.32769,0.953333,393.205,351.095,460.516,320.437,-12617.5,-22316.3,-0.184943,-0.281696,0.013343,-0.215745
74,23,98,172,0.488524,0.430667,0.32769,0.436833,393.205,354.671,460.367,320.437,-14039.7,-22326.7,-0.184943,-0.279749,0.0212437,-0.00764413
74,23,98,171,0.488524,0.430667,0.32769,0.394667,393.205,341.623,461.051,320.437,-8846.91,-22288.8,-0.184943,-0.287054,-0.00757373,-0.0314972
74,23,98,197,0.488524,0.430667,0.32769,0.3805,393.205,348.355,441.916,320.437,-11901.4,-16355.5,-0.184943,-0.229061,0.0121523,0.165156
74,23,98,168,0.488524,0.430667,0.32769,0.365667,393.205,360.49,460.185,320.437,-16353.3,-22343.6,-0.184943,-0.276664,0.034106,-0.181509
74,23,120,166,0.488524,0.430667,0.291667,0.953333,393.205,351.095,465.535,368.183,6013.36,-25641.6,-0.184943,-0.281696,-0.0830521,-0.318338
74,23,120,172,0.488524,0.430667,0.291667,0.436833,393.205,354.671,465.014,368.183,4591.17,-25653.5,-0.184943,-0.279749,-0.0753075,-0.110393
74,23,120,171,0.488524,0.430667,0.291667,0.394667,393.205,341.623,467.052,368.183,9783.92,-25609.9,-0.184943,-0.287054,-0.103496,-0.133618
74,23,120,197,0.488524,0.430667,0.291667,0.3805,393.205,348.355,447.093,368.183,6729.4,-18792.5,-0.184943,-0.229061,-0.0884837,0.0583217
74,23,120,168,0.488524,0.430667,0.291667,0.365667,393.205,360.49,464.226,368.183,2277.54,-25672.9,-0.184943,-0.276664,-0.062673,-0.284486
74,23,130,166,0.488524,0.430667,0.291667,0.953333,393.205,351.095,469.204,388.868,14084.9,-27082.2,-0.184943,-0.281696,-0.205817,-0.361899
74,23,130,172,0.488524,0.430667,0.291667,0.436833,393.205,354.671,468.526,388.868,12662.8,-27094.8,-0.184943,-0.279749,-0.198188,-0.15407
74,23,130,171,0.488524,0.430667,0.291667,0.394667,393.205,341.623,471.133,388.868,17855.5,-27048.8,-0.184943,-0.287054,-0.225934,-0.176852
74,23,130,197,0.488524,0.430667,0.291667,0.3805,393.205,348.355,450.89,388.868,14801,-19848.3,-0.184943,-0.229061,-0.21298,0.013029
74,23,130,168,0.488524,0.430667,0.291667,0.365667,393.205,360.49,467.481,388.868,10349.1,-27115.2,-0.184943,-0.276664,-0.18573,-0.32834
53,132,96,166,0.34919,0.963333,0.877,0.953333,454.843,279.705,459.999,308.879,13376.3,-1649.26,0.180961,0.0786241,0.00274095,-0.00686827
53,132,96,172,0.34919,0.963333,0.877,0.436833,454.843,283.345,459.952,308.879,11722.1,-1659.26,0.180961,0.078755,0.0106557,0.19943
53,132,96,171,0.34919,0.963333,0.877,0.394667,454.843,270.052,460.261,308.879,17761.8,-1622.75,0.180961,0.0782595,-0.01823,0.182319
53,132,96,197,0.34919,0.963333,0.877,0.3805,454.843,280.444,441.39,308.879,12835.1,4096.59,0.180961,0.145025,0.00274097,0.388988
53,132,96,168,0.34919,0.963333,0.877,0.365667,454.843,289.268,459.938,308.879,9031.09,-1675.53,0.180961,0.0789612,0.0235332,0.0227025
53,132,103,166,0.34919,0.963333,0.33519,0.953333,454.843,279.705,460.353,318.657,17820.7,-1701.47,0.180961,0.0786241,-0.168852,-0.0281043
53,132,103,172,0.34919,0.963333,0.33519,0.436833,454.843,283.345,460.229,318.657,16166.5,-1711.79,0.180961,0.078755,-0.160947,0.178185
53,132,103,171,0.34919,0.963333,0.33519,0.394667,454.843,270.052,460.82,318.657,22206.3,-1674.12,0.180961,0.0782595,-0.189785,0.16112
53,132,103,197,0.34919,0.963333,0.33519,0.3805,454.843,280.444,441.749,318.657,17279.6,4226.28,0.180961,0.145025,-0.169746,0.366858
53,132,103,168,0.34919,0.963333,0.33519,0.365667,454.843,289.268,460.089,318.657,13475.5,-1728.58,0.180961,0.0789612,-0.148079,0.0014475
53,132,98,166,0.34919,0.963333,0.32769,0.953333,454.843,279.705,460.516,321.906,19297.1,-1718.82,0.180961,0.0786241,0.013343,-0.0351506
53,132,98,172,0.34919,0.963333,0.32769,0.436833,454.843,283.345,460.367,321.906,17643,-1729.24,0.180961,0.078755,0.0212437,0.171134
53,132,98,171,0.34919,0.963333,0.32769,0.394667,454.843,270.052,461.051,321.906,23682.7,-1691.19,0.180961,0.0782595,-0.00757373,0.154091
53,132,98,197,0.34919,0.963333,0.32769,0.3805,454.843,280.444,441.916,321.906,18756,4269.36,0.180961,0.145025,0.0121523,0.359515
53,132,98,168,0.34919,0.963333,0.32769,0.365667,454.843,289.268,460.185,321.906,14952,-1746.2,0.180961,0.0789612,0.034106,-0.00560916
53,132,120,166,0.34919,0.963333,0.291667,0.953333,454.843,279.705,465.535,369.652,40998.2,-1973.76,0.180961,0.0786241,-0.0830521,-0.137744
53,132,120,172,0.34919,0.963333,0.291667,0.436833,454.843,283.345,465.014,369.652,39344.1,-1985.72,0.180961,0.078755,-0.0753075,0.0683847
53,132,120,171,0.34919,0.963333,0.291667,0.394667,454.843,270.052,467.052,369.652,45383.8,-1942.03,0.180961,0.0782595,-0.103496,0.05197
53,132,120,197,0.34919,0.963333,0.291667,0.3805,454.843,280.444,447.093,369.652,40457.1,4902.61,0.180961,0.145025,-0.0884837,0.252681
53,132,120,168,0.34919,0.963333,0.291667,0.365667,454.843,289.268,464.226,369.652,36653.1,-2005.2,0.180961,0.0789612,-0.062673,-0.108586
53,132,130,166,0.34919,0.963333,0.291667,0.953333,454.843,279.705,469.204,390.338,50400,-2084.21,0.180961,0.0786241,-0.205817,-0.181305
53,132,130,172,0.34919,0.963333,0.291667,0.436833,454.843,283.345,468.526,390.338,48745.8,-2096.84,0.180961,0.078755,-0.198188,0.024708
53,132,130,171,0.34919,0.963333,0.291667,0.394667,454.843,270.052,471.133,390.338,54785.6,-2050.7,0.180961,0.0782595,-0.225934,0.00873597
53,132,130,197,0.34919,0.963333,0.291667,0.3805,454.843,280.444,450.89,390.338,49858.9,5176.96,0.180961,0.145025,-0.21298,0.207389
53,132,130,168,0.34919,0.963333,0.291667,0.365667,454.843,289.268,467.481,390.338,46054.8,-2117.41,0.180961,0.0789612,-0.18573,-0.15244
53,161,96,166,0.34919,0.729833,0.877,0.953333,438.94,258.608,459.999,308.879,23308.1,-7008.03,0.232681,0.00634011,0.00274095,-0.0756235
53,161,96,172,0.34919,0.729833,0.877,0.436833,438.94,262.238,459.952,308.879,21717.8,-7018.03,0.232681,0.00743517,0.0106557,0.131639
53,161,96,171,0.34919,0.729833,0.877,0.394667,438.94,248.987,460.261,308.879,27524.3,-6981.51,0.232681,0.00328239,-0.01823,0.11087
53,161,96,197,0.34919,0.729833,0.877,0.3805,438.94,258.12,441.39,308.879,22365.2,-1262.18,0.232681,0.0783544,0.00274097,0.325847
53,161,96,168,0.34919,0.729833,0.877,0.365667,438.94,268.144,459.938,308.879,19130.7,-7034.3,0.232681,0.00915309,0.0235332,-0.0435771
53,161,103,166,0.34919,0.729833,0.33519,0.953333,438.94,258.608,460.353,318.657,27582.9,-7229.89,0.232681,0.00634011,-0.168852,-0.0968596
53,161,103,172,0.34919,0.729833,0.33519,0.436833,438.94,262.238,460.229,318.657,25992.6,-7240.2,0.232681,0.00743517,-0.160947,0.110394
53,161,103,171,0.34919,0.729833,0.33519,0.394667,438.94,248.987,460.82,318.657,31799.1,-7202.54,0.232681,0.00328239,-0.189785,0.0896718
53,161,103,197,0.34919,0.729833,0.33519,0.3805,438.94,258.12,441.749,318.657,26640,-1302.14,0.232681,0.0783544,-0.169746,0.303717
53,161,103,168,0.34919,0.729833,0.33519,0.365667,438.94,268.144,460.089,318.657,23405.5,-7257,0.232681,0.00915309,-0.148079,-0.064832
53,161,98,166,0.34919,0.729833,0.32769,0.953333,438.94,258.608,460.516,321.906,29003,-7303.59,0.232681,0.00634011,0.013343,-0.103906
53,161,98,172,0.34919,0.729833,0.32769,0.436833,438.94,262.238,460.367,321.906,27412.7,-7314.01,0.232681,0.00743517,0.0212437,0.103343
53,161,98,171,0.34919,0.729833,0.32769,0.394667,438.94,248.987,461.051,321.906,33219.2,-7275.96,0.232681,0.00328239,-0.00757373,0.0826422
53,161,98,197,0.34919,0.729833,0.32769,0.3805,438.94,258.12,441.916,321.906,28060.1,-1315.42,0.232681,0.0783544,0.0121523,0.296374
53,161,98,168,0.34919,0.729833,0.32769,0.365667,438.94,268.144,460.185,321.906,24825.6,-7330.98,0.232681,0.00915309,0.034106,-0.0718887
53,161,120,166,0.34919,0.729833,0.291667,0.953333,438.94,258.608,465.535,369.652,49875.7,-8386.89,0.232681,0.00634011,-0.0830521,-0.206499
53,161,120,172,0.34919,0.729833,0.291667,0.436833,438.94,262.238,465.014,369.652,48285.4,-8398.86,0.232681,0.00743517,-0.0753075,0.000593491
53,161,120,171,0.34919,0.729833,0.291667,0.394667,438.94,248.987,467.052,369.652,54092,-8355.16,0.232681,0.00328239,-0.103496,-0.0194784
53,161,120,197,0.34919,0.729833,0.291667,0.3805,438.94,258.12,447.093,369.652,48932.8,-1510.52,0.232681,0.0783544,-0.0884837,0.18954
53,161,120,168,0.34919,0.729833,0.291667,0.365667,438.94,268.144,464.226,369.652,45698.3,-8418.33,0.232681,0.00915309,-0.062673,-0.174866
53,161,130,166,0.34919,0.729833,0.291667,0.953333,438.94,258.608,469.204,390.338,58918.6,-8856.21,0.232681,0.00634011,-0.205817,-0.250061
53,161,130,172,0.34919,0.729833,0.291667,0.436833,438.94,262.238,468.526,390.338,57328.3,-8868.85,0.232681,0.00743517,-0.198188,-0.0430833
53,161,130,171,0.34919,0.729833,0.291667,0.394667,438.94,248.987,471.133,390.338,63134.8,-8822.71,0.232681,0.00328239,-0.225934,-0.0627125
53,161,130,197,0.34919,0.729833,0.291667,0.3805,438.94,258.12,450.89,390.338,57975.7,-1595.05,0.232681,0.0783544,-0.21298,0.144247
53,161,130,168,0.34919,0.729833,0.291667,0.365667,438.94,268.144,467.481,390.338,54741.2,-8889.42,0.232681,0.00915309,-0.18573,-0.21872
53,162,96,166,0.34919,0.52,0.877,0.953333,459.334,256.819,459.999,308.879,23917.6,-705.666,0.230425,0.0519624,0.00274095,0.00332675
53,162,96,172,0.34919,0.52,0.877,0.436833,459.334,260.459,459.952,308.879,22253,-715.665,0.230425,0.0519624,0.0106557,0.209494
53,162,96,171,0.34919,0.52,0.877,0.394667,459.334,247.166,460.261,308.879,28330.7,-679.153,0.230425,0.0519622,-0.01823,0.192878
53,162,96,197,0.34919,0.52,0.877,0.3805,459.334,257.802,441.39,308.879,22950,5040.18,0.230425,0.124196,0.00274097,0.405017
53,162,96,168,0.34919,0.52,0.877,0.365667,459.334,266.382,459.938,308.879,19545.1,-731.942,0.230425,0.0519624,0.0235332,0.0325603
53,162,103,166,0.34919,0.52,0.33519,0.953333,459.334,256.819,460.353,318.657,28391.9,-728.006,0.230425,0.0519624,-0.168852,-0.0179093
53,162,103,172,0.34919,0.52,0.33519,0.436833,459.334,260.459,460.229,318.657,26727.3,-738.322,0.230425,0.0519624,-0.160947,0.188249
53,162,103,171,0.34919,0.52,0.33519,0.394667,459.334,247.166,460.82,318.657,32805,-700.654,0.230425,0.0519622,-0.189785,0.17168
53,162,103,197,0.34919,0.52,0.33519,0.3805,459.334,257.802,441.749,318.657,27424.3,5199.74,0.230425,0.124196,-0.169746,0.382886
53,162,103,168,0.34919,0.52,0.33519,0.365667,459.334,266.382,460.089,318.657,24019.4,-755.114,0.230425,0.0519624,-0.148079,0.0113054
53,162,98,166,0.34919,0.52,0.32769,0.953333,459.334,256.819,460.516,321.906,29878.2,-735.429,0.230425,0.0519624,0.013343,-0.0249556
53,162,98,172,0.34919,0.52,0.32769,0.436833,459.334,260.459,460.367,321.906,28213.7,-745.849,0.230425,0.0519624,0.0212437,0.181198
53,162,98,171,0.34919,0.52,0.32769,0.394667,459.334,247.166,461.051,321.906,34291.3,-707.798,0.230425,0.0519622,-0.00757373,0.16465
53,162,98,197,0.34919,0.52,0.32769,0.3805,459.334,257.802,441.916,321.906,28910.7,5252.75,0.230425,0.124196,0.0121523,0.375544
53,162,98,168,0.34919,0.52,0.32769,0.365667,459.334,266.382,460.185,321.906,25505.8,-762.813,0.230425,0.0519624,0.034106,0.00424873
53,162,120,166,0.34919,0.52,0.291667,0.953333,459.334,256.819,465.535,369.652,51725.2,-844.511,0.230425,0.0519624,-0.0830521,-0.127549
53,162,120,172,0.34919,0.52,0.291667,0.436833,459.334,260.459,465.014,369.652,50060.6,-856.477,0.230425,0.0519624,-0.0753075,0.0784487
53,162,120,171,0.34919,0.52,0.291667,0.394667,459.334,247.166,467.052,369.652,56138.3,-812.781,0.230425,0.0519622,-0.103496,0.0625295
53,162,120,197,0.34919,0.52,0.291667,0.3805,459.334,257.802,447.093,369.652,50757.6,6031.86,0.230425,0.124196,-0.0884837,0.26871
53,162,120,168,0.34919,0.52,0.291667,0.365667,459.334,266.382,464.226,369.652,47352.7,-875.956,0.230425,0.0519624,-0.062673,-0.0987283
53,162,130,166,0.34919,0.52,0.291667,0.953333,459.334,256.819,469.204,390.338,61190.1,-891.768,0.230425,0.0519624,-0.205817,-0.17111
53,162,130,172,0.34919,0.52,0.291667,0.436833,459.334,260.459,468.526,390.338,59525.6,-904.404,0.230425,0.0519624,-0.198188,0.034772
53,162,130,171,0.34919,0.52,0.291667,0.394667,459.334,247.166,471.133,390.338,65603.2,-858.263,0.230425,0.0519622,-0.225934,0.0192954
53,162,130,197,0.34919,0.52,0.291667,0.3805,459.334,257.802,450.89,390.338,60222.6,6369.4,0.230425,0.124196,-0.21298,0.223417
53,162,130,168,0.34919,0.52,0.291667,0.365667,459.334,266.382,467.481,390.338,56817.7,-924.973,0.230425,0.0519624,-0.18573,-0.142582
53,134,96,166,0.34919,0.450786,0.877,0.953333,436.546,281.004,459.999,308.879,12997.6,-7300.77,0.181757,-0.0214781,0.00274095,-0.0719905
53,134,96,172,0.34919,0.450786,0.877,0.436833,436.546,284.635,459.952,308.879,11410,-7310.77,0.181757,-0.0205155,0.0106557,0.13514
53,134,96,171,0.34919,0.450786,0.877,0.394667,436.546,271.38,460.261,308.879,17206.6,-7274.26,0.181757,-0.0241546,-0.01823,0.114885
53,134,96,197,0.34919,0.450786,0.877,0.3805,436.546,280.53,441.39,308.879,12471.8,-1554.93,0.181757,0.0447893,0.00274097,0.323733
53,134,96,168,0.34919,0.450786,0.877,0.365667,436.546,290.542,459.938,308.879,8827.36,-7327.05,0.181757,-0.0190012,0.0235332,-0.0402802
53,134,103,166,0.34919,0.450786,0.33519,0.953333,436.546,281.004,460.353,318.657,17263.1,-7531.9,0.181757,-0.0214781,-0.168852,-0.0932266
53,134,103,172,0.34919,0.450786,0.33519,0.436833,436.546,284.635,460.229,318.657,15675.5,-7542.22,0.181757,-0.0205155,-0.160947,0.113894
53,134,103,171,0.34919,0.450786,0.33519,0.394667,436.546,271.38,460.82,318.657,21472.1,-7504.55,0.181757,-0.0241546,-0.189785,0.093686
53,134,103,197,0.34919,0.450786,0.33519,0.3805,436.546,280.53,441.749,318.657,16737.3,-1604.15,0.181757,0.0447893,-0.169746,0.301602
53,134,103,168,0.34919,0.450786,0.33519,0.365667,436.546,290.542,460.089,318.657,13092.9,-7559.01,0.181757,-0.0190012,-0.148079,-0.0615352
53,134,98,166,0.34919,0.450786,0.32769,0.953333,436.546,281.004,460.516,321.906,18680.1,-7608.69,0.181757,-0.0214781,0.013343,-0.100273
53,134,98,172,0.34919,0.450786,0.32769,0.436833,436.546,284.635,460.367,321.906,17092.5,-7619.11,0.181757,-0.0205155,0.0212437,0.106843
53,134,98,171,0.34919,0.450786,0.32769,0.394667,436.546,271.38,461.051,321.906,22889.1,-7581.05,0.181757,-0.0241546,-0.00757373,0.0866564
53,134,98,197,0.34919,0.450786,0.32769,0.3805,436.546,280.53,441.916,321.906,18154.3,-1620.51,0.181757,0.0447893,0.0121523,0.29426
53,134,98,168,0.34919,0.450786,0.32769,0.365667,436.546,290.542,460.185,321.906,14509.9,-7636.07,0.181757,-0.0190012,0.034106,-0.0685918
53,134,120,166,0.34919,0.450786,0.291667,0.953333,436.546,281.004,465.535,369.652,39507.6,-8737.24,0.181757,-0.0214781,-0.0830521,-0.202866
53,134,120,172,0.34919,0.450786,0.291667,0.436833,436.546,284.635,465.014,369.652,37920,-8749.2,0.181757,-0.0205155,-0.0753075,0.00409395
53,134,120,171,0.34919,0.450786,0.291667,0.394667,436.546,271.38,467.052,369.652,43716.6,-8705.5,0.181757,-0.0241546,-0.103496,-0.0154642
53,134,120,197,0.34919,0.450786,0.291667,0.3805,436.546,280.53,447.093,369.652,38981.8,-1860.87,0.181757,0.0447893,-0.0884837,0.187426
53,134,120,168,0.34919,0.450786,0.291667,0.365667,436.546,290.542,464.226,369.652,35337.4,-8768.68,0.181757,-0.0190012,-0.062673,-0.171569
53,134,130,166,0.34919,0.450786,0.291667,0.953333,436.546,281.004,469.204,390.338,48530.9,-9226.17,0.181757,-0.0214781,-0.205817,-0.246428
53,134,130,172,0.34919,0.450786,0.291667,0.436833,436.546,284.635,468.526,390.338,46943.3,-9238.8,0.181757,-0.0205155,-0.198188,-0.0395828
53,134,130,171,0.34919,0.450786,0.291667,0.394667,436.546,271.38,471.133,390.338,52739.9,-9192.66,0.181757,-0.0241546,-0.225934,-0.0586982
53,134,130,197,0.34919,0.450786,0.291667,0.3805,436.546,280.53,450.89,390.338,48005.1,-1965,0.181757,0.0447893,-0.21298,0.142133
53,134,130,168,0.34919,0.450786,0.291667,0.365667,436.546,290.542,467.481,390.338,44360.7,-9259.37,0.181757,-0.0190012,-0.18573,-0.215423
53,23,96,166,0.34919,0.430667,0.877,0.953333,393.026,351.095,459.999,308.879,-17025.1,-21511.4,0.0226765,-0.277986,0.00274095,-0.187462
53,23,96,172,0.34919,0.430667,0.877,0.436833,393.026,354.671,459.952,308.879,-18447.2,-21521.4,0.0226765,-0.27604,0.0106557,0.0206522
53,23,96,171,0.34919,0.430667,0.877,0.394667,393.026,341.623,460.261,308.879,-13254.7,-21484.9,0.0226765,-0.283345,-0.01823,-0.00326905
53,23,96,197,0.34919,0.430667,0.877,0.3805,393.026,348.355,441.39,308.879,-16336.4,-15765.6,0.0226765,-0.225351,0.00274097,0.194629
53,23,96,168,0.34919,0.430667,0.877,0.365667,393.026,360.49,459.938,308.879,-20760.8,-21537.7,0.0226765,-0.272955,0.0235332,-0.153198
53,23,103,166,0.34919,0.430667,0.33519,0.953333,393.026,351.095,460.353,318.657,-13209.5,-22192.4,0.0226765,-0.277986,-0.168852,-0.208698
53,23,103,172,0.34919,0.430667,0.33519,0.436833,393.026,354.671,460.229,318.657,-14631.6,-22202.7,0.0226765,-0.27604,-0.160947,-0.0005932
53,23,103,171,0.34919,0.430667,0.33519,0.394667,393.026,341.623,460.82,318.657,-9439.02,-22165.1,0.0226765,-0.283345,-0.189785,-0.0244675
53,23,103,197,0.34919,0.430667,0.33519,0.3805,393.026,348.355,441.749,318.657,-12520.7,-16264.7,0.0226765,-0.225351,-0.169746,0.172498
53,23,103,168,0.34919,0.430667,0.33519,0.365667,393.026,360.49,460.089,318.657,-16945.1,-22219.5,0.0226765,-0.272955,-0.148079,-0.174453
53,23,98,166,0.34919,0.430667,0.32769,0.953333,393.026,351.095,460.516,321.906,-11941.9,-22418.7,0.0226765,-0.277986,0.013343,-0.215745
53,23,98,172,0.34919,0.430667,0.32769,0.436833,393.026,354.671,460.367,321.906,-13364,-22429.1,0.0226765,-0.27604,0.0212437,-0.00764413
53,23,98,171,0.34919,0.430667,0.32769,0.394667,393.026,341.623,461.051,321.906,-8171.46,-22391,0.0226765,-0.283345,-0.00757373,-0.0314972
53,23,98,197,0.34919,0.430667,0.32769,0.3805,393.026,348.355,441.916,321.906,-11253.2,-16430.5,0.0226765,-0.225351,0.0121523,0.165156
53,23,98,168,0.34919,0.430667,0.32769,0.365667,393.026,360.49,460.185,321.906,-15677.6,-22446,0.0226765,-0.272955,0.034106,-0.181509
53,23,120,166,0.34919,0.430667,0.291667,0.953333,393.026,351.095,465.535,369.652,6688.93,-25743.9,0.0226765,-0.277986,-0.0830521,-0.318338
53,23,120,172,0.34919,0.430667,0.291667,0.436833,393.026,354.671,465.014,369.652,5266.79,-25755.8,0.0226765,-0.27604,-0.0753075,-0.110393
53,23,120,171,0.34919,0.430667,0.291667,0.394667,393.026,341.623,467.052,369.652,10459.4,-25712.1,0.0226765,-0.283345,-0.103496,-0.133618
53,23,120,197,0.34919,0.430667,0.291667,0.3805,393.026,348.355,447.093,369.652,7377.64,-18867.5,0.0226765,-0.225351,-0.0884837,0.0583217
53,23,120,168,0.34919,0.430667,0.291667,0.365667,393.026,360.49,464.226,369.652,2953.24,-25775.3,0.0226765,-0.272955,-0.062673,-0.284486
53,23,130,166,0.34919,0.430667,0.291667,0.953333,393.026,351.095,469.204,390.338,14760.5,-27184.5,0.0226765,-0.277986,-0.205817,-0.361899
53,23,130,172,0.34919,0.430667,0.291667,0.436833,393.026,354.671,468.526,390.338,13338.4,-27197.1,0.0226765,-0.27604,-0.198188,-0.15407
53,23,130,171,0.34919,0.430667,0.291667,0.394667,393.026,341.623,471.133,390.338,18531,-27151,0.0226765,-0.283345,-0.225934,-0.176852
53,23,130,197,0.34919,0.430667,0.291667,0.3805,393.026,348.355,450.89,390.338,15449.2,-19923.3,0.0226765,-0.225351,-0.21298,0.013029
53,23,130,168,0.34919,0.430667,0.291667,0.365667,393.026,360.49,467.481,390.338,11024.8,-27217.7,0.0226765,-0.272955,-0.18573,-0.32834
21,132,96,166,0.2465,0.963333,0.877,0.953333,457.27,279.705,459.999,341.607,28426.4,-1824.01,0.0996453,0.150206,0.00274095,-0.00686827
21,132,96,172,0.2465,0.963333,0.877,0.436833,457.27,283.345,459.952,341.607,26773.3,-1835.07,0.0996453,0.150337,0.0106557,0.19943
21,132,96,171,0.2465,0.963333,0.877,0.394667,457.27,270.052,460.261,341.607,32809.1,-1794.69,0.0996453,0.149841,-0.01823,0.182319
21,132,96,197,0.2465,0.963333,0.877,0.3805,457.27,280.444,441.39,341.607,27276.4,4530.66,0.0996453,0.216607,0.00274097,0.388988
21,132,96,168,0.2465,0.963333,0.877,0.365667,457.27,289.268,459.938,341.607,24084,-1853.07,0.0996453,0.150543,0.0235332,0.0227025
21,132,103,166,0.2465,0.963333,0.33519,0.953333,457.27,279.705,460.353,351.386,32870.8,-1876.22,0.0996453,0.150206,-0.168852,-0.0281043
21,132,103,172,0.2465,0.963333,0.33519,0.436833,457.27,283.345,460.229,351.386,31217.7,-1887.6,0.0996453,0.150337,-0.160947,0.178185
21,132,103,171,0.2465,0.963333,0.33519,0.394667,457.27,270.052,460.82,351.386,37253.6,-1846.06,0.0996453,0.149841,-0.189785,0.16112
21,132,103,197,0.2465,0.963333,0.33519,0.3805,457.27,280.444,441.749,351.386,31720.9,4660.35,0.0996453,0.216607,-0.169746,0.366858
21,132,103,168,0.2465,0.963333,0.33519,0.365667,457.27,289.268,460.089,351.386,28528.4,-1906.11,0.0996453,0.150543,-0.148079,0.0014475
21,132,98,166,0.2465,0.963333,0.32769,0.953333,457.27,279.705,460.516,354.634,34347.2,-1893.57,0.0996453,0.150206,0.013343,-0.0351506
21,132,98,172,0.2465,0.963333,0.32769,0.436833,457.27,283.345,460.367,354.634,32694.1,-1905.05,0.0996453,0.150337,0.0212437,0.171134
21,132,98,171,0.2465,0.963333,0.32769,0.394667,457.27,270.052,461.051,354.634,38730,-1863.13,0.0996453,0.149841,-0.00757373,0.154091
21,132,98,197,0.2465,0.963333,0.32769,0.3805,457.27,280.444,441.916,354.634,33197.3,4703.43,0.0996453,0.216607,0.0121523,0.359515
21,132,98,168,0.2465,0.963333,0.32769,0.365667,457.27,289.268,460.185,354.634,30004.9,-1923.74,0.0996453,0.150543,0.034106,-0.00560916
21,132,120,166,0.2465,0.963333,0.291667,0.953333,457.27,279.705,465.535,402.38,56048.3,-2148.51,0.0996453,0.150206,-0.0830521,-0.137744
21,132,120,172,0.2465,0.963333,0.291667,0.436833,457.27,283.345,465.014,402.38,54395.2,-2161.54,0.0996453,0.150337,-0.0753075,0.0683847
21,132,120,171,0.2465,0.963333,0.291667,0.394667,457.27,270.052,467.052,402.38,60431.1,-2113.97,0.0996453,0.149841,-0.103496,0.05197
21,132,120,197,0.2465,0.963333,0.291667,0.3805,457.27,280.444,447.093,402.38,54898.4,5336.68,0.0996453,0.216607,-0.0884837,0.252681
21,132,120,168,0.2465,0.963333,0.291667,0.365667,457.27,289.268,464.226,402.38,51706,-2182.74,0.0996453,0.150543,-0.062673,-0.108586
21,132,130,166,0.2465,0.963333,0.291667,0.953333,457.27,279.705,469.204,423.066,65450.1,-2258.96,0.0996453,0.150206,-0.205817,-0.181305
21,132,130,172,0.2465,0.963333,0.291667,0.436833,457.27,283.345,468.526,423.066,63797,-2272.65,0.0996453,0.150337,-0.198188,0.024708
21,132,130,171,0.2465,0.963333,0.291667,0.394667,457.27,270.052,471.133,423.066,69832.9,-2222.65,0.0996453,0.149841,-0.225934,0.00873597
21,132,130,197,0.2465,0.963333,0.291667,0.3805,457.27,280.444,450.89,423.066,64300.2,5611.03,0.0996453,0.216607,-0.21298,0.207389
21,132,130,168,0.2465,0.963333,0.291667,0.365667,457.27,289.268,467.481,423.066,61107.7,-2294.95,0.0996453,0.150543,-0.18573,-0.15244
21,161,96,166,0.2465,0.729833,0.877,0.953333,443.085,258.608,459.999,341.607,38358.2,-7750.59,0.153415,0.0799719,0.00274095,-0.0756235
21,161,96,172,0.2465,0.729833,0.877,0.436833,443.085,262.238,459.952,341.607,36769,-7761.65,0.153415,0.081067,0.0106557,0.131639
21,161,96,171,0.2465,0.729833,0.877,0.394667,443.085,248.987,460.261,341.607,42571.6,-7721.26,0.153415,0.0769142,-0.01823,0.11087
21,161,96,197,0.2465,0.729833,0.877,0.3805,443.085,258.12,441.39,341.607,36806.5,-1395.92,0.153415,0.151986,0.00274097,0.325847
21,161,96,168,0.2465,0.729833,0.877,0.365667,443.085,268.144,459.938,341.607,34183.6,-7779.65,0.153415,0.0827849,0.0235332,-0.0435771
21,161,103,166,0.2465,0.729833,0.33519,0.953333,443.085,258.608,460.353,351.386,42633,-7972.45,0.153415,0.0799719,-0.168852,-0.0968596
21,161,103,172,0.2465,0.729833,0.33519,0.436833,443.085,262.238,460.229,351.386,41043.8,-7983.82,0.153415,0.081067,-0.160947,0.110394
21,161,103,171,0.2465,0.729833,0.33519,0.394667,443.085,248.987,460.82,351.386,46846.4,-7942.29,0.153415,0.0769142,-0.189785,0.0896718
21,161,103,197,0.2465,0.729833,0.33519,0.3805,443.085,258.12,441.749,351.386,41081.3,-1435.88,0.153415,0.151986,-0.169746,0.303717
21,161,103,168,0.2465,0.729833,0.33519,0.365667,443.085,268.144,460.089,351.386,38458.4,-8002.34,0.153415,0.0827849,-0.148079,-0.064832
21,161,98,166,0.2465,0.729833,0.32769,0.953333,443.085,258.608,460.516,354.634,44053.1,-8046.15,0.153415,0.0799719,0.013343,-0.103906
21,161,98,172,0.2465,0.729833,0.32769,0.436833,443.085,262.238,460.367,354.634,42463.9,-8057.63,0.153415,0.081067,0.0212437,0.103343
21,161,98,171,0.2465,0.729833,0.32769,0.394667,443.085,248.987,461.051,354.634,48266.5,-8015.71,0.153415,0.0769142,-0.00757373,0.0826422
21,161,98,197,0.2465,0.729833,0.32769,0.3805,443.085,258.12,441.916,354.634,42501.4,-1449.15,0.153415,0.151986,0.0121523,0.296374
21,161,98,168,0.2465,0.729833,0.32769,0.365667,443.085,268.144,460.185,354.634,39878.5,-8076.32,0.153415,0.0827849,0.034106,-0.0718887
21,161,120,166,0.2465,0.729833,0.291667,0.953333,443.085,258.608,465.535,402.38,64925.8,-9129.45,0.153415,0.0799719,-0.0830521,-0.206499
21,161,120,172,0.2465,0.729833,0.291667,0.436833,443.085,262.238,465.014,402.38,63336.6,-9142.47,0.153415,0.081067,-0.0753075,0.000593491
21,161,120,171,0.2465,0.729833,0.291667,0.394667,443.085,248.987,467.052,402.38,69139.2,-9094.91,0.153415,0.0769142,-0.103496,-0.0194784
21,161,120,197,0.2465,0.729833,0.291667,0.3805,443.085,258.12,447.093,402.38,63374.1,-1644.26,0.153415,0.151986,-0.0884837,0.18954
21,161,120,168,0.2465,0.729833,0.291667,0.365667,443.085,268.144,464.226,402.38,60751.2,-9163.68,0.153415,0.0827849,-0.062673,-0.174866
21,161,130,166,0.2465,0.729833,0.291667,0.953333,443.085,258.608,469.204,423.066,73968.7,-9598.78,0.153415,0.0799719,-0.205817,-0.250061
21,161,130,172,0.2465,0.729833,0.291667,0.436833,443.085,262.238,468.526,423.066,72379.5,-9612.47,0.153415,0.081067,-0.198188,-0.0430833
21,161,130,171,0.2465,0.729833,0.291667,0.394667,443.085,248.987,471.133,423.066,78182.1,-9562.46,0.153415,0.0769142,-0.225934,-0.0627125
21,161,130,197,0.2465,0.729833,0.291667,0.3805,443.085,258.12,450.89,423.066,72417,-1728.79,0.153415,0.151986,-0.21298,0.144247
21,161,130,168,0.2465,0.729833,0.291667,0.365667,443.085,268.144,467.481,423.066,69794.1,-9634.76,0.153415,0.0827849,-0.18573,-0.21872
21,162,96,166,0.2465,0.52,0.877,0.953333,463.354,256.819,459.999,341.607,38967.7,-780.436,0.147947,0.122382,0.00274095,0.00332675
21,162,96,172,0.2465,0.52,0.877,0.436833,463.354,260.459,459.952,341.607,37304.2,-791.494,0.147947,0.122382,0.0106557,0.209494
21,162,96,171,0.2465,0.52,0.877,0.394667,463.354,247.166,460.261,341.607,43378,-751.113,0.147947,0.122382,-0.01823,0.192878
21,162,96,197,0.2465,0.52,0.877,0.3805,463.354,257.802,441.39,341.607,37391.3,5574.23,0.147947,0.194616,0.00274097,0.405017
21,162,96,168,0.2465,0.52,0.877,0.365667,463.354,266.382,459.938,341.607,34598,-809.495,0.147947,0.122382,0.0235332,0.0325603
21,162,103,166,0.2465,0.52,0.33519,0.953333,463.354,256.819,460.353,351.386,43442,-802.776,0.147947,0.122382,-0.168852,-0.0179093
21,162,103,172,0.2465,0.52,0.33519,0.436833,463.354,260.459,460.229,351.386,41778.5,-814.15,0.147947,0.122382,-0.160947,0.188249
21,162,103,171,0.2465,0.52,0.33519,0.394667,463.354,247.166,460.82,351.386,47852.3,-772.614,0.147947,0.122382,-0.189785,0.17168
21,162,103,197,0.2465,0.52,0.33519,0.3805,463.354,257.802,441.749,351.386,41865.6,5733.8,0.147947,0.194616,-0.169746,0.382886
21,162,103,168,0.2465,0.52,0.33519,0.365667,463.354,266.382,460.089,351.386,39072.3,-832.667,0.147947,0.122382,-0.148079,0.0113054
21,162,98,166,0.2465,0.52,0.32769,0.953333,463.354,256.819,460.516,354.634,44928.3,-810.199,0.147947,0.122382,0.013343,-0.0249556
21,162,98,172,0.2465,0.52,0.32769,0.436833,463.354,260.459,460.367,354.634,43264.8,-821.678,0.147947,0.122382,0.0212437,0.181198
21,162,98,171,0.2465,0.52,0.32769,0.394667,463.354,247.166,461.051,354.634,49338.6,-779.758,0.147947,0.122382,-0.00757373,0.16465
21,162,98,197,0.2465,0.52,0.32769,0.3805,463.354,257.802,441.916,354.634,43352,5786.8,0.147947,0.194616,0.0121523,0.375544
21,162,98,168,0.2465,0.52,0.32769,0.365667,463.354,266.382,460.185,354.634,40558.7,-840.366,0.147947,0.122382,0.034106,0.00424873
21,162,120,166,0.2465,0.52,0.291667,0.953333,463.354,256.819,465.535,402.38,66775.3,-919.28,0.147947,0.122382,-0.0830521,-0.127549
21,162,120,172,0.2465,0.52,0.291667,0.436833,463.354,260.459,465.014,402.38,65111.8,-932.305,0.147947,0.122382,-0.0753075,0.0784487
21,162,120,171,0.2465,0.52,0.291667,0.394667,463.354,247.166,467.052,402.38,71185.6,-884.741,0.147947,0.122382,-0.103496,0.0625295
21,162,120,197,0.2465,0.52,0.291667,0.3805,463.354,257.802,447.093,402.38,65198.9,6565.91,0.147947,0.194616,-0.0884837,0.26871
21,162,120,168,0.2465,0.52,0.291667,0.365667,463.354,266.382,464.226,402.38,62405.6,-953.509,0.147947,0.122382,-0.062673,-0.0987283
21,162,130,166,0.2465,0.52,0.291667,0.953333,463.354,256.819,469.204,423.066,76240.2,-966.538,0.147947,0.122382,-0.205817,-0.17111
21,162,130,172,0.2465,0.52,0.291667,0.436833,463.354,260.459,468.526,423.066,74576.8,-980.233,0.147947,0.122382,-0.198188,0.034772
21,162,130,171,0.2465,0.52,0.291667,0.394667,463.354,247.166,471.133,423.066,80650.5,-930.223,0.147947,0.122382,-0.225934,0.0192954
21,162,130,197,0.2465,0.52,0.291667,0.3805,463.354,257.802,450.89,423.066,74663.9,6903.45,0.147947,0.194616,-0.21298,0.223417
21,162,130,168,0.2465,0.52,0.291667,0.365667,463.354,266.382,467.481,423.066,71870.6,-1002.53,0.147947,0.122382,-0.18573,-0.142582
21,134,96,166,0.2465,0.450786,0.877,0.953333,439.048,281.004,459.999,341.607,28047.7,-8074.35,0.103415,0.0530778,0.00274095,-0.0719905
21,134,96,172,0.2465,0.450786,0.877,0.436833,439.048,284.635,459.952,341.607,26461.2,-8085.41,0.103415,0.0540405,0.0106557,0.13514
21,134,96,171,0.2465,0.450786,0.877,0.394667,439.048,271.38,460.261,341.607,32253.9,-8045.03,0.103415,0.0504014,-0.01823,0.114885
21,134,96,197,0.2465,0.450786,0.877,0.3805,439.048,280.53,441.39,341.607,26913.1,-1719.68,0.103415,0.119345,0.00274097,0.323733
21,134,96,168,0.2465,0.450786,0.877,0.365667,439.048,290.542,459.938,341.607,23880.2,-8103.41,0.103415,0.0555548,0.0235332,-0.0402802
21,134,103,166,0.2465,0.450786,0.33519,0.953333,439.048,281.004,460.353,351.386,32313.2,-8305.48,0.103415,0.0530778,-0.168852,-0.0932266
21,134,103,172,0.2465,0.450786,0.33519,0.436833,439.048,284.635,460.229,351.386,30726.7,-8316.86,0.103415,0.0540405,-0.160947,0.113894
21,134,103,171,0.2465,0.450786,0.33519,0.394667,439.048,271.38,460.82,351.386,36519.4,-8275.32,0.103415,0.0504014,-0.189785,0.093686
21,134,103,197,0.2465,0.450786,0.33519,0.3805,439.048,280.53,441.749,351.386,31178.6,-1768.91,0.103415,0.119345,-0.169746,0.301602
21,134,103,168,0.2465,0.450786,0.33519,0.365667,439.048,290.542,460.089,351.386,28145.8,-8335.37,0.103415,0.0555548,-0.148079,-0.0615352
21,134,98,166,0.2465,0.450786,0.32769,0.953333,439.048,281.004,460.516,354.634,33730.2,-8382.26,0.103415,0.0530778,0.013343,-0.100273
21,134,98,172,0.2465,0.450786,0.32769,0.436833,439.048,284.635,460.367,354.634,32143.7,-8393.74,0.103415,0.0540405,0.0212437,0.106843
21,134,98,171,0.2465,0.450786,0.32769,0.394667,439.048,271.38,461.051,354.634,37936.4,-8351.82,0.103415,0.0504014,-0.00757373,0.0866564
21,134,98,197,0.2465,0.450786,0.32769,0.3805,439.048,280.53,441.916,354.634,32595.6,-1785.26,0.103415,0.119345,0.0121523,0.29426
21,134,98,168,0.2465,0.450786,0.32769,0.365667,439.048,290.542,460.185,354.634,29562.8,-8412.43,0.103415,0.0555548,0.034106,-0.0685918
21,134,120,166,0.2465,0.450786,0.291667,0.953333,439.048,281.004,465.535,402.38,54557.7,-9510.81,0.103415,0.0530778,-0.0830521,-0.202866
21,134,120,172,0.2465,0.450786,0.291667,0.436833,439.048,284.635,465.014,402.38,52971.2,-9523.84,0.103415,0.0540405,-0.0753075,0.00409395
21,134,120,171,0.2465,0.450786,0.291667,0.394667,439.048,271.38,467.052,402.38,58763.9,-9476.27,0.103415,0.0504014,-0.103496,-0.0154642
21,134,120,197,0.2465,0.450786,0.291667,0.3805,439.048,280.53,447.093,402.38,53423.1,-2025.62,0.103415,0.119345,-0.0884837,0.187426
21,134,120,168,0.2465,0.450786,0.291667,0.365667,439.048,290.542,464.226,402.38,50390.3,-9545.04,0.103415,0.0555548,-0.062673,-0.171569
21,134,130,166,0.2465,0.450786,0.291667,0.953333,439.048,281.004,469.204,423.066,63581,-9999.74,0.103415,0.0530778,-0.205817,-0.246428
21,134,130,172,0.2465,0.450786,0.291667,0.436833,439.048,284.635,468.526,423.066,61994.5,-10013.4,0.103415,0.0540405,-0.198188,-0.0395828
21,134,130,171,0.2465,0.450786,0.291667,0.394667,439.048,271.38,471.133,423.066,67787.2,-9963.43,0.103415,0.0504014,-0.225934,-0.0586982
21,134,130,197,0.2465,0.450786,0.291667,0.3805,439.048,280.53,450.89,423.066,62446.4,-2129.76,0.103415,0.119345,-0.21298,0.142133
21,134,130,168,0.2465,0.450786,0.291667,0.365667,439.048,290.542,467.481,423.066,59413.5,-10035.7,0.103415,0.0555548,-0.18573,-0.215423
21,23,96,166,0.2465,0.430667,0.877,0.953333,390.466,351.095,459.999,341.607,-1974.98,-23790.7,-0.0469079,-0.194673,0.00274095,-0.187462
21,23,96,172,0.2465,0.430667,0.877,0.436833,390.466,354.671,459.952,341.607,-3396.07,-23801.8,-0.0469079,-0.192726,0.0106557,0.0206522
21,23,96,171,0.2465,0.430667,0.877,0.394667,390.466,341.623,460.261,341.607,1792.64,-23761.4,-0.0469079,-0.200031,-0.01823,-0.00326905
21,23,96,197,0.2465,0.430667,0.877,0.3805,390.466,348.355,441.39,341.607,-1895.09,-17436.1,-0.0469079,-0.142038,0.00274097,0.194629
21,23,96,168,0.2465,0.430667,0.877,0.365667,390.466,360.49,459.938,341.607,-5707.89,-23819.8,-0.0469079,-0.189642,0.0235332,-0.153198
21,23,103,166,0.2465,0.430667,0.33519,0.953333,390.466,351.095,460.353,351.386,1840.65,-24471.7,-0.0469079,-0.194673,-0.168852,-0.208698
21,23,103,172,0.2465,0.430667,0.33519,0.436833,390.466,354.671,460.229,351.386,419.564,-24483.1,-0.0469079,-0.192726,-0.160947,-0.0005932
21,23,103,171,0.2465,0.430667,0.33519,0.394667,390.466,341.623,460.82,351.386,5608.27,-24441.6,-0.0469079,-0.200031,-0.189785,-0.0244675
21,23,103,197,0.2465,0.430667,0.33519,0.3805,390.466,348.355,441.749,351.386,1920.54,-17935.2,-0.0469079,-0.142038,-0.169746,0.172498
21,23,103,168,0.2465,0.430667,0.33519,0.365667,390.466,360.49,460.089,351.386,-1892.26,-24501.6,-0.0469079,-0.189642,-0.148079,-0.174453
21,23,98,166,0.2465,0.430667,0.32769,0.953333,390.466,351.095,460.516,354.634,3108.21,-24698,-0.0469079,-0.194673,0.013343,-0.215745
21,23,98,172,0.2465,0.430667,0.32769,0.436833,390.466,354.671,460.367,354.634,1687.12,-24709.4,-0.0469079,-0.192726,0.0212437,-0.00764413
21,23,98,171,0.2465,0.430667,0.32769,0.394667,390.466,341.623,461.051,354.634,6875.83,-24667.5,-0.0469079,-0.200031,-0.00757373,-0.0314972
21,23,98,197,0.2465,0.430667,0.32769,0.3805,390.466,348.355,441.916,354.634,3188.1,-18101,-0.0469079,-0.142038,0.0121523,0.165156
21,23,98,168,0.2465,0.430667,0.32769,0.365667,390.466,360.49,460.185,354.634,-624.699,-24728.1,-0.0469079,-0.189642,0.034106,-0.181509
21,23,120,166,0.2465,0.430667,0.291667,0.953333,390.466,351.095,465.535,402.38,21739,-28023.2,-0.0469079,-0.194673,-0.0830521,-0.318338
21,23,120,172,0.2465,0.430667,0.291667,0.436833,390.466,354.671,465.014,402.38,20317.9,-28036.2,-0.0469079,-0.192726,-0.0753075,-0.110393
21,23,120,171,0.2465,0.430667,0.291667,0.394667,390.466,341.623,467.052,402.38,25506.7,-27988.7,-0.0469079,-0.200031,-0.103496,-0.133618
21,23,120,197,0.2465,0.430667,0.291667,0.3805,390.466,348.355,447.093,402.38,21818.9,-20538,-0.0469079,-0.142038,-0.0884837,0.0583217
21,23,120,168,0.2465,0.430667,0.291667,0.365667,390.466,360.49,464.226,402.38,18006.1,-28057.4,-0.0469079,-0.189642,-0.062673,-0.284486
21,23,130,166,0.2465,0.430667,0.291667,0.953333,390.466,351.095,469.204,423.066,29810.6,-29463.8,-0.0469079,-0.194673,-0.205817,-0.361899
21,23,130,172,0.2465,0.430667,0.291667,0.436833,390.466,354.671,468.526,423.066,28389.5,-29477.5,-0.0469079,-0.192726,-0.198188,-0.15407
21,23,130,171,0.2465,0.430667,0.291667,0.394667,390.466,341.623,471.133,423.066,33578.2,-29427.5,-0.0469079,-0.200031,-0.225934,-0.176852
21,23,130,197,0.2465,0.430667,0.291667,0.3805,390.466,348.355,450.89,423.066,29890.5,-21593.8,-0.0469079,-0.142038,-0.21298,0.013029
21,23,130,168,0.2465,0.430667,0.291667,0.365667,390.466,360.49,467.481,423.066,26077.7,-29499.8,-0.0469079,-0.189642,-0.18573,-0.32834
60,132,96,166,0.225167,0.963333,0.877,0.953333,454.611,279.705,459.999,301.081,9790.5,-1607.62,0.164797,0.0614834,0.00274095,-0.00686827
60,132,96,172,0.225167,0.963333,0.877,0.436833,454.611,283.345,459.952,301.081,8136.08,-1617.37,0.164797,0.0616143,0.0106557,0.19943
60,132,96,171,0.225167,0.963333,0.877,0.394667,454.611,270.052,460.261,301.081,14176.8,-1581.78,0.164797,0.0611189,-0.01823,0.182319
60,132,96,197,0.225167,0.963333,0.877,0.3805,454.611,280.444,441.39,301.081,9394.45,3993.17,0.164797,0.127884,0.00274097,0.388988
60,132,96,168,0.225167,0.963333,0.877,0.365667,454.611,289.268,459.938,301.081,5444.67,-1633.23,0.164797,0.0618205,0.0235332,0.0227025
60,132,103,166,0.225167,0.963333,0.33519,0.953333,454.611,279.705,460.353,310.86,14234.9,-1659.83,0.164797,0.0614834,-0.168852,-0.0281043
60,132,103,172,0.225167,0.963333,0.33519,0.436833,454.611,283.345,460.229,310.86,12580.5,-1669.9,0.164797,0.0616143,-0.160947,0.178185
60,132,103,171,0.225167,0.963333,0.33519,0.394667,454.611,270.052,460.82,310.86,18621.2,-1633.15,0.164797,0.0611189,-0.189785,0.16112
60,132,103,197,0.225167,0.963333,0.33519,0.3805,454.611,280.444,441.749,310.86,13838.9,4122.86,0.164797,0.127884,-0.169746,0.366858
60,132,103,168,0.225167,0.963333,0.33519,0.365667,454.611,289.268,460.089,310.86,9889.1,-1686.28,0.164797,0.0618205,-0.148079,0.0014475
60,132,98,166,0.225167,0.963333,0.32769,0.953333,454.611,279.705,460.516,314.108,15711.4,-1677.18,0.164797,0.0614834,0.013343,-0.0351506
60,132,98,172,0.225167,0.963333,0.32769,0.436833,454.611,283.345,460.367,314.108,14057,-1687.35,0.164797,0.0616143,0.0212437,0.171134
60,132,98,171,0.225167,0.963333,0.32769,0.394667,454.611,270.052,461.051,314.108,20097.6,-1650.22,0.164797,0.0611189,-0.00757373,0.154091
60,132,98,197,0.225167,0.963333,0.32769,0.3805,454.611,280.444,441.916,314.108,15315.3,4165.94,0.164797,0.127884,0.0121523,0.359515
60,132,98,168,0.225167,0.963333,0.32769,0.365667,454.611,289.268,460.185,314.108,11365.5,-1703.9,0.164797,0.0618205,0.034106,-0.00560916
60,132,120,166,0.225167,0.963333,0.291667,0.953333,454.611,279.705,465.535,361.854,37412.5,-1932.12,0.164797,0.0614834,-0.0830521,-0.137744
60,132,120,172,0.225167,0.963333,0.291667,0.436833,454.611,283.345,465.014,361.854,35758.1,-1943.83,0.164797,0.0616143,-0.0753075,0.0683847
60,132,120,171,0.225167,0.963333,0.291667,0.394667,454.611,270.052,467.052,361.854,41798.7,-1901.06,0.164797,0.0611189,-0.103496,0.05197
60,132,120,197,0.225167,0.963333,0.291667,0.3805,454.611,280.444,447.093,361.854,37016.4,4799.19,0.164797,0.127884,-0.0884837,0.252681
60,132,120,168,0.225167,0.963333,0.291667,0.365667,454.611,289.268,464.226,361.854,33066.6,-1962.9,0.164797,0.0618205,-0.062673,-0.108586
60,132,130,166,0.225167,0.963333,0.291667,0.953333,454.611,279.705,469.204,382.54,46814.2,-2042.57,0.164797,0.0614834,-0.205817,-0.181305
60,132,130,172,0.225167,0.963333,0.291667,0.436833,454.611,283.345,468.526,382.54,45159.8,-2054.95,0.164797,0.0616143,-0.198188,0.024708
60,132,130,171,0.225167,0.963333,0.291667,0.394667,454.611,270.052,471.133,382.54,51200.5,-2009.74,0.164797,0.0611189,-0.225934,0.00873597
60,132,130,197,0.225167,0.963333,0.291667,0.3805,454.611,280.444,450.89,382.54,46418.2,5073.54,0.164797,0.127884,-0.21298,0.207389
60,132,130,168,0.225167,0.963333,0.291667,0.365667,454.611,289.268,467.481,382.54,42468.4,-2075.11,0.164797,0.0618205,-0.18573,-0.15244
60,161,96,166,0.225167,0.729833,0.877,0.953333,438.307,258.608,459.999,301.081,19722.3,-6831.11,0.215939,-0.0113792,0.00274095,-0.0756235
60,161,96,172,0.225167,0.729833,0.877,0.436833,438.307,262.238,459.952,301.081,18131.8,-6840.85,0.215939,-0.0102841,0.0106557,0.131639
60,161,96,171,0.225167,0.729833,0.877,0.394667,438.307,248.987,460.261,301.081,23939.3,-6805.26,0.215939,-0.0144369,-0.01823,0.11087
60,161,96,197,0.225167,0.729833,0.877,0.3805,438.307,258.12,441.39,301.081,18924.5,-1230.32,0.215939,0.0606352,0.00274097,0.325847
60,161,96,168,0.225167,0.729833,0.877,0.365667,438.307,268.144,459.938,301.081,15544.3,-6856.72,0.215939,-0.00856619,0.0235332,-0.0435771
60,161,103,166,0.225167,0.729833,0.33519,0.953333,438.307,258.608,460.353,310.86,23997.1,-7052.97,0.215939,-0.0113792,-0.168852,-0.0968596
60,161,103,172,0.225167,0.729833,0.33519,0.436833,438.307,262.238,460.229,310.86,22406.6,-7063.03,0.215939,-0.0102841,-0.160947,0.110394
60,161,103,171,0.225167,0.729833,0.33519,0.394667,438.307,248.987,460.82,310.86,28214,-7026.28,0.215939,-0.0144369,-0.189785,0.0896718
60,161,103,197,0.225167,0.729833,0.33519,0.3805,438.307,258.12,441.749,310.86,23199.3,-1270.27,0.215939,0.0606352,-0.169746,0.303717
60,161,103,168,0.225167,0.729833,0.33519,0.365667,438.307,268.144,460.089,310.86,19819.1,-7079.41,0.215939,-0.00856619,-0.148079,-0.064832
60,161,98,166,0.225167,0.729833,0.32769,0.953333,438.307,258.608,460.516,314.108,25417.2,-7126.67,0.215939,-0.0113792,0.013343,-0.103906
60,161,98,172,0.225167,0.729833,0.32769,0.436833,438.307,262.238,460.367,314.108,23826.7,-7136.84,0.215939,-0.0102841,0.0212437,0.103343
60,161,98,171,0.225167,0.729833,0.32769,0.394667,438.307,248.987,461.051,314.108,29634.1,-7099.71,0.215939,-0.0144369,-0.00757373,0.0826422
60,161,98,197,0.225167,0.729833,0.32769,0.3805,438.307,258.12,441.916,314.108,24619.4,-1283.55,0.215939,0.0606352,0.0121523,0.296374
60,161,98,168,0.225167,0.729833,0.32769,0.365667,438.307,268.144,460.185,314.108,21239.2,-7153.39,0.215939,-0.00856619,0.034106,-0.0718887
60,161,120,166,0.225167,0.729833,0.291667,0.953333,438.307,258.608,465.535,361.854,46290,-8209.97,0.215939,-0.0113792,-0.0830521,-0.206499
60,161,120,172,0.225167,0.729833,0.291667,0.436833,438.307,262.238,465.014,361.854,44699.4,-8221.68,0.215939,-0.0102841,-0.0753075,0.000593491
60,161,120,171,0.225167,0.729833,0.291667,0.394667,438.307,248.987,467.052,361.854,50506.9,-8178.91,0.215939,-0.0144369,-0.103496,-0.0194784
60,161,120,197,0.225167,0.729833,0.291667,0.3805,438.307,258.12,447.093,361.854,45492.1,-1478.66,0.215939,0.0606352,-0.0884837,0.18954
60,161,120,168,0.225167,0.729833,0.291667,0.365667,438.307,268.144,464.226,361.854,42111.9,-8240.75,0.215939,-0.00856619,-0.062673,-0.174866
60,161,130,166,0.225167,0.729833,0.291667,0.953333,438.307,258.608,469.204,382.54,55332.9,-8679.29,0.215939,-0.0113792,-0.205817,-0.250061
60,161,130,172,0.225167,0.729833,0.291667,0.436833,438.307,262.238,468.526,382.54,53742.3,-8691.68,0.215939,-0.0102841,-0.198188,-0.0430833
60,161,130,171,0.225167,0.729833,0.291667,0.394667,438.307,248.987,471.133,382.54,59549.8,-8646.46,0.215939,-0.0144369,-0.225934,-0.0627125
60,161,130,197,0.225167,0.729833,0.291667,0.3805,438.307,258.12,450.89,382.54,54535,-1563.18,0.215939,0.0606352,-0.21298,0.144247
60,161,130,168,0.225167,0.729833,0.291667,0.365667,438.307,268.144,467.481,382.54,51154.8,-8711.84,0.215939,-0.00856619,-0.18573,-0.21872
60,162,96,166,0.225167,0.52,0.877,0.953333,458.716,256.819,459.999,301.081,20331.8,-687.85,0.214468,0.0350281,0.00274095,0.00332675
60,162,96,172,0.225167,0.52,0.877,0.436833,458.716,260.459,459.952,301.081,18667,-697.596,0.214468,0.0350281,0.0106557,0.209494
60,162,96,171,0.225167,0.52,0.877,0.394667,458.716,247.166,460.261,301.081,24745.6,-662.006,0.214468,0.035028,-0.01823,0.192878
60,162,96,197,0.225167,0.52,0.877,0.3805,458.716,257.802,441.39,301.081,19509.3,4912.94,0.214468,0.107262,0.00274097,0.405017
60,162,96,168,0.225167,0.52,0.877,0.365667,458.716,266.382,459.938,301.081,15958.7,-713.462,0.214468,0.0350281,0.0235332,0.0325603
60,162,103,166,0.225167,0.52,0.33519,0.953333,458.716,256.819,460.353,310.86,24806.1,-710.19,0.214468,0.0350281,-0.168852,-0.0179093
60,162,103,172,0.225167,0.52,0.33519,0.436833,458.716,260.459,460.229,310.86,23141.3,-720.253,0.214468,0.0350281,-0.160947,0.188249
60,162,103,171,0.225167,0.52,0.33519,0.394667,458.716,247.166,460.82,310.86,29219.9,-683.507,0.214468,0.035028,-0.189785,0.17168
60,162,103,197,0.225167,0.52,0.33519,0.3805,458.716,257.802,441.749,310.86,23983.6,5072.5,0.214468,0.107262,-0.169746,0.382886
60,162,103,168,0.225167,0.52,0.33519,0.365667,458.716,266.382,460.089,310.86,20433,-736.634,0.214468,0.0350281,-0.148079,0.0113054
60,162,98,166,0.225167,0.52,0.32769,0.953333,458.716,256.819,460.516,314.108,26292.5,-717.613,0.214468,0.0350281,0.013343,-0.0249556
60,162,98,172,0.225167,0.52,0.32769,0.436833,458.716,260.459,460.367,314.108,24627.7,-727.781,0.214468,0.0350281,0.0212437,0.181198
60,162,98,171,0.225167,0.52,0.32769,0.394667,458.716,247.166,461.051,314.108,30706.3,-690.651,0.214468,0.035028,-0.00757373,0.16465
60,162,98,197,0.225167,0.52,0.32769,0.3805,458.716,257.802,441.916,314.108,25470,5125.51,0.214468,0.107262,0.0121523,0.375544
60,162,98,168,0.225167,0.52,0.32769,0.365667,458.716,266.382,460.185,314.108,21919.4,-744.333,0.214468,0.0350281,0.034106,0.00424873
60,162,120,166,0.225167,0.52,0.291667,0.953333,458.716,256.819,465.535,361.854,48139.4,-826.694,0.214468,0.0350281,-0.0830521,-0.127549
60,162,120,172,0.225167,0.52,0.291667,0.436833,458.716,260.459,465.014,361.854,46474.6,-838.408,0.214468,0.0350281,-0.0753075,0.0784487
60,162,120,171,0.225167,0.52,0.291667,0.394667,458.716,247.166,467.052,361.854,52553.2,-795.634,0.214468,0.035028,-0.103496,0.0625295
60,162,120,197,0.225167,0.52,0.291667,0.3805,458.716,257.802,447.093,361.854,47316.9,5904.62,0.214468,0.107262,-0.0884837,0.26871
60,162,120,168,0.225167,0.52,0.291667,0.365667,458.716,266.382,464.226,361.854,43766.3,-857.476,0.214468,0.0350281,-0.062673,-0.0987283
60,162,130,166,0.225167,0.52,0.291667,0.953333,458.716,256.819,469.204,382.54,57604.4,-873.952,0.214468,0.0350281,-0.205817,-0.17111
60,162,130,172,0.225167,0.52,0.291667,0.436833,458.716,260.459,468.526,382.54,55939.6,-886.335,0.214468,0.0350281,-0.198188,0.034772
60,162,130,171,0.225167,0.52,0.291667,0.394667,458.716,247.166,471.133,382.54,62018.2,-841.116,0.214468,0.035028,-0.225934,0.0192954
60,162,130,197,0.225167,0.52,0.291667,0.3805,458.716,257.802,450.89,382.54,56781.9,6242.16,0.214468,0.107262,-0.21298,0.223417
60,162,130,168,0.225167,0.52,0.291667,0.365667,458.716,266.382,467.481,382.54,53231.3,-906.493,0.214468,0.0350281,-0.18573,-0.142582
60,134,96,166,0.225167,0.450786,0.877,0.953333,436.311,281.004,459.999,301.081,9411.83,-7116.46,0.164875,-0.0393372,0.00274095,-0.0719905
60,134,96,172,0.225167,0.450786,0.877,0.436833,436.311,284.635,459.952,301.081,7824.01,-7126.21,0.164875,-0.0383746,0.0106557,0.13514
60,134,96,171,0.225167,0.450786,0.877,0.394667,436.311,271.38,460.261,301.081,13621.5,-7090.62,0.164875,-0.0420137,-0.01823,0.114885
60,134,96,197,0.225167,0.450786,0.877,0.3805,436.311,280.53,441.39,301.081,9031.09,-1515.67,0.164875,0.0269301,0.00274097,0.323733
60,134,96,168,0.225167,0.450786,0.877,0.365667,436.311,290.542,459.938,301.081,5240.94,-7142.07,0.164875,-0.0368603,0.0235332,-0.0402802
60,134,103,166,0.225167,0.450786,0.33519,0.953333,436.311,281.004,460.353,310.86,13677.3,-7347.59,0.164875,-0.0393372,-0.168852,-0.0932266
60,134,103,172,0.225167,0.450786,0.33519,0.436833,436.311,284.635,460.229,310.86,12089.5,-7357.65,0.164875,-0.0383746,-0.160947,0.113894
60,134,103,171,0.225167,0.450786,0.33519,0.394667,436.311,271.38,460.82,310.86,17887,-7320.91,0.164875,-0.0420137,-0.189785,0.093686
60,134,103,197,0.225167,0.450786,0.33519,0.3805,436.311,280.53,441.749,310.86,13296.6,-1564.9,0.164875,0.0269301,-0.169746,0.301602
60,134,103,168,0.225167,0.450786,0.33519,0.365667,436.311,290.542,460.089,310.86,9506.46,-7374.03,0.164875,-0.0368603,-0.148079,-0.0615352
60,134,98,166,0.225167,0.450786,0.32769,0.953333,436.311,281.004,460.516,314.108,15094.4,-7424.37,0.164875,-0.0393372,0.013343,-0.100273
60,134,98,172,0.225167,0.450786,0.32769,0.436833,436.311,284.635,460.367,314.108,13506.5,-7434.54,0.164875,-0.0383746,0.0212437,0.106843
60,134,98,171,0.225167,0.450786,0.32769,0.394667,436.311,271.38,461.051,314.108,19304,-7397.41,0.164875,-0.0420137,-0.00757373,0.0866564
60,134,98,197,0.225167,0.450786,0.32769,0.3805,436.311,280.53,441.916,314.108,14713.6,-1581.25,0.164875,0.0269301,0.0121523,0.29426
60,134,98,168,0.225167,0.450786,0.32769,0.365667,436.311,290.542,460.185,314.108,10923.5,-7451.09,0.164875,-0.0368603,0.034106,-0.0685918
60,134,120,166,0.225167,0.450786,0.291667,0.953333,436.311,281.004,465.535,361.854,35921.8,-8552.92,0.164875,-0.0393372,-0.0830521,-0.202866
60,134,120,172,0.225167,0.450786,0.291667,0.436833,436.311,284.635,465.014,361.854,34334,-8564.64,0.164875,-0.0383746,-0.0753075,0.00409395
60,134,120,171,0.225167,0.450786,0.291667,0.394667,436.311,271.38,467.052,361.854,40131.5,-8521.86,0.164875,-0.0420137,-0.103496,-0.0154642
60,134,120,197,0.225167,0.450786,0.291667,0.3805,436.311,280.53,447.093,361.854,35541.1,-1821.61,0.164875,0.0269301,-0.0884837,0.187426
60,134,120,168,0.225167,0.450786,0.291667,0.365667,436.311,290.542,464.226,361.854,31751,-8583.71,0.164875,-0.0368603,-0.062673,-0.171569
60,134,130,166,0.225167,0.450786,0.291667,0.953333,436.311,281.004,469.204,382.54,44945.1,-9041.85,0.164875,-0.0393372,-0.205817,-0.246428
60,134,130,172,0.225167,0.450786,0.291667,0.436833,436.311,284.635,468.526,382.54,43357.3,-9054.24,0.164875,-0.0383746,-0.198188,-0.0395828
60,134,130,171,0.225167,0.450786,0.291667,0.394667,436.311,271.38,471.133,382.54,49154.8,-9009.02,0.164875,-0.0420137,-0.225934,-0.0586982
60,134,130,197,0.225167,0.450786,0.291667,0.3805,436.311,280.53,450.89,382.54,44564.4,-1925.74,0.164875,0.0269301,-0.21298,0.142133
60,134,130,168,0.225167,0.450786,0.291667,0.365667,436.311,290.542,467.481,382.54,40774.2,-9074.4,0.164875,-0.0368603,-0.18573,-0.215423
60,23,96,166,0.225167,0.430667,0.877,0.953333,394.035,351.095,459.999,301.081,-20610.8,-20968.3,0.00400495,-0.297635,0.00274095,-0.187462
60,23,96,172,0.225167,0.430667,0.877,0.436833,394.035,354.671,459.952,301.081,-22033.2,-20978.1,0.00400495,-0.295688,0.0106557,0.0206522
60,23,96,171,0.225167,0.430667,0.877,0.394667,394.035,341.623,460.261,301.081,-16839.7,-20942.5,0.00400495,-0.302993,-0.01823,-0.00326905
60,23,96,197,0.225167,0.430667,0.877,0.3805,394.035,348.355,441.39,301.081,-19777.1,-15367.5,0.00400495,-0.245,0.00274097,0.194629
60,23,96,168,0.225167,0.430667,0.877,0.365667,394.035,360.49,459.938,301.081,-24347.2,-20994,0.00400495,-0.292603,0.0235332,-0.153198
60,23,103,166,0.225167,0.430667,0.33519,0.953333,394.035,351.095,460.353,310.86,-16795.2,-21649.4,0.00400495,-0.297635,-0.168852,-0.208698
60,23,103,172,0.225167,0.430667,0.33519,0.436833,394.035,354.671,460.229,310.86,-18217.6,-21659.4,0.00400495,-0.295688,-0.160947,-0.0005932
60,23,103,171,0.225167,0.430667,0.33519,0.394667,394.035,341.623,460.82,310.86,-13024.1,-21622.7,0.00400495,-0.302993,-0.189785,-0.0244675
60,23,103,197,0.225167,0.430667,0.33519,0.3805,394.035,348.355,441.749,310.86,-15961.4,-15866.7,0.00400495,-0.245,-0.169746,0.172498
60,23,103,168,0.225167,0.430667,0.33519,0.365667,394.035,360.49,460.089,310.86,-20531.6,-21675.8,0.00400495,-0.292603,-0.148079,-0.174453
60,23,98,166,0.225167,0.430667,0.32769,0.953333,394.035,351.095,460.516,314.108,-15527.6,-21875.6,0.00400495,-0.297635,0.013343,-0.215745
60,23,98,172,0.225167,0.430667,0.32769,0.436833,394.035,354.671,460.367,314.108,-16950,-21885.8,0.00400495,-0.295688,0.0212437,-0.00764413
60,23,98,171,0.225167,0.430667,0.32769,0.394667,394.035,341.623,461.051,314.108,-11756.5,-21848.6,0.00400495,-0.302993,-0.00757373,-0.0314972
60,23,98,197,0.225167,0.430667,0.32769,0.3805,394.035,348.355,441.916,314.108,-14693.9,-16032.5,0.00400495,-0.245,0.0121523,0.165156
60,23,98,168,0.225167,0.430667,0.32769,0.365667,394.035,360.49,460.185,314.108,-19264,-21902.3,0.00400495,-0.292603,0.034106,-0.181509
60,23,120,166,0.225167,0.430667,0.291667,0.953333,394.035,351.095,465.535,361.854,3103.17,-25200.8,0.00400495,-0.297635,-0.0830521,-0.318338
60,23,120,172,0.225167,0.430667,0.291667,0.436833,394.035,354.671,465.014,361.854,1680.78,-25212.5,0.00400495,-0.295688,-0.0753075,-0.110393
60,23,120,171,0.225167,0.430667,0.291667,0.394667,394.035,341.623,467.052,361.854,6874.28,-25169.7,0.00400495,-0.302993,-0.103496,-0.133618
60,23,120,197,0.225167,0.430667,0.291667,0.3805,394.035,348.355,447.093,361.854,3936.94,-18469.5,0.00400495,-0.245,-0.0884837,0.0583217
60,23,120,168,0.225167,0.430667,0.291667,0.365667,394.035,360.49,464.226,361.854,-633.182,-25231.6,0.00400495,-0.292603,-0.062673,-0.284486
60,23,130,166,0.225167,0.430667,0.291667,0.953333,394.035,351.095,469.204,382.54,11174.8,-26641.4,0.00400495,-0.297635,-0.205817,-0.361899
60,23,130,172,0.225167,0.430667,0.291667,0.436833,394.035,354.671,468.526,382.54,9752.37,-26653.8,0.00400495,-0.295688,-0.198188,-0.15407
60,23,130,171,0.225167,0.430667,0.291667,0.394667,394.035,341.623,471.133,382.54,14945.9,-26608.6,0.00400495,-0.302993,-0.225934,-0.176852
60,23,130,197,0.225167,0.430667,0.291667,0.3805,394.035,348.355,450.89,382.54,12008.5,-19525.3,0.00400495,-0.245,-0.21298,0.013029
60,23,130,168,0.225167,0.430667,0.291667,0.365667,394.035,360.49,467.481,382.54,7438.41,-26674,0.00400495,-0.292603,-0.18573,-0.32834
