1,12,0,29,0,-0.00501254,-0.0313187,-0.0033389,389.823,502.496,351.646,551.634,18284,20327.2,0.000161365,0.00244553,-0.0784006,0.00917369
1,12,0,32,0,-0.00501254,-0.0313187,-0.50916,389.823,505.3,351.334,551.634,17190.8,20440.6,0.000161365,0.00244553,-0.0704705,0.201335
1,12,0,44,0,-0.00501254,-0.0313187,-1.48427,389.823,508.734,312.937,551.634,16143.9,41653.8,0.000161365,0.0780248,-0.0773471,0.140337
1,12,0,90,0,-0.00501254,-0.0313187,-1.57343,389.823,512.356,330.067,551.634,14456.1,32099.1,0.000161365,0.042865,-0.0572099,0.351856
1,12,0,37,0,-0.00501254,-0.0313187,-1.91506,389.823,505.611,330.109,551.634,17093.3,32193.1,0.000161365,0.0447292,-0.077845,0.148853
1,12,2,29,0,-0.00501254,-0.0460439,-0.0033389,389.823,502.496,351.785,554.632,19448,20437.7,0.000161365,0.00244553,-0.00162739,0.000656776
1,12,2,32,0,-0.00501254,-0.0460439,-0.50916,389.823,505.3,351.449,554.632,18354.9,20551.8,0.000161365,0.00244553,0.0062919,0.192807
1,12,2,44,0,-0.00501254,-0.0460439,-1.48427,389.823,508.734,313.074,554.632,17308,41880.2,0.000161365,0.0780248,-0.00162752,0.130766
1,12,2,90,0,-0.00501254,-0.0460439,-1.57343,389.823,512.356,330.143,554.632,15620.2,32273.6,0.000161365,0.042865,0.0189989,0.342774
1,12,2,37,0,-0.00501254,-0.0460439,-1.91506,389.823,505.611,330.247,554.632,18257.3,32368.1,0.000161365,0.0447292,-0.00162753,0.139781
1,12,11,29,0,-0.00501254,-0.364083,-0.0033389,389.823,502.496,336.953,552.363,17965,27728.8,-0.0265094,0.00244553,-0.177351,0.00575482
1,12,11,32,0,-0.00501254,-0.364083,-0.50916,389.823,505.3,336.632,552.363,16871.8,27883.6,-0.0265094,0.00244553,-0.169078,0.198259
1,12,11,44,0,-0.00501254,-0.364083,-1.48427,389.823,508.734,298.243,552.363,15824.9,49104.8,-0.0265094,0.0780248,-0.176689,0.136526
1,12,11,90,0,-0.00501254,-0.364083,-1.57343,389.823,512.356,315.352,552.363,14137.1,39628.4,-0.0265094,0.042865,-0.155406,0.349191
1,12,11,37,0,-0.00501254,-0.364083,-1.91506,389.823,505.611,315.415,552.363,16774.3,39622.2,-0.0265094,0.0447292,-0.177003,0.145227
1,12,48,29,0,-0.00501254,-0.394525,-0.0033389,389.823,502.496,337.157,554.085,18639.3,27731.7,-0.0262078,0.00244553,-0.0968573,0.000656866
1,12,48,32,0,-0.00501254,-0.394525,-0.50916,389.823,505.3,336.822,554.085,17546.2,27886.5,-0.0262078,0.00244553,-0.0885941,0.193151
1,12,48,44,0,-0.00501254,-0.394525,-1.48427,389.823,508.734,298.447,554.085,16499.3,49174.2,-0.0262078,0.0780248,-0.0968574,0.130766
1,12,48,90,0,-0.00501254,-0.394525,-1.57343,389.823,512.356,315.518,554.085,14811.5,39667.2,-0.0262078,0.042865,-0.0752748,0.343731
1,12,48,37,0,-0.00501254,-0.394525,-1.91506,389.823,505.611,315.619,554.085,17448.6,39662.1,-0.0262078,0.0447292,-0.0968574,0.139781
1,12,7,29,0,-0.00501254,-0.748308,-0.0033389,389.823,502.496,341.136,552.115,18055.8,25621.4,-0.0189231,0.00244553,-0.11973,0.00675821
1,12,7,32,0,-0.00501254,-0.748308,-0.50916,389.823,505.3,340.818,552.115,16962.6,25764.4,-0.0189231,0.00244553,-0.111558,0.199162
1,12,7,44,0,-0.00501254,-0.748308,-1.48427,389.823,508.734,302.427,552.115,15915.8,46983.3,-0.0189231,0.0780248,-0.118949,0.137649
1,12,7,90,0,-0.00501254,-0.748308,-1.57343,389.823,512.356,319.541,552.115,14227.9,37484.6,-0.0189231,0.042865,-0.0980051,0.349974
1,12,7,37,0,-0.00501254,-0.748308,-1.91506,389.823,505.611,319.598,552.115,16865.1,37506.9,-0.0189231,0.0447292,-0.119319,0.146293
1,79,0,29,0,-1.235,-0.0313187,-0.0033389,348.148,448.892,351.646,551.634,35964.4,-8022.44,0.164547,0.085013,-0.0784006,-0.0966277
1,79,0,32,0,-1.235,-0.0313187,-0.50916,348.148,451.681,351.334,551.634,35004.2,-7908.99,0.164547,0.0856687,-0.0704705,0.0961892
1,79,0,44,0,-1.235,-0.0313187,-1.48427,348.148,451.258,312.937,551.634,31895.8,13304.1,0.164547,0.170887,-0.0773471,0.0448305
1,79,0,90,0,-1.235,-0.0313187,-1.57343,348.148,456.605,330.067,551.634,31422.4,3749.48,0.164547,0.132303,-0.0572099,0.252925
1,79,0,37,0,-1.235,-0.0313187,-1.91506,348.148,449.799,330.109,551.634,33700.7,3843.45,0.164547,0.132907,-0.077845,0.0486626
1,79,2,29,0,-1.235,-0.0460439,-0.0033389,348.148,448.892,351.785,554.632,36974.4,-8066.05,0.164547,0.085013,-0.00162739,-0.105145
1,79,2,32,0,-1.235,-0.0460439,-0.50916,348.148,451.681,351.449,554.632,36014.2,-7951.99,0.164547,0.0856687,0.0062919,0.0876616
1,79,2,44,0,-1.235,-0.0460439,-1.48427,348.148,451.258,313.074,554.632,32905.7,13376.5,0.164547,0.170887,-0.00162752,0.03526
1,79,2,90,0,-1.235,-0.0460439,-1.57343,348.148,456.605,330.143,554.632,32432.3,3769.86,0.164547,0.132303,0.0189989,0.243843
1,79,2,37,0,-1.235,-0.0460439,-1.91506,348.148,449.799,330.247,554.632,34710.6,3864.34,0.164547,0.132907,-0.00162753,0.03959
1,79,11,29,0,-1.235,-0.364083,-0.0033389,348.148,448.892,336.953,552.363,34844.9,-1421.37,0.137876,0.085013,-0.177351,-0.100047
1,79,11,32,0,-1.235,-0.364083,-0.50916,348.148,451.681,336.632,552.363,33884.7,-1266.6,0.137876,0.0856687,-0.169078,0.0931134
1,79,11,44,0,-1.235,-0.364083,-1.48427,348.148,451.258,298.243,552.363,30776.2,19954.6,0.137876,0.170887,-0.176689,0.0410197
1,79,11,90,0,-1.235,-0.364083,-1.57343,348.148,456.605,315.352,552.363,30302.9,10478.3,0.137876,0.132303,-0.155406,0.25026
1,79,11,37,0,-1.235,-0.364083,-1.91506,348.148,449.799,315.415,552.363,32581.1,10472,0.137876,0.132907,-0.177003,0.0450362
1,79,48,29,0,-1.235,-0.394525,-0.0033389,348.148,448.892,337.157,554.085,35436.9,-1500.82,0.138177,0.085013,-0.0968573,-0.105144
1,79,48,32,0,-1.235,-0.394525,-0.50916,348.148,451.681,336.822,554.085,34476.7,-1346.04,0.138177,0.0856687,-0.0885941,0.0880056
1,79,48,44,0,-1.235,-0.394525,-1.48427,348.148,451.258,298.447,554.085,31368.3,19941.7,0.138177,0.170887,-0.0968574,0.0352601
1,79,48,90,0,-1.235,-0.394525,-1.57343,348.148,456.605,315.518,554.085,30894.9,10434.7,0.138177,0.132303,-0.0752748,0.2448
1,79,48,37,0,-1.235,-0.394525,-1.91506,348.148,449.799,315.619,554.085,33173.2,10429.6,0.138177,0.132907,-0.0968574,0.0395901
1,79,7,29,0,-1.235,-0.748308,-0.0033389,348.148,448.892,341.136,552.115,35163.6,-3300.87,0.145462,0.085013,-0.11973,-0.0990431
1,79,7,32,0,-1.235,-0.748308,-0.50916,348.148,451.681,340.818,552.115,34203.4,-3157.87,0.145462,0.0856687,-0.111558,0.0940161
1,79,7,44,0,-1.235,-0.748308,-1.48427,348.148,451.258,302.427,552.115,31095,18061.1,0.145462,0.170887,-0.118949,0.0421424
1,79,7,90,0,-1.235,-0.748308,-1.57343,348.148,456.605,319.541,552.115,30621.6,8562.41,0.145462,0.132303,-0.0980051,0.251044
1,79,7,37,0,-1.235,-0.748308,-1.91506,348.148,449.799,319.598,552.115,32899.9,8584.7,0.145462,0.132907,-0.119319,0.0461027
1,88,0,29,0,-1.39634,-0.0313187,-0.0033389,346.868,449.032,351.646,551.634,35911.4,-8738.25,0.165226,0.0895029,-0.0784006,-0.0995087
1,88,0,32,0,-1.39634,-0.0313187,-0.50916,346.868,451.82,351.334,551.634,34954.9,-8624.8,0.165226,0.0901762,-0.0704705,0.0933256
1,88,0,44,0,-1.39634,-0.0313187,-1.48427,346.868,451.287,312.937,551.634,31849.1,12588.3,0.165226,0.175376,-0.0773471,0.0419477
1,88,0,90,0,-1.39634,-0.0313187,-1.57343,346.868,456.684,330.067,551.634,31381.7,3033.67,0.165226,0.13683,-0.0572099,0.25008
1,88,0,37,0,-1.39634,-0.0313187,-1.91506,346.868,449.877,330.109,551.634,33651.2,3127.64,0.165226,0.137391,-0.077845,0.0457753
1,88,2,29,0,-1.39634,-0.0460439,-0.0033389,346.868,449.032,351.785,554.632,36917.5,-8785.75,0.165226,0.0895029,-0.00162739,-0.108026
1,88,2,32,0,-1.39634,-0.0460439,-0.50916,346.868,451.82,351.449,554.632,35960.9,-8671.69,0.165226,0.0901762,0.0062919,0.0847979
1,88,2,44,0,-1.39634,-0.0460439,-1.48427,346.868,451.287,313.074,554.632,32855.1,12656.8,0.165226,0.175376,-0.00162752,0.0323773
1,88,2,90,0,-1.39634,-0.0460439,-1.57343,346.868,456.684,330.143,554.632,32387.8,3050.16,0.165226,0.13683,0.0189989,0.240999
1,88,2,37,0,-1.39634,-0.0460439,-1.91506,346.868,449.877,330.247,554.632,34657.2,3144.64,0.165226,0.137391,-0.00162753,0.0367027
1,88,11,29,0,-1.39634,-0.364083,-0.0033389,346.868,449.032,336.953,552.363,34792.6,-2136.45,0.138555,0.0895029,-0.177351,-0.102928
1,88,11,32,0,-1.39634,-0.364083,-0.50916,346.868,451.82,336.632,552.363,33836.1,-1981.69,0.138555,0.0901762,-0.169078,0.0902497
1,88,11,44,0,-1.39634,-0.364083,-1.48427,346.868,451.287,298.243,552.363,30730.3,19239.6,0.138555,0.175376,-0.176689,0.038137
1,88,11,90,0,-1.39634,-0.364083,-1.57343,346.868,456.684,315.352,552.363,30262.9,9763.19,0.138555,0.13683,-0.155406,0.247416
1,88,11,37,0,-1.39634,-0.364083,-1.91506,346.868,449.877,315.415,552.363,32532.4,9756.95,0.138555,0.137391,-0.177003,0.0421488
1,88,48,29,0,-1.39634,-0.394525,-0.0033389,346.868,449.032,337.157,554.085,35382.4,-2218.16,0.138857,0.0895029,-0.0968573,-0.108026
1,88,48,32,0,-1.39634,-0.394525,-0.50916,346.868,451.82,336.822,554.085,34425.8,-2063.38,0.138857,0.0901762,-0.0885941,0.085142
1,88,48,44,0,-1.39634,-0.394525,-1.48427,346.868,451.287,298.447,554.085,31320,19224.3,0.138857,0.175376,-0.0968574,0.0323774
1,88,48,90,0,-1.39634,-0.394525,-1.57343,346.868,456.684,315.518,554.085,30852.7,9717.36,0.138857,0.13683,-0.0752748,0.241955
1,88,48,37,0,-1.39634,-0.394525,-1.91506,346.868,449.877,315.619,554.085,33122.1,9712.24,0.138857,0.137391,-0.0968574,0.0367028
1,88,7,29,0,-1.39634,-0.748308,-0.0033389,346.868,449.032,341.136,552.115,35111.2,-4016.16,0.146142,0.0895029,-0.11973,-0.101924
1,88,7,32,0,-1.39634,-0.748308,-0.50916,346.868,451.82,340.818,552.115,34154.6,-3873.16,0.146142,0.0901762,-0.111558,0.0911525
1,88,7,44,0,-1.39634,-0.748308,-1.48427,346.868,451.287,302.427,552.115,31048.8,17345.8,0.146142,0.175376,-0.118949,0.0392597
1,88,7,90,0,-1.39634,-0.748308,-1.57343,346.868,456.684,319.541,552.115,30581.5,7847.12,0.146142,0.13683,-0.0980051,0.248199
1,88,7,37,0,-1.39634,-0.748308,-1.91506,346.868,449.877,319.598,552.115,32850.9,7869.41,0.146142,0.137391,-0.119319,0.0432153
1,22,0,29,0,-1.59267,-0.0313187,-0.0033389,332.168,506.841,351.646,551.634,15579.8,-11343.5,0.000161365,-0.0627119,-0.0784006,-0.104807
1,22,0,32,0,-1.59267,-0.0313187,-0.50916,332.168,509.628,351.334,551.634,14648.3,-11230,0.000161365,-0.062086,-0.0704705,0.0879798
1,22,0,44,0,-1.59267,-0.0313187,-1.48427,332.168,508.703,312.937,551.634,13756.2,9983.07,0.000161365,0.0134538,-0.0773471,0.0269424
1,22,0,90,0,-1.59267,-0.0313187,-1.57343,332.168,514.322,330.067,551.634,12318,428.421,0.000161365,-0.0206188,-0.0572099,0.239548
1,22,0,37,0,-1.59267,-0.0313187,-1.91506,332.168,507.513,330.109,551.634,14565.2,522.394,0.000161365,-0.0202631,-0.077845,0.035038
1,22,2,29,0,-1.59267,-0.0460439,-0.0033389,332.168,506.841,351.785,554.632,16571.6,-11405.2,0.000161365,-0.0627119,-0.00162739,-0.113324
1,22,2,32,0,-1.59267,-0.0460439,-0.50916,332.168,509.628,351.449,554.632,15640.2,-11291.1,0.000161365,-0.062086,0.0062919,0.0794521
1,22,2,44,0,-1.59267,-0.0460439,-1.48427,332.168,508.703,313.074,554.632,14748.1,10037.3,0.000161365,0.0134538,-0.00162752,0.0173719
1,22,2,90,0,-1.59267,-0.0460439,-1.57343,332.168,514.322,330.143,554.632,13309.9,430.749,0.000161365,-0.0206188,0.0189989,0.230467
1,22,2,37,0,-1.59267,-0.0460439,-1.91506,332.168,507.513,330.247,554.632,15557.1,525.233,0.000161365,-0.0202631,-0.00162753,0.0259654
1,22,11,29,0,-1.59267,-0.364083,-0.0033389,332.168,506.841,336.953,552.363,15307.9,-3894.71,-0.0265094,-0.0627119,-0.177351,-0.108226
1,22,11,32,0,-1.59267,-0.364083,-0.50916,332.168,509.628,336.632,552.363,14376.5,-3739.95,-0.0265094,-0.062086,-0.169078,0.0849039
1,22,11,44,0,-1.59267,-0.364083,-1.48427,332.168,508.703,298.243,552.363,13484.4,17481.3,-0.0265094,0.0134538,-0.176689,0.0231317
1,22,11,90,0,-1.59267,-0.364083,-1.57343,332.168,514.322,315.352,552.363,12046.2,8004.93,-0.0265094,-0.0206188,-0.155406,0.236883
1,22,11,37,0,-1.59267,-0.364083,-1.91506,332.168,507.513,315.415,552.363,14293.3,7998.69,-0.0265094,-0.0202631,-0.177003,0.0314115
1,22,48,29,0,-1.59267,-0.394525,-0.0033389,332.168,506.841,337.157,554.085,15882.6,-3991.55,-0.0262078,-0.0627119,-0.0968573,-0.113324
1,22,48,32,0,-1.59267,-0.394525,-0.50916,332.168,509.628,336.822,554.085,14951.1,-3836.77,-0.0262078,-0.062086,-0.0885941,0.0797961
1,22,48,44,0,-1.59267,-0.394525,-1.48427,332.168,508.703,298.447,554.085,14059,17451,-0.0262078,0.0134538,-0.0968574,0.017372
1,22,48,90,0,-1.59267,-0.394525,-1.57343,332.168,514.322,315.518,554.085,12620.8,7943.96,-0.0262078,-0.0206188,-0.0752748,0.231423
1,22,48,37,0,-1.59267,-0.394525,-1.91506,332.168,507.513,315.619,554.085,14868,7938.84,-0.0262078,-0.0202631,-0.0968574,0.0259655
1,22,7,29,0,-1.59267,-0.748308,-0.0033389,332.168,506.841,341.136,552.115,15385.3,-6015.57,-0.0189231,-0.0627119,-0.11973,-0.107223
1,22,7,32,0,-1.59267,-0.748308,-0.50916,332.168,509.628,340.818,552.115,14453.8,-5872.58,-0.0189231,-0.062086,-0.111558,0.0858067
1,22,7,44,0,-1.59267,-0.748308,-1.48427,332.168,508.703,302.427,552.115,13561.8,15346.4,-0.0189231,0.0134538,-0.118949,0.0242544
1,22,7,90,0,-1.59267,-0.748308,-1.57343,332.168,514.322,319.541,552.115,12123.6,5847.7,-0.0189231,-0.0206188,-0.0980051,0.237667
1,22,7,37,0,-1.59267,-0.748308,-1.91506,332.168,507.513,319.598,552.115,14370.7,5869.99,-0.0189231,-0.0202631,-0.119319,0.032478
1,18,0,29,0,-1.71665,-0.0313187,-0.0033389,342.125,505.624,351.646,551.634,16046.8,-5873.73,0.000161365,-0.0865745,-0.0784006,-0.0852847
1,18,0,32,0,-1.71665,-0.0313187,-0.50916,342.125,508.416,351.334,551.634,15087.4,-5760.28,0.000161365,-0.0860543,-0.0704705,0.107397
1,18,0,44,0,-1.71665,-0.0313187,-1.48427,342.125,508.241,312.937,551.634,14168.6,15452.8,0.000161365,-0.010369,-0.0773471,0.0465046
1,18,0,90,0,-1.71665,-0.0313187,-1.57343,342.125,513.521,330.067,551.634,12687.3,5898.19,0.000161365,-0.0446914,-0.0572099,0.258861
1,18,0,37,0,-1.71665,-0.0313187,-1.91506,342.125,506.717,330.109,551.634,15001.8,5992.17,0.000161365,-0.0440754,-0.077845,0.0546108
1,18,2,29,0,-1.71665,-0.0460439,-0.0033389,342.125,505.624,351.785,554.632,17068.4,-5905.66,0.000161365,-0.0865745,-0.00162739,-0.0938016
1,18,2,32,0,-1.71665,-0.0460439,-0.50916,342.125,508.416,351.449,554.632,16109,-5791.59,0.000161365,-0.0860543,0.0062919,0.0988689
1,18,2,44,0,-1.71665,-0.0460439,-1.48427,342.125,508.241,313.074,554.632,15190.2,15536.8,0.000161365,-0.010369,-0.00162752,0.0369342
1,18,2,90,0,-1.71665,-0.0460439,-1.57343,342.125,513.521,330.143,554.632,13708.9,5930.25,0.000161365,-0.0446914,0.0189989,0.24978
1,18,2,37,0,-1.71665,-0.0460439,-1.91506,342.125,506.717,330.247,554.632,16023.4,6024.74,0.000161365,-0.0440754,-0.00162753,0.0455382
1,18,11,29,0,-1.71665,-0.364083,-0.0033389,342.125,505.624,336.953,552.363,15766.8,1566.92,-0.0265094,-0.0865745,-0.177351,-0.0887035
1,18,11,32,0,-1.71665,-0.364083,-0.50916,342.125,508.416,336.632,552.363,14807.4,1721.68,-0.0265094,-0.0860543,-0.169078,0.104321
1,18,11,44,0,-1.71665,-0.364083,-1.48427,342.125,508.241,298.243,552.363,13888.6,22942.9,-0.0265094,-0.010369,-0.176689,0.0426939
1,18,11,90,0,-1.71665,-0.364083,-1.57343,342.125,513.521,315.352,552.363,12407.3,13466.6,-0.0265094,-0.0446914,-0.155406,0.256196
1,18,11,37,0,-1.71665,-0.364083,-1.91506,342.125,506.717,315.415,552.363,14721.8,13460.3,-0.0265094,-0.0440754,-0.177003,0.0509844
1,18,48,29,0,-1.71665,-0.394525,-0.0033389,342.125,505.624,337.157,554.085,16358.7,1487.3,-0.0262078,-0.0865745,-0.0968573,-0.0938015
1,18,48,32,0,-1.71665,-0.394525,-0.50916,342.125,508.416,336.822,554.085,15399.3,1642.07,-0.0262078,-0.0860543,-0.0885941,0.0992129
1,18,48,44,0,-1.71665,-0.394525,-1.48427,342.125,508.241,298.447,554.085,14480.5,22929.8,-0.0262078,-0.010369,-0.0968574,0.0369343
1,18,48,90,0,-1.71665,-0.394525,-1.57343,342.125,513.521,315.518,554.085,12999.2,13422.8,-0.0262078,-0.0446914,-0.0752748,0.250736
1,18,48,37,0,-1.71665,-0.394525,-1.91506,342.125,506.717,315.619,554.085,15313.7,13417.7,-0.0262078,-0.0440754,-0.0968574,0.0455383
1,18,7,29,0,-1.71665,-0.748308,-0.0033389,342.125,505.624,341.136,552.115,15846.5,-551.632,-0.0189231,-0.0865745,-0.11973,-0.0877001
1,18,7,32,0,-1.71665,-0.748308,-0.50916,342.125,508.416,340.818,552.115,14887.1,-408.634,-0.0189231,-0.0860543,-0.111558,0.105223
1,18,7,44,0,-1.71665,-0.748308,-1.48427,342.125,508.241,302.427,552.115,13968.3,20810.3,-0.0189231,-0.010369,-0.118949,0.0438166
1,18,7,90,0,-1.71665,-0.748308,-1.57343,342.125,513.521,319.541,552.115,12487,11311.6,-0.0189231,-0.0446914,-0.0980051,0.25698
1,18,7,37,0,-1.71665,-0.748308,-1.91506,342.125,506.717,319.598,552.115,14801.5,11333.9,-0.0189231,-0.0440754,-0.119319,0.0520508
49,12,0,29,-0.611874,-0.00501254,-0.0313187,-0.0033389,371.444,502.496,351.646,490.712,-3491.5,9241.14,-0.187578,-0.158069,-0.0424886,0.00917369
49,12,0,32,-0.611874,-0.00501254,-0.0313187,-0.50916,371.444,505.3,351.334,490.712,-4522.78,9292.71,-0.187578,-0.158069,-0.0345586,0.201335
49,12,0,44,-0.611874,-0.00501254,-0.0313187,-1.48427,371.444,508.734,312.937,490.712,-3229.56,28165.7,-0.187578,-0.08249,-0.0414352,0.140337
49,12,0,90,-0.611874,-0.00501254,-0.0313187,-1.57343,371.444,512.356,330.067,490.712,-5873.38,19567.1,-0.187578,-0.11765,-0.021298,0.351856
49,12,0,37,-0.611874,-0.00501254,-0.0313187,-1.91506,371.444,505.611,330.109,490.712,-3345.75,19770.6,-0.187578,-0.115786,-0.0419331,0.148853
49,12,2,29,-0.611874,-0.00501254,-0.0460439,-0.0033389,371.444,502.496,351.785,493.709,-2380.27,9351.64,-0.187797,-0.158069,0.0340666,0.000656776
49,12,2,32,-0.611874,-0.00501254,-0.0460439,-0.50916,371.444,505.3,351.449,493.709,-3411.55,9403.83,-0.187797,-0.158069,0.0419859,0.192807
49,12,2,44,-0.611874,-0.00501254,-0.0460439,-1.48427,371.444,508.734,313.074,493.709,-2118.33,28392.2,-0.187797,-0.08249,0.0340665,0.130766
49,12,2,90,-0.611874,-0.00501254,-0.0460439,-1.57343,371.444,512.356,330.143,493.709,-4762.15,19741.6,-0.187797,-0.11765,0.0546929,0.342774
49,12,2,37,-0.611874,-0.00501254,-0.0460439,-1.91506,371.444,505.611,330.247,493.709,-2234.52,19945.6,-0.187797,-0.115786,0.0340665,0.139781
49,12,11,29,-0.611874,-0.00501254,-0.364083,-0.0033389,371.444,502.496,336.953,490.937,-2917.84,16642.8,-0.217607,-0.158069,-0.144797,0.00575482
49,12,11,32,-0.611874,-0.00501254,-0.364083,-0.50916,371.444,505.3,336.632,490.937,-3949.13,16735.6,-0.217607,-0.158069,-0.136524,0.198259
49,12,11,44,-0.611874,-0.00501254,-0.364083,-1.48427,371.444,508.734,298.243,490.937,-2655.91,35616.8,-0.217607,-0.08249,-0.144135,0.136526
49,12,11,90,-0.611874,-0.00501254,-0.364083,-1.57343,371.444,512.356,315.352,490.937,-5299.72,27096.4,-0.217607,-0.11765,-0.122852,0.349191
49,12,11,37,-0.611874,-0.00501254,-0.364083,-1.91506,371.444,505.611,315.415,490.937,-2772.1,27199.7,-0.217607,-0.115786,-0.144449,0.145227
49,12,48,29,-0.611874,-0.00501254,-0.394525,-0.0033389,371.444,502.496,337.157,492.664,-2281.31,16645.6,-0.217382,-0.158069,-0.0643792,0.000656866
49,12,48,32,-0.611874,-0.00501254,-0.394525,-0.50916,371.444,505.3,336.822,492.664,-3312.59,16738.5,-0.217382,-0.158069,-0.056116,0.193151
49,12,48,44,-0.611874,-0.00501254,-0.394525,-1.48427,371.444,508.734,298.447,492.664,-2019.37,35686.2,-0.217382,-0.08249,-0.0643793,0.130766
49,12,48,90,-0.611874,-0.00501254,-0.394525,-1.57343,371.444,512.356,315.518,492.664,-4663.19,27135.2,-0.217382,-0.11765,-0.0427967,0.343731
49,12,48,37,-0.611874,-0.00501254,-0.394525,-1.91506,371.444,505.611,315.619,492.664,-2135.56,27239.6,-0.217382,-0.115786,-0.0643793,0.139781
49,12,7,29,-0.611874,-0.00501254,-0.748308,-0.0033389,371.444,502.496,341.136,490.828,-3081.17,14535.3,-0.20906,-0.158069,-0.0862154,0.00675821
49,12,7,32,-0.611874,-0.00501254,-0.748308,-0.50916,371.444,505.3,340.818,490.828,-4112.46,14616.4,-0.20906,-0.158069,-0.078043,0.199162
49,12,7,44,-0.611874,-0.00501254,-0.748308,-1.48427,371.444,508.734,302.427,490.828,-2819.24,33495.3,-0.20906,-0.08249,-0.0854345,0.137649
49,12,7,90,-0.611874,-0.00501254,-0.748308,-1.57343,371.444,512.356,319.541,490.828,-5463.05,24952.6,-0.20906,-0.11765,-0.0644904,0.349974
49,12,7,37,-0.611874,-0.00501254,-0.748308,-1.91506,371.444,505.611,319.598,490.828,-2935.43,25084.4,-0.20906,-0.115786,-0.0858043,0.146293
49,79,0,29,-0.611874,-1.235,-0.0313187,-0.0033389,320.309,448.892,351.646,490.712,14189,-15036.6,-0.0345363,-0.086845,-0.0424886,-0.0966277
49,79,0,32,-0.611874,-1.235,-0.0313187,-0.50916,320.309,451.681,351.334,490.712,13290.6,-14985,-0.0345363,-0.0861894,-0.0345586,0.0961892
49,79,0,44,-0.611874,-1.235,-0.0313187,-1.48427,320.309,451.258,312.937,490.712,12522.3,3887.98,-0.0345363,-0.000970848,-0.0414352,0.0448305
49,79,0,90,-0.611874,-1.235,-0.0313187,-1.57343,320.309,456.605,330.067,490.712,11092.9,-4710.67,-0.0345363,-0.0395552,-0.021298,0.252925
49,79,0,37,-0.611874,-1.235,-0.0313187,-1.91506,320.309,449.799,330.109,490.712,13261.7,-4507.16,-0.0345363,-0.038951,-0.0419331,0.0486626
49,79,2,29,-0.611874,-1.235,-0.0460439,-0.0033389,320.309,448.892,351.785,493.709,15146.1,-15080.2,-0.0347545,-0.086845,0.0340666,-0.105145
49,79,2,32,-0.611874,-1.235,-0.0460439,-0.50916,320.309,451.681,351.449,493.709,14247.8,-15028,-0.0347545,-0.0861894,0.0419859,0.0876616
49,79,2,44,-0.611874,-1.235,-0.0460439,-1.48427,320.309,451.258,313.074,493.709,13479.4,3960.31,-0.0347545,-0.000970848,0.0340665,0.03526
49,79,2,90,-0.611874,-1.235,-0.0460439,-1.57343,320.309,456.605,330.143,493.709,12050,-4690.29,-0.0347545,-0.0395552,0.0546929,0.243843
49,79,2,37,-0.611874,-1.235,-0.0460439,-1.91506,320.309,449.799,330.247,493.709,14218.8,-4486.26,-0.0347545,-0.038951,0.0340665,0.03959
49,79,11,29,-0.611874,-1.235,-0.364083,-0.0033389,320.309,448.892,336.953,490.937,13962.1,-8435.54,-0.0645647,-0.086845,-0.144797,-0.100047
49,79,11,32,-0.611874,-1.235,-0.364083,-0.50916,320.309,451.681,336.632,490.937,13063.8,-8342.66,-0.0645647,-0.0861894,-0.136524,0.0931134
49,79,11,44,-0.611874,-1.235,-0.364083,-1.48427,320.309,451.258,298.243,490.937,12295.4,10538.5,-0.0645647,-0.000970848,-0.144135,0.0410197
49,79,11,90,-0.611874,-1.235,-0.364083,-1.57343,320.309,456.605,315.352,490.937,10866,2018.12,-0.0645647,-0.0395552,-0.122852,0.25026
49,79,11,37,-0.611874,-1.235,-0.364083,-1.91506,320.309,449.799,315.415,490.937,13034.8,2121.42,-0.0645647,-0.038951,-0.144449,0.0450362
49,79,48,29,-0.611874,-1.235,-0.394525,-0.0033389,320.309,448.892,337.157,492.664,14516.3,-8514.99,-0.0643396,-0.086845,-0.0643792,-0.105144
49,79,48,32,-0.611874,-1.235,-0.394525,-0.50916,320.309,451.681,336.822,492.664,13617.9,-8422.09,-0.0643396,-0.0861894,-0.056116,0.0880056
49,79,48,44,-0.611874,-1.235,-0.394525,-1.48427,320.309,451.258,298.447,492.664,12849.6,10525.5,-0.0643396,-0.000970848,-0.0643793,0.0352601
49,79,48,90,-0.611874,-1.235,-0.394525,-1.57343,320.309,456.605,315.518,492.664,11420.2,1974.55,-0.0643396,-0.0395552,-0.0427967,0.2448
49,79,48,37,-0.611874,-1.235,-0.394525,-1.91506,320.309,449.799,315.619,492.664,13589,2078.97,-0.0643396,-0.038951,-0.0643793,0.0395901
49,79,7,29,-0.611874,-1.235,-0.748308,-0.0033389,320.309,448.892,341.136,490.828,14026.7,-10315,-0.0560181,-0.086845,-0.0862154,-0.0990431
49,79,7,32,-0.611874,-1.235,-0.748308,-0.50916,320.309,451.681,340.818,490.828,13128.4,-10233.9,-0.0560181,-0.0861894,-0.078043,0.0940161
49,79,7,44,-0.611874,-1.235,-0.748308,-1.48427,320.309,451.258,302.427,490.828,12360,8644.92,-0.0560181,-0.000970848,-0.0854345,0.0421424
49,79,7,90,-0.611874,-1.235,-0.748308,-1.57343,320.309,456.605,319.541,490.828,10930.6,102.259,-0.0560181,-0.0395552,-0.0644904,0.251044
49,79,7,37,-0.611874,-1.235,-0.748308,-1.91506,320.309,449.799,319.598,490.828,13099.4,234.092,-0.0560181,-0.038951,-0.0858043,0.0461027
49,88,0,29,-0.611874,-1.39634,-0.0313187,-0.0033389,319.008,449.032,351.646,490.712,14136,-15674.7,-0.0344945,-0.0829927,-0.0424886,-0.0995087
49,88,0,32,-0.611874,-1.39634,-0.0313187,-0.50916,319.008,451.82,351.334,490.712,13241.3,-15623.1,-0.0344945,-0.0823195,-0.0345586,0.0933256
49,88,0,44,-0.611874,-1.39634,-0.0313187,-1.48427,319.008,451.287,312.937,490.712,12475.6,3249.94,-0.0344945,0.00288002,-0.0414352,0.0419477
49,88,0,90,-0.611874,-1.39634,-0.0313187,-1.57343,319.008,456.684,330.067,490.712,11052.2,-5348.71,-0.0344945,-0.0356657,-0.021298,0.25008
49,88,0,37,-0.611874,-1.39634,-0.0313187,-1.91506,319.008,449.877,330.109,490.712,13212.2,-5145.2,-0.0344945,-0.0351049,-0.0419331,0.0457753
49,88,2,29,-0.611874,-1.39634,-0.0460439,-0.0033389,319.008,449.032,351.785,493.709,15089.2,-15722.2,-0.0347126,-0.0829927,0.0340666,-0.108026
49,88,2,32,-0.611874,-1.39634,-0.0460439,-0.50916,319.008,451.82,351.449,493.709,14194.5,-15670,-0.0347126,-0.0823195,0.0419859,0.0847979
49,88,2,44,-0.611874,-1.39634,-0.0460439,-1.48427,319.008,451.287,313.074,493.709,13428.8,3318.37,-0.0347126,0.00288002,0.0340665,0.0323773
49,88,2,90,-0.611874,-1.39634,-0.0460439,-1.57343,319.008,456.684,330.143,493.709,12005.5,-5332.22,-0.0347126,-0.0356657,0.0546929,0.240999
49,88,2,37,-0.611874,-1.39634,-0.0460439,-1.91506,319.008,449.877,330.247,493.709,14165.4,-5128.19,-0.0347126,-0.0351049,0.0340665,0.0367027
49,88,11,29,-0.611874,-1.39634,-0.364083,-0.0033389,319.008,449.032,336.953,490.937,13909.8,-9072.85,-0.0645228,-0.0829927,-0.144797,-0.102928
49,88,11,32,-0.611874,-1.39634,-0.364083,-0.50916,319.008,451.82,336.632,490.937,13015.2,-8979.97,-0.0645228,-0.0823195,-0.136524,0.0902497
49,88,11,44,-0.611874,-1.39634,-0.364083,-1.48427,319.008,451.287,298.243,490.937,12249.4,9901.18,-0.0645228,0.00288002,-0.144135,0.038137
49,88,11,90,-0.611874,-1.39634,-0.364083,-1.57343,319.008,456.684,315.352,490.937,10826.1,1380.81,-0.0645228,-0.0356657,-0.122852,0.247416
49,88,11,37,-0.611874,-1.39634,-0.364083,-1.91506,319.008,449.877,315.415,490.937,12986,1484.11,-0.0645228,-0.0351049,-0.144449,0.0421488
49,88,48,29,-0.611874,-1.39634,-0.394525,-0.0033389,319.008,449.032,337.157,492.664,14461.8,-9154.56,-0.0642977,-0.0829927,-0.0643792,-0.108026
49,88,48,32,-0.611874,-1.39634,-0.394525,-0.50916,319.008,451.82,336.822,492.664,13567.1,-9061.66,-0.0642977,-0.0823195,-0.056116,0.085142
49,88,48,44,-0.611874,-1.39634,-0.394525,-1.48427,319.008,451.287,298.447,492.664,12801.4,9885.97,-0.0642977,0.00288002,-0.0643793,0.0323774
49,88,48,90,-0.611874,-1.39634,-0.394525,-1.57343,319.008,456.684,315.518,492.664,11378,1334.98,-0.0642977,-0.0356657,-0.0427967,0.241955
49,88,48,37,-0.611874,-1.39634,-0.394525,-1.91506,319.008,449.877,315.619,492.664,13537.9,1439.4,-0.0642977,-0.0351049,-0.0643793,0.0367028
49,88,7,29,-0.611874,-1.39634,-0.748308,-0.0033389,319.008,449.032,341.136,490.828,13974.2,-10952.6,-0.0559762,-0.0829927,-0.0862154,-0.101924
49,88,7,32,-0.611874,-1.39634,-0.748308,-0.50916,319.008,451.82,340.818,490.828,13079.6,-10871.4,-0.0559762,-0.0823195,-0.078043,0.0911525
49,88,7,44,-0.611874,-1.39634,-0.748308,-1.48427,319.008,451.287,302.427,490.828,12313.8,8007.4,-0.0559762,0.00288002,-0.0854345,0.0392597
49,88,7,90,-0.611874,-1.39634,-0.748308,-1.57343,319.008,456.684,319.541,490.828,10890.5,-535.263,-0.0559762,-0.0356657,-0.0644904,0.248199
49,88,7,37,-0.611874,-1.39634,-0.748308,-1.91506,319.008,449.877,319.598,490.828,13050.4,-403.43,-0.0559762,-0.0351049,-0.0858043,0.0432153
49,22,0,29,-0.611874,-1.59267,-0.0313187,-0.0033389,314.665,506.841,351.646,490.712,-6195.7,-19006.8,-0.216867,-0.252515,-0.0424886,-0.104807
49,22,0,32,-0.611874,-1.59267,-0.0313187,-0.50916,314.665,509.628,351.334,490.712,-7065.31,-18955.2,-0.216867,-0.251889,-0.0345586,0.0879798
49,22,0,44,-0.611874,-1.59267,-0.0313187,-1.48427,314.665,508.703,312.937,490.712,-5617.25,-82.1844,-0.216867,-0.17635,-0.0414352,0.0269424
49,22,0,90,-0.611874,-1.59267,-0.0313187,-1.57343,314.665,514.322,330.067,490.712,-8011.44,-8680.83,-0.216867,-0.210422,-0.021298,0.239548
49,22,0,37,-0.611874,-1.59267,-0.0313187,-1.91506,314.665,507.513,330.109,490.712,-5873.85,-8477.32,-0.216867,-0.210067,-0.0419331,0.035038
49,22,2,29,-0.611874,-1.59267,-0.0460439,-0.0033389,314.665,506.841,351.785,493.709,-5256.64,-19068.4,-0.217085,-0.252515,0.0340666,-0.113324
49,22,2,32,-0.611874,-1.59267,-0.0460439,-0.50916,314.665,509.628,351.449,493.709,-6126.25,-19016.3,-0.217085,-0.251889,0.0419859,0.0794521
49,22,2,44,-0.611874,-1.59267,-0.0460439,-1.48427,314.665,508.703,313.074,493.709,-4678.19,-27.9164,-0.217085,-0.17635,0.0340665,0.0173719
49,22,2,90,-0.611874,-1.59267,-0.0460439,-1.57343,314.665,514.322,330.143,493.709,-7072.38,-8678.51,-0.217085,-0.210422,0.0546929,0.230467
49,22,2,37,-0.611874,-1.59267,-0.0460439,-1.91506,314.665,507.513,330.247,493.709,-4934.79,-8474.48,-0.217085,-0.210067,0.0340665,0.0259654
49,22,11,29,-0.611874,-1.59267,-0.364083,-0.0033389,314.665,506.841,336.953,490.937,-5574.87,-11558,-0.246895,-0.252515,-0.144797,-0.108226
49,22,11,32,-0.611874,-1.59267,-0.364083,-0.50916,314.665,509.628,336.632,490.937,-6444.47,-11465.1,-0.246895,-0.251889,-0.136524,0.0849039
49,22,11,44,-0.611874,-1.59267,-0.364083,-1.48427,314.665,508.703,298.243,490.937,-4996.42,7416.04,-0.246895,-0.17635,-0.144135,0.0231317
49,22,11,90,-0.611874,-1.59267,-0.364083,-1.57343,314.665,514.322,315.352,490.937,-7390.61,-1104.33,-0.246895,-0.210422,-0.122852,0.236883
49,22,11,37,-0.611874,-1.59267,-0.364083,-1.91506,314.665,507.513,315.415,490.937,-5253.02,-1001.03,-0.246895,-0.210067,-0.144449,0.0314115
49,22,48,29,-0.611874,-1.59267,-0.394525,-0.0033389,314.665,506.841,337.157,492.664,-5038.07,-11654.8,-0.24667,-0.252515,-0.0643792,-0.113324
49,22,48,32,-0.611874,-1.59267,-0.394525,-0.50916,314.665,509.628,336.822,492.664,-5907.67,-11561.9,-0.24667,-0.251889,-0.056116,0.0797961
49,22,48,44,-0.611874,-1.59267,-0.394525,-1.48427,314.665,508.703,298.447,492.664,-4459.62,7385.69,-0.24667,-0.17635,-0.0643793,0.017372
49,22,48,90,-0.611874,-1.59267,-0.394525,-1.57343,314.665,514.322,315.518,492.664,-6853.81,-1165.29,-0.24667,-0.210422,-0.0427967,0.231423
49,22,48,37,-0.611874,-1.59267,-0.394525,-1.91506,314.665,507.513,315.619,492.664,-4716.22,-1060.88,-0.24667,-0.210067,-0.0643793,0.0259655
49,22,7,29,-0.611874,-1.59267,-0.748308,-0.0033389,314.665,506.841,341.136,490.828,-5751.63,-13678.9,-0.238349,-0.252515,-0.0862154,-0.107223
49,22,7,32,-0.611874,-1.59267,-0.748308,-0.50916,314.665,509.628,340.818,490.828,-6621.24,-13597.7,-0.238349,-0.251889,-0.078043,0.0858067
49,22,7,44,-0.611874,-1.59267,-0.748308,-1.48427,314.665,508.703,302.427,490.828,-5173.18,5281.1,-0.238349,-0.17635,-0.0854345,0.0242544
49,22,7,90,-0.611874,-1.59267,-0.748308,-1.57343,314.665,514.322,319.541,490.828,-7567.37,-3261.56,-0.238349,-0.210422,-0.0644904,0.237667
49,22,7,37,-0.611874,-1.59267,-0.748308,-1.91506,314.665,507.513,319.598,490.828,-5429.78,-3129.73,-0.238349,-0.210067,-0.0858043,0.032478
49,18,0,29,-0.611874,-1.71665,-0.0313187,-0.0033389,324.449,505.624,351.646,490.712,-5728.67,-14128.1,-0.211077,-0.270588,-0.0424886,-0.0852847
49,18,0,32,-0.611874,-1.71665,-0.0313187,-0.50916,324.449,508.416,351.334,490.712,-6626.2,-14076.6,-0.211077,-0.270067,-0.0345586,0.107397
49,18,0,44,-0.611874,-1.71665,-0.0313187,-1.48427,324.449,508.241,312.937,490.712,-5204.88,4796.45,-0.211077,-0.194382,-0.0414352,0.0465046
49,18,0,90,-0.611874,-1.71665,-0.0313187,-1.57343,324.449,513.521,330.067,490.712,-7642.18,-3802.2,-0.211077,-0.228705,-0.021298,0.258861
49,18,0,37,-0.611874,-1.71665,-0.0313187,-1.91506,324.449,506.717,330.109,490.712,-5437.23,-3598.69,-0.211077,-0.228089,-0.0419331,0.0546108
49,18,2,29,-0.611874,-1.71665,-0.0460439,-0.0033389,324.449,505.624,351.785,493.709,-4759.87,-14160.1,-0.211295,-0.270588,0.0340666,-0.0938016
49,18,2,32,-0.611874,-1.71665,-0.0460439,-0.50916,324.449,508.416,351.449,493.709,-5657.4,-14107.9,-0.211295,-0.270067,0.0419859,0.0988689
49,18,2,44,-0.611874,-1.71665,-0.0460439,-1.48427,324.449,508.241,313.074,493.709,-4236.08,4880.45,-0.211295,-0.194382,0.0340665,0.0369342
49,18,2,90,-0.611874,-1.71665,-0.0460439,-1.57343,324.449,513.521,330.143,493.709,-6673.39,-3770.14,-0.211295,-0.228705,0.0546929,0.24978
49,18,2,37,-0.611874,-1.71665,-0.0460439,-1.91506,324.449,506.717,330.247,493.709,-4468.43,-3566.12,-0.211295,-0.228089,0.0340665,0.0455382
49,18,11,29,-0.611874,-1.71665,-0.364083,-0.0033389,324.449,505.624,336.953,490.937,-5115.98,-6687.51,-0.241105,-0.270588,-0.144797,-0.0887035
49,18,11,32,-0.611874,-1.71665,-0.364083,-0.50916,324.449,508.416,336.632,490.937,-6013.51,-6594.62,-0.241105,-0.270067,-0.136524,0.104321
49,18,11,44,-0.611874,-1.71665,-0.364083,-1.48427,324.449,508.241,298.243,490.937,-4592.19,12286.5,-0.241105,-0.194382,-0.144135,0.0426939
49,18,11,90,-0.611874,-1.71665,-0.364083,-1.57343,324.449,513.521,315.352,490.937,-7029.5,3766.16,-0.241105,-0.228705,-0.122852,0.256196
49,18,11,37,-0.611874,-1.71665,-0.364083,-1.91506,324.449,506.717,315.415,490.937,-4824.54,3869.46,-0.241105,-0.228089,-0.144449,0.0509844
49,18,48,29,-0.611874,-1.71665,-0.394525,-0.0033389,324.449,505.624,337.157,492.664,-4561.96,-6767.13,-0.24088,-0.270588,-0.0643792,-0.0938015
49,18,48,32,-0.611874,-1.71665,-0.394525,-0.50916,324.449,508.416,336.822,492.664,-5459.48,-6674.23,-0.24088,-0.270067,-0.056116,0.0992129
49,18,48,44,-0.611874,-1.71665,-0.394525,-1.48427,324.449,508.241,298.447,492.664,-4038.17,12273.4,-0.24088,-0.194382,-0.0643793,0.0369343
49,18,48,90,-0.611874,-1.71665,-0.394525,-1.57343,324.449,513.521,315.518,492.664,-6475.47,3722.42,-0.24088,-0.228705,-0.0427967,0.250736
49,18,48,37,-0.611874,-1.71665,-0.394525,-1.91506,324.449,506.717,315.619,492.664,-4270.52,3826.83,-0.24088,-0.228089,-0.0643793,0.0455383
49,18,7,29,-0.611874,-1.71665,-0.748308,-0.0033389,324.449,505.624,341.136,490.828,-5290.42,-8806.05,-0.232559,-0.270588,-0.0862154,-0.0877001
49,18,7,32,-0.611874,-1.71665,-0.748308,-0.50916,324.449,508.416,340.818,490.828,-6187.95,-8724.93,-0.232559,-0.270067,-0.078043,0.105223
49,18,7,44,-0.611874,-1.71665,-0.748308,-1.48427,324.449,508.241,302.427,490.828,-4766.64,10153.9,-0.232559,-0.194382,-0.0854345,0.0438166
49,18,7,90,-0.611874,-1.71665,-0.748308,-1.57343,324.449,513.521,319.541,490.828,-7203.94,1611.24,-0.232559,-0.228705,-0.0644904,0.25698
49,18,7,37,-0.611874,-1.71665,-0.748308,-1.91506,324.449,506.717,319.598,490.828,-4998.99,1743.08,-0.232559,-0.228089,-0.0858043,0.0520508
52,12,0,29,-0.655851,-0.00501254,-0.0313187,-0.0033389,371.181,502.496,351.646,490.703,-3501.88,9107.98,-0.114781,-0.158168,-0.0419489,0.00917369
52,12,0,32,-0.655851,-0.00501254,-0.0313187,-0.50916,371.181,505.3,351.334,490.703,-4532.42,9158.8,-0.114781,-0.158168,-0.0340188,0.201335
52,12,0,44,-0.655851,-0.00501254,-0.0313187,-1.48427,371.181,508.734,312.937,490.703,-3238.71,28031.3,-0.114781,-0.0825885,-0.0408954,0.140337
52,12,0,90,-0.655851,-0.00501254,-0.0313187,-1.57343,371.181,512.356,330.067,490.703,-5881.28,19431.4,-0.114781,-0.117748,-0.0207582,0.351856
52,12,0,37,-0.655851,-0.00501254,-0.0313187,-1.91506,371.181,505.611,330.109,490.703,-3355.45,19636.7,-0.114781,-0.115884,-0.0413933,0.148853
52,12,2,29,-0.655851,-0.00501254,-0.0460439,-0.0033389,371.181,502.496,351.785,493.7,-2391.44,9218.48,-0.115003,-0.158168,0.0346031,0.000656776
52,12,2,32,-0.655851,-0.00501254,-0.0460439,-0.50916,371.181,505.3,351.449,493.7,-3421.98,9269.92,-0.115003,-0.158168,0.0425223,0.192807
52,12,2,44,-0.655851,-0.00501254,-0.0460439,-1.48427,371.181,508.734,313.074,493.7,-2128.27,28257.8,-0.115003,-0.0825885,0.0346029,0.130766
52,12,2,90,-0.655851,-0.00501254,-0.0460439,-1.57343,371.181,512.356,330.143,493.7,-4770.84,19605.9,-0.115003,-0.117748,0.0552293,0.342774
52,12,2,37,-0.655851,-0.00501254,-0.0460439,-1.91506,371.181,505.611,330.247,493.7,-2245.01,19811.8,-0.115003,-0.115884,0.0346029,0.139781
52,12,11,29,-0.655851,-0.00501254,-0.364083,-0.0033389,371.181,502.496,336.953,490.921,-2928.09,16509.6,-0.144811,-0.158168,-0.144258,0.00575482
52,12,11,32,-0.655851,-0.00501254,-0.364083,-0.50916,371.181,505.3,336.632,490.921,-3958.63,16601.7,-0.144811,-0.158168,-0.135985,0.198259
52,12,11,44,-0.655851,-0.00501254,-0.364083,-1.48427,371.181,508.734,298.243,490.921,-2664.92,35482.4,-0.144811,-0.0825885,-0.143596,0.136526
52,12,11,90,-0.655851,-0.00501254,-0.364083,-1.57343,371.181,512.356,315.352,490.921,-5307.49,26960.8,-0.144811,-0.117748,-0.122313,0.349191
52,12,11,37,-0.655851,-0.00501254,-0.364083,-1.91506,371.181,505.611,315.415,490.921,-2781.66,27065.9,-0.144811,-0.115884,-0.14391,0.145227
52,12,48,29,-0.655851,-0.00501254,-0.394525,-0.0033389,371.181,502.496,337.157,492.647,-2292.01,16512.5,-0.144587,-0.158168,-0.0638423,0.000656866
52,12,48,32,-0.655851,-0.00501254,-0.394525,-0.50916,371.181,505.3,336.822,492.647,-3322.55,16604.6,-0.144587,-0.158168,-0.0555791,0.193151
52,12,48,44,-0.655851,-0.00501254,-0.394525,-1.48427,371.181,508.734,298.447,492.647,-2028.84,35551.8,-0.144587,-0.0825885,-0.0638424,0.130766
52,12,48,90,-0.655851,-0.00501254,-0.394525,-1.57343,371.181,512.356,315.518,492.647,-4671.41,26999.5,-0.144587,-0.117748,-0.0422598,0.343731
52,12,48,37,-0.655851,-0.00501254,-0.394525,-1.91506,371.181,505.611,315.619,492.647,-2145.58,27105.8,-0.144587,-0.115884,-0.0638424,0.139781
52,12,7,29,-0.655851,-0.00501254,-0.748308,-0.0033389,371.181,502.496,341.136,490.814,-3091.46,14402.2,-0.136263,-0.158168,-0.0856761,0.00675821
52,12,7,32,-0.655851,-0.00501254,-0.748308,-0.50916,371.181,505.3,340.818,490.814,-4122,14482.5,-0.136263,-0.158168,-0.0775037,0.199162
52,12,7,44,-0.655851,-0.00501254,-0.748308,-1.48427,371.181,508.734,302.427,490.814,-2828.29,33360.9,-0.136263,-0.0825885,-0.0848952,0.137649
52,12,7,90,-0.655851,-0.00501254,-0.748308,-1.57343,371.181,512.356,319.541,490.814,-5470.86,24817,-0.136263,-0.117748,-0.0639511,0.349974
52,12,7,37,-0.655851,-0.00501254,-0.748308,-1.91506,371.181,505.611,319.598,490.814,-2945.03,24950.6,-0.136263,-0.115884,-0.085265,0.146293
52,79,0,29,-0.655851,-1.235,-0.0313187,-0.0033389,320.044,448.892,351.646,490.703,14178.6,-15155,0.0383714,-0.0868329,-0.0419489,-0.0966277
52,79,0,32,-0.655851,-1.235,-0.0313187,-0.50916,320.044,451.681,351.334,490.703,13281,-15104.1,0.0383714,-0.0861772,-0.0340188,0.0961892
52,79,0,44,-0.655851,-1.235,-0.0313187,-1.48427,320.044,451.258,312.937,490.703,12513.2,3768.41,0.0383714,-0.000958674,-0.0408954,0.0448305
52,79,0,90,-0.655851,-1.235,-0.0313187,-1.57343,320.044,456.605,330.067,490.703,11085,-4831.49,0.0383714,-0.039543,-0.0207582,0.252925
52,79,0,37,-0.655851,-1.235,-0.0313187,-1.91506,320.044,449.799,330.109,490.703,13252,-4626.18,0.0383714,-0.0389389,-0.0413933,0.0486626
52,79,2,29,-0.655851,-1.235,-0.0460439,-0.0033389,320.044,448.892,351.785,493.7,15134.9,-15198.6,0.0381501,-0.0868329,0.0346031,-0.105145
52,79,2,32,-0.655851,-1.235,-0.0460439,-0.50916,320.044,451.681,351.449,493.7,14237.3,-15147.1,0.0381501,-0.0861772,0.0425223,0.0876616
52,79,2,44,-0.655851,-1.235,-0.0460439,-1.48427,320.044,451.258,313.074,493.7,13469.5,3840.74,0.0381501,-0.000958674,0.0346029,0.03526
52,79,2,90,-0.655851,-1.235,-0.0460439,-1.57343,320.044,456.605,330.143,493.7,12041.3,-4811.11,0.0381501,-0.039543,0.0552293,0.243843
52,79,2,37,-0.655851,-1.235,-0.0460439,-1.91506,320.044,449.799,330.247,493.7,14208.3,-4605.29,0.0381501,-0.0389389,0.0346029,0.03959
52,79,11,29,-0.655851,-1.235,-0.364083,-0.0033389,320.044,448.892,336.953,490.921,13951.8,-8553.88,0.00834206,-0.0868329,-0.144258,-0.100047
52,79,11,32,-0.655851,-1.235,-0.364083,-0.50916,320.044,451.681,336.632,490.921,13054.3,-8461.74,0.00834206,-0.0861772,-0.135985,0.0931134
52,79,11,44,-0.655851,-1.235,-0.364083,-1.48427,320.044,451.258,298.243,490.921,12286.4,10418.9,0.00834206,-0.000958674,-0.143596,0.0410197
52,79,11,90,-0.655851,-1.235,-0.364083,-1.57343,320.044,456.605,315.352,490.921,10858.3,1897.3,0.00834206,-0.039543,-0.122313,0.25026
52,79,11,37,-0.655851,-1.235,-0.364083,-1.91506,320.044,449.799,315.415,490.921,13025.2,2002.4,0.00834206,-0.0389389,-0.14391,0.0450362
52,79,48,29,-0.655851,-1.235,-0.394525,-0.0033389,320.044,448.892,337.157,492.647,14505.6,-8633.33,0.00856546,-0.0868329,-0.0638423,-0.105144
52,79,48,32,-0.655851,-1.235,-0.394525,-0.50916,320.044,451.681,336.822,492.647,13608,-8541.18,0.00856546,-0.0861772,-0.0555791,0.0880056
52,79,48,44,-0.655851,-1.235,-0.394525,-1.48427,320.044,451.258,298.447,492.647,12840.1,10406,0.00856546,-0.000958674,-0.0638424,0.0352601
52,79,48,90,-0.655851,-1.235,-0.394525,-1.57343,320.044,456.605,315.518,492.647,11412,1853.73,0.00856546,-0.039543,-0.0422598,0.2448
52,79,48,37,-0.655851,-1.235,-0.394525,-1.91506,320.044,449.799,315.619,492.647,13578.9,1959.94,0.00856546,-0.0389389,-0.0638424,0.0395901
52,79,7,29,-0.655851,-1.235,-0.748308,-0.0033389,320.044,448.892,341.136,490.814,14016.4,-10433.4,0.0168892,-0.0868329,-0.0856761,-0.0990431
52,79,7,32,-0.655851,-1.235,-0.748308,-0.50916,320.044,451.681,340.818,490.814,13118.8,-10353,0.0168892,-0.0861772,-0.0775037,0.0940161
52,79,7,44,-0.655851,-1.235,-0.748308,-1.48427,320.044,451.258,302.427,490.814,12351,8525.35,0.0168892,-0.000958674,-0.0848952,0.0421424
52,79,7,90,-0.655851,-1.235,-0.748308,-1.57343,320.044,456.605,319.541,490.814,10922.8,-18.562,0.0168892,-0.039543,-0.0639511,0.251044
52,79,7,37,-0.655851,-1.235,-0.748308,-1.91506,320.044,449.799,319.598,490.814,13089.8,115.068,0.0168892,-0.0389389,-0.085265,0.0461027
52,88,0,29,-0.655851,-1.39634,-0.0313187,-0.0033389,318.743,449.032,351.646,490.703,14125.6,-15793,0.0384133,-0.0829805,-0.0419489,-0.0995087
52,88,0,32,-0.655851,-1.39634,-0.0313187,-0.50916,318.743,451.82,351.334,490.703,13231.7,-15742.2,0.0384133,-0.0823072,-0.0340188,0.0933256
52,88,0,44,-0.655851,-1.39634,-0.0313187,-1.48427,318.743,451.287,312.937,490.703,12466.4,3130.37,0.0384133,0.00289229,-0.0408954,0.0419477
52,88,0,90,-0.655851,-1.39634,-0.0313187,-1.57343,318.743,456.684,330.067,490.703,11044.3,-5469.53,0.0384133,-0.0356534,-0.0207582,0.25008
52,88,0,37,-0.655851,-1.39634,-0.0313187,-1.91506,318.743,449.877,330.109,490.703,13202.5,-5264.22,0.0384133,-0.0350927,-0.0413933,0.0457753
52,88,2,29,-0.655851,-1.39634,-0.0460439,-0.0033389,318.743,449.032,351.785,493.7,15078,-15840.5,0.0381921,-0.0829805,0.0346031,-0.108026
52,88,2,32,-0.655851,-1.39634,-0.0460439,-0.50916,318.743,451.82,351.449,493.7,14184.1,-15789.1,0.0381921,-0.0823072,0.0425223,0.0847979
52,88,2,44,-0.655851,-1.39634,-0.0460439,-1.48427,318.743,451.287,313.074,493.7,13418.9,3198.8,0.0381921,0.00289229,0.0346029,0.0323773
52,88,2,90,-0.655851,-1.39634,-0.0460439,-1.57343,318.743,456.684,330.143,493.7,11996.8,-5453.04,0.0381921,-0.0356534,0.0552293,0.240999
52,88,2,37,-0.655851,-1.39634,-0.0460439,-1.91506,318.743,449.877,330.247,493.7,14154.9,-5247.22,0.0381921,-0.0350927,0.0346029,0.0367027
52,88,11,29,-0.655851,-1.39634,-0.364083,-0.0033389,318.743,449.032,336.953,490.921,13899.6,-9191.2,0.00838404,-0.0829805,-0.144258,-0.102928
52,88,11,32,-0.655851,-1.39634,-0.364083,-0.50916,318.743,451.82,336.632,490.921,13005.7,-9099.05,0.00838404,-0.0823072,-0.135985,0.0902497
52,88,11,44,-0.655851,-1.39634,-0.364083,-1.48427,318.743,451.287,298.243,490.921,12240.4,9781.61,0.00838404,0.00289229,-0.143596,0.038137
52,88,11,90,-0.655851,-1.39634,-0.364083,-1.57343,318.743,456.684,315.352,490.921,10818.3,1259.99,0.00838404,-0.0356534,-0.122313,0.247416
52,88,11,37,-0.655851,-1.39634,-0.364083,-1.91506,318.743,449.877,315.415,490.921,12976.4,1365.08,0.00838404,-0.0350927,-0.14391,0.0421488
52,88,48,29,-0.655851,-1.39634,-0.394525,-0.0033389,318.743,449.032,337.157,492.647,14451.1,-9272.9,0.00860744,-0.0829805,-0.0638423,-0.108026
52,88,48,32,-0.655851,-1.39634,-0.394525,-0.50916,318.743,451.82,336.822,492.647,13557.1,-9180.75,0.00860744,-0.0823072,-0.0555791,0.085142
52,88,48,44,-0.655851,-1.39634,-0.394525,-1.48427,318.743,451.287,298.447,492.647,12791.9,9766.4,0.00860744,0.00289229,-0.0638424,0.0323774
52,88,48,90,-0.655851,-1.39634,-0.394525,-1.57343,318.743,456.684,315.518,492.647,11369.8,1214.16,0.00860744,-0.0356534,-0.0422598,0.241955
52,88,48,37,-0.655851,-1.39634,-0.394525,-1.91506,318.743,449.877,315.619,492.647,13527.9,1320.37,0.00860744,-0.0350927,-0.0638424,0.0367028
52,88,7,29,-0.655851,-1.39634,-0.748308,-0.0033389,318.743,449.032,341.136,490.814,13963.9,-11070.9,0.0169312,-0.0829805,-0.0856761,-0.101924
52,88,7,32,-0.655851,-1.39634,-0.748308,-0.50916,318.743,451.82,340.818,490.814,13070,-10990.5,0.0169312,-0.0823072,-0.0775037,0.0911525
52,88,7,44,-0.655851,-1.39634,-0.748308,-1.48427,318.743,451.287,302.427,490.814,12304.8,7887.82,0.0169312,0.00289229,-0.0848952,0.0392597
52,88,7,90,-0.655851,-1.39634,-0.748308,-1.57343,318.743,456.684,319.541,490.814,10882.7,-656.085,0.0169312,-0.0356534,-0.0639511,0.248199
52,88,7,37,-0.655851,-1.39634,-0.748308,-1.91506,318.743,449.877,319.598,490.814,13040.8,-522.455,0.0169312,-0.0350927,-0.085265,0.0432153
52,22,0,29,-0.655851,-1.59267,-0.0313187,-0.0033389,314.404,506.841,351.646,490.703,-6206.08,-19140.3,-0.144112,-0.252656,-0.0419489,-0.104807
52,22,0,32,-0.655851,-1.59267,-0.0313187,-0.50916,314.404,509.628,351.334,490.703,-7074.94,-19089.5,-0.144112,-0.25203,-0.0340188,0.0879798
52,22,0,44,-0.655851,-1.59267,-0.0313187,-1.48427,314.404,508.703,312.937,490.703,-5626.4,-216.915,-0.144112,-0.17649,-0.0408954,0.0269424
52,22,0,90,-0.655851,-1.59267,-0.0313187,-1.57343,314.404,514.322,330.067,490.703,-8019.34,-8816.82,-0.144112,-0.210563,-0.0207582,0.239548
52,22,0,37,-0.655851,-1.59267,-0.0313187,-1.91506,314.404,507.513,330.109,490.703,-5883.55,-8611.51,-0.144112,-0.210207,-0.0413933,0.035038
52,22,2,29,-0.655851,-1.59267,-0.0460439,-0.0033389,314.404,506.841,351.785,493.7,-5267.81,-19201.9,-0.144333,-0.252656,0.0346031,-0.113324
52,22,2,32,-0.655851,-1.59267,-0.0460439,-0.50916,314.404,509.628,351.449,493.7,-6136.67,-19150.5,-0.144333,-0.25203,0.0425223,0.0794521
52,22,2,44,-0.655851,-1.59267,-0.0460439,-1.48427,314.404,508.703,313.074,493.7,-4688.13,-162.647,-0.144333,-0.17649,0.0346029,0.0173719
52,22,2,90,-0.655851,-1.59267,-0.0460439,-1.57343,314.404,514.322,330.143,493.7,-7081.07,-8814.49,-0.144333,-0.210563,0.0552293,0.230467
52,22,2,37,-0.655851,-1.59267,-0.0460439,-1.91506,314.404,507.513,330.247,493.7,-4945.28,-8608.67,-0.144333,-0.210207,0.0346029,0.0259654
52,22,11,29,-0.655851,-1.59267,-0.364083,-0.0033389,314.404,506.841,336.953,490.921,-5585.12,-11691.5,-0.174141,-0.252656,-0.144258,-0.108226
52,22,11,32,-0.655851,-1.59267,-0.364083,-0.50916,314.404,509.628,336.632,490.921,-6453.98,-11599.3,-0.174141,-0.25203,-0.135985,0.0849039
52,22,11,44,-0.655851,-1.59267,-0.364083,-1.48427,314.404,508.703,298.243,490.921,-5005.44,7281.31,-0.174141,-0.17649,-0.143596,0.0231317
52,22,11,90,-0.655851,-1.59267,-0.364083,-1.57343,314.404,514.322,315.352,490.921,-7398.37,-1240.31,-0.174141,-0.210563,-0.122313,0.236883
52,22,11,37,-0.655851,-1.59267,-0.364083,-1.91506,314.404,507.513,315.415,490.921,-5262.58,-1135.21,-0.174141,-0.210207,-0.14391,0.0314115
52,22,48,29,-0.655851,-1.59267,-0.394525,-0.0033389,314.404,506.841,337.157,492.647,-5048.78,-11788.3,-0.173918,-0.252656,-0.0638423,-0.113324
52,22,48,32,-0.655851,-1.59267,-0.394525,-0.50916,314.404,509.628,336.822,492.647,-5917.64,-11696.2,-0.173918,-0.25203,-0.0555791,0.0797961
52,22,48,44,-0.655851,-1.59267,-0.394525,-1.48427,314.404,508.703,298.447,492.647,-4469.09,7250.96,-0.173918,-0.17649,-0.0638424,0.017372
52,22,48,90,-0.655851,-1.59267,-0.394525,-1.57343,314.404,514.322,315.518,492.647,-6862.03,-1301.28,-0.173918,-0.210563,-0.0422598,0.231423
52,22,48,37,-0.655851,-1.59267,-0.394525,-1.91506,314.404,507.513,315.619,492.647,-4726.24,-1195.06,-0.173918,-0.210207,-0.0638424,0.0259655
52,22,7,29,-0.655851,-1.59267,-0.748308,-0.0033389,314.404,506.841,341.136,490.814,-5761.92,-13812.4,-0.165594,-0.252656,-0.0856761,-0.107223
52,22,7,32,-0.655851,-1.59267,-0.748308,-0.50916,314.404,509.628,340.818,490.814,-6630.78,-13732,-0.165594,-0.25203,-0.0775037,0.0858067
52,22,7,44,-0.655851,-1.59267,-0.748308,-1.48427,314.404,508.703,302.427,490.814,-5182.24,5146.37,-0.165594,-0.17649,-0.0848952,0.0242544
52,22,7,90,-0.655851,-1.59267,-0.748308,-1.57343,314.404,514.322,319.541,490.814,-7575.17,-3397.54,-0.165594,-0.210563,-0.0639511,0.237667
52,22,7,37,-0.655851,-1.59267,-0.748308,-1.91506,314.404,507.513,319.598,490.814,-5439.38,-3263.91,-0.165594,-0.210207,-0.085265,0.032478
52,18,0,29,-0.655851,-1.71665,-0.0313187,-0.0033389,324.187,505.624,351.646,490.703,-5739.04,-14261.6,-0.138313,-0.270719,-0.0419489,-0.0852847
52,18,0,32,-0.655851,-1.71665,-0.0313187,-0.50916,324.187,508.416,351.334,490.703,-6635.83,-14210.8,-0.138313,-0.270199,-0.0340188,0.107397
52,18,0,44,-0.655851,-1.71665,-0.0313187,-1.48427,324.187,508.241,312.937,490.703,-5214.03,4661.78,-0.138313,-0.194514,-0.0408954,0.0465046
52,18,0,90,-0.655851,-1.71665,-0.0313187,-1.57343,324.187,513.521,330.067,490.703,-7650.08,-3938.13,-0.138313,-0.228836,-0.0207582,0.258861
52,18,0,37,-0.655851,-1.71665,-0.0313187,-1.91506,324.187,506.717,330.109,490.703,-5446.92,-3732.82,-0.138313,-0.22822,-0.0413933,0.0546108
52,18,2,29,-0.655851,-1.71665,-0.0460439,-0.0033389,324.187,505.624,351.785,493.7,-4771.04,-14293.5,-0.138534,-0.270719,0.0346031,-0.0938016
52,18,2,32,-0.655851,-1.71665,-0.0460439,-0.50916,324.187,508.416,351.449,493.7,-5667.83,-14242.1,-0.138534,-0.270199,0.0425223,0.0988689
52,18,2,44,-0.655851,-1.71665,-0.0460439,-1.48427,324.187,508.241,313.074,493.7,-4246.02,4745.78,-0.138534,-0.194514,0.0346029,0.0369342
52,18,2,90,-0.655851,-1.71665,-0.0460439,-1.57343,324.187,513.521,330.143,493.7,-6682.08,-3906.06,-0.138534,-0.228836,0.0552293,0.24978
52,18,2,37,-0.655851,-1.71665,-0.0460439,-1.91506,324.187,506.717,330.247,493.7,-4478.92,-3700.24,-0.138534,-0.22822,0.0346029,0.0455382
52,18,11,29,-0.655851,-1.71665,-0.364083,-0.0033389,324.187,505.624,336.953,490.921,-5126.23,-6820.95,-0.168342,-0.270719,-0.144258,-0.0887035
52,18,11,32,-0.655851,-1.71665,-0.364083,-0.50916,324.187,508.416,336.632,490.921,-6023.01,-6728.81,-0.168342,-0.270199,-0.135985,0.104321
52,18,11,44,-0.655851,-1.71665,-0.364083,-1.48427,324.187,508.241,298.243,490.921,-4601.21,12151.9,-0.168342,-0.194514,-0.143596,0.0426939
52,18,11,90,-0.655851,-1.71665,-0.364083,-1.57343,324.187,513.521,315.352,490.921,-7037.26,3630.23,-0.168342,-0.228836,-0.122313,0.256196
52,18,11,37,-0.655851,-1.71665,-0.364083,-1.91506,324.187,506.717,315.415,490.921,-4834.11,3735.33,-0.168342,-0.22822,-0.14391,0.0509844
52,18,48,29,-0.655851,-1.71665,-0.394525,-0.0033389,324.187,505.624,337.157,492.647,-4572.66,-6900.57,-0.168119,-0.270719,-0.0638423,-0.0938015
52,18,48,32,-0.655851,-1.71665,-0.394525,-0.50916,324.187,508.416,336.822,492.647,-5469.45,-6808.41,-0.168119,-0.270199,-0.0555791,0.0992129
52,18,48,44,-0.655851,-1.71665,-0.394525,-1.48427,324.187,508.241,298.447,492.647,-4047.65,12138.7,-0.168119,-0.194514,-0.0638424,0.0369343
52,18,48,90,-0.655851,-1.71665,-0.394525,-1.57343,324.187,513.521,315.518,492.647,-6483.7,3586.49,-0.168119,-0.228836,-0.0422598,0.250736
52,18,48,37,-0.655851,-1.71665,-0.394525,-1.91506,324.187,506.717,315.619,492.647,-4280.54,3692.71,-0.168119,-0.22822,-0.0638424,0.0455383
52,18,7,29,-0.655851,-1.71665,-0.748308,-0.0033389,324.187,505.624,341.136,490.814,-5300.71,-8939.5,-0.159795,-0.270719,-0.0856761,-0.0877001
52,18,7,32,-0.655851,-1.71665,-0.748308,-0.50916,324.187,508.416,340.818,490.814,-6197.49,-8859.12,-0.159795,-0.270199,-0.0775037,0.105223
52,18,7,44,-0.655851,-1.71665,-0.748308,-1.48427,324.187,508.241,302.427,490.814,-4775.69,10019.2,-0.159795,-0.194514,-0.0848952,0.0438166
52,18,7,90,-0.655851,-1.71665,-0.748308,-1.57343,324.187,513.521,319.541,490.814,-7211.74,1475.32,-0.159795,-0.228836,-0.0639511,0.25698
52,18,7,37,-0.655851,-1.71665,-0.748308,-1.91506,324.187,506.717,319.598,490.814,-5008.59,1608.95,-0.159795,-0.22822,-0.085265,0.0520508
51,12,0,29,-0.974626,-0.00501254,-0.0313187,-0.0033389,343.551,502.496,351.646,490.574,-4595.23,-4921.3,-0.0910555,-0.169382,0.0149626,0.00917369
51,12,0,32,-0.974626,-0.00501254,-0.0313187,-0.50916,343.551,505.3,351.334,490.574,-5547.46,-4948.78,-0.0910555,-0.169382,0.0228926,0.201335
51,12,0,44,-0.974626,-0.00501254,-0.0313187,-1.48427,343.551,508.734,312.937,490.574,-4202.56,13872.6,-0.0910555,-0.0938025,0.016016,0.140337
51,12,0,90,-0.974626,-0.00501254,-0.0313187,-1.57343,343.551,512.356,330.067,490.574,-6713.25,5140.79,-0.0910555,-0.128962,0.0361533,0.351856
51,12,0,37,-0.974626,-0.00501254,-0.0313187,-1.91506,343.551,505.611,330.109,490.574,-4376.74,5535.42,-0.0910555,-0.127098,0.0155182,0.148853
51,12,2,29,-0.974626,-0.00501254,-0.0460439,-0.0033389,343.551,502.496,351.785,493.56,-3568.31,-4810.8,-0.091622,-0.169382,0.0911693,0.000656776
51,12,2,32,-0.974626,-0.00501254,-0.0460439,-0.50916,343.551,505.3,351.449,493.56,-4520.55,-4837.66,-0.091622,-0.169382,0.0990886,0.192807
51,12,2,44,-0.974626,-0.00501254,-0.0460439,-1.48427,343.551,508.734,313.074,493.56,-3175.64,14099,-0.091622,-0.0938025,0.0911692,0.130766
51,12,2,90,-0.974626,-0.00501254,-0.0460439,-1.57343,343.551,512.356,330.143,493.56,-5686.34,5315.28,-0.091622,-0.128962,0.111796,0.342774
51,12,2,37,-0.974626,-0.00501254,-0.0460439,-1.91506,343.551,505.611,330.247,493.56,-3349.83,5710.42,-0.091622,-0.127098,0.0911692,0.139781
51,12,11,29,-0.974626,-0.00501254,-0.364083,-0.0033389,343.551,502.496,336.953,489.952,-4007.72,2480.31,-0.121095,-0.169382,-0.0873568,0.00575482
51,12,11,32,-0.974626,-0.00501254,-0.364083,-0.50916,343.551,505.3,336.632,489.952,-4959.95,2494.15,-0.121095,-0.169382,-0.0790838,0.198259
51,12,11,44,-0.974626,-0.00501254,-0.364083,-1.48427,343.551,508.734,298.243,489.952,-3615.05,21323.6,-0.121095,-0.0938025,-0.0866952,0.136526
51,12,11,90,-0.974626,-0.00501254,-0.364083,-1.57343,343.551,512.356,315.352,489.952,-6125.74,12670.1,-0.121095,-0.128962,-0.0654122,0.349191
51,12,11,37,-0.974626,-0.00501254,-0.364083,-1.91506,343.551,505.611,315.415,489.952,-3789.23,12964.5,-0.121095,-0.127098,-0.0870088,0.145227
51,12,48,29,-0.974626,-0.00501254,-0.394525,-0.0033389,343.551,502.496,337.157,491.683,-3419.95,2483.2,-0.121071,-0.169382,-0.00714097,0.000656866
51,12,48,32,-0.974626,-0.00501254,-0.394525,-0.50916,343.551,505.3,336.822,491.683,-4372.18,2497.06,-0.121071,-0.169382,0.00112224,0.193151
51,12,48,44,-0.974626,-0.00501254,-0.394525,-1.48427,343.551,508.734,298.447,491.683,-3027.28,21393,-0.121071,-0.0938025,-0.0071411,0.130766
51,12,48,90,-0.974626,-0.00501254,-0.394525,-1.57343,343.551,512.356,315.518,491.683,-5537.97,12708.9,-0.121071,-0.128962,0.0144415,0.343731
51,12,48,37,-0.974626,-0.00501254,-0.394525,-1.91506,343.551,505.611,315.619,491.683,-3201.46,13004.4,-0.121071,-0.127098,-0.00714111,0.139781
51,12,7,29,-0.974626,-0.00501254,-0.748308,-0.0033389,343.551,502.496,341.136,490.084,-4174.99,372.877,-0.112535,-0.169382,-0.0287619,0.00675821
51,12,7,32,-0.974626,-0.00501254,-0.748308,-0.50916,343.551,505.3,340.818,490.084,-5127.23,374.949,-0.112535,-0.169382,-0.0205895,0.199162
51,12,7,44,-0.974626,-0.00501254,-0.748308,-1.48427,343.551,508.734,302.427,490.084,-3782.32,19202.1,-0.112535,-0.0938025,-0.027981,0.137649
51,12,7,90,-0.974626,-0.00501254,-0.748308,-1.57343,343.551,512.356,319.541,490.084,-6293.02,10526.3,-0.112535,-0.128962,-0.00703689,0.349974
51,12,7,37,-0.974626,-0.00501254,-0.748308,-1.91506,343.551,505.611,319.598,490.084,-3956.51,10849.3,-0.112535,-0.127098,-0.0283508,0.146293
51,79,0,29,-0.974626,-1.235,-0.0313187,-0.0033389,292.128,448.892,351.646,490.574,13085.2,-27622.7,0.0747184,-0.0854257,0.0149626,-0.0966277
51,79,0,32,-0.974626,-1.235,-0.0313187,-0.50916,292.128,451.681,351.334,490.574,12266,-27650.2,0.0747184,-0.0847701,0.0228926,0.0961892
51,79,0,44,-0.974626,-1.235,-0.0313187,-1.48427,292.128,451.258,312.937,490.574,11549.3,-8828.82,0.0747184,0.000448488,0.016016,0.0448305
51,79,0,90,-0.974626,-1.235,-0.0313187,-1.57343,292.128,456.605,330.067,490.574,10253,-17560.6,0.0747184,-0.0381359,0.0361533,0.252925
51,79,0,37,-0.974626,-1.235,-0.0313187,-1.91506,292.128,449.799,330.109,490.574,12230.7,-17166,0.0747184,-0.0375317,0.0155182,0.0486626
51,79,2,29,-0.974626,-1.235,-0.0460439,-0.0033389,292.128,448.892,351.785,493.56,13958,-27666.3,0.0741519,-0.0854257,0.0911693,-0.105145
51,79,2,32,-0.974626,-1.235,-0.0460439,-0.50916,292.128,451.681,351.449,493.56,13138.8,-27693.2,0.0741519,-0.0847701,0.0990886,0.0876616
51,79,2,44,-0.974626,-1.235,-0.0460439,-1.48427,292.128,451.258,313.074,493.56,12422.1,-8756.5,0.0741519,0.000448488,0.0911692,0.03526
51,79,2,90,-0.974626,-1.235,-0.0460439,-1.57343,292.128,456.605,330.143,493.56,11125.8,-17540.2,0.0741519,-0.0381359,0.111796,0.243843
51,79,2,37,-0.974626,-1.235,-0.0460439,-1.91506,292.128,449.799,330.247,493.56,13103.5,-17145.1,0.0741519,-0.0375317,0.0911692,0.03959
51,79,11,29,-0.974626,-1.235,-0.364083,-0.0033389,292.128,448.892,336.953,489.952,12872.2,-21021.6,0.0446787,-0.0854257,-0.0873568,-0.100047
51,79,11,32,-0.974626,-1.235,-0.364083,-0.50916,292.128,451.681,336.632,489.952,12052.9,-21007.8,0.0446787,-0.0847701,-0.0790838,0.0931134
51,79,11,44,-0.974626,-1.235,-0.364083,-1.48427,292.128,451.258,298.243,489.952,11336.3,-2178.31,0.0446787,0.000448488,-0.0866952,0.0410197
51,79,11,90,-0.974626,-1.235,-0.364083,-1.57343,292.128,456.605,315.352,489.952,10040,-10831.8,0.0446787,-0.0381359,-0.0654122,0.25026
51,79,11,37,-0.974626,-1.235,-0.364083,-1.91506,292.128,449.799,315.415,489.952,12017.6,-10537.4,0.0446787,-0.0375317,-0.0870088,0.0450362
51,79,48,29,-0.974626,-1.235,-0.394525,-0.0033389,292.128,448.892,337.157,491.683,13377.6,-21101.1,0.0447025,-0.0854257,-0.00714097,-0.105144
51,79,48,32,-0.974626,-1.235,-0.394525,-0.50916,292.128,451.681,336.822,491.683,12558.4,-21087.2,0.0447025,-0.0847701,0.00112224,0.0880056
51,79,48,44,-0.974626,-1.235,-0.394525,-1.48427,292.128,451.258,298.447,491.683,11841.7,-2191.27,0.0447025,0.000448488,-0.0071411,0.0352601
51,79,48,90,-0.974626,-1.235,-0.394525,-1.57343,292.128,456.605,315.518,491.683,10545.4,-10875.4,0.0447025,-0.0381359,0.0144415,0.2448
51,79,48,37,-0.974626,-1.235,-0.394525,-1.91506,292.128,449.799,315.619,491.683,12523.1,-10579.8,0.0447025,-0.0375317,-0.00714111,0.0395901
51,79,7,29,-0.974626,-1.235,-0.748308,-0.0033389,292.128,448.892,341.136,490.084,12932.9,-22901.1,0.0532392,-0.0854257,-0.0287619,-0.0990431
51,79,7,32,-0.974626,-1.235,-0.748308,-0.50916,292.128,451.681,340.818,490.084,12113.6,-22899,0.0532392,-0.0847701,-0.0205895,0.0940161
51,79,7,44,-0.974626,-1.235,-0.748308,-1.48427,292.128,451.258,302.427,490.084,11396.9,-4071.89,0.0532392,0.000448488,-0.027981,0.0421424
51,79,7,90,-0.974626,-1.235,-0.748308,-1.57343,292.128,456.605,319.541,490.084,10100.7,-12747.7,0.0532392,-0.0381359,-0.00703689,0.251044
51,79,7,37,-0.974626,-1.235,-0.748308,-1.91506,292.128,449.799,319.598,490.084,12078.3,-12424.7,0.0532392,-0.0375317,-0.0283508,0.0461027
51,88,0,29,-0.974626,-1.39634,-0.0313187,-0.0033389,290.827,449.032,351.646,490.574,13032.3,-28260.9,0.0747707,-0.081563,0.0149626,-0.0995087
51,88,0,32,-0.974626,-1.39634,-0.0313187,-0.50916,290.827,451.82,351.334,490.574,12216.6,-28288.4,0.0747707,-0.0808897,0.0228926,0.0933256
51,88,0,44,-0.974626,-1.39634,-0.0313187,-1.48427,290.827,451.287,312.937,490.574,11502.6,-9467.02,0.0747707,0.00430977,0.016016,0.0419477
51,88,0,90,-0.974626,-1.39634,-0.0313187,-1.57343,290.827,456.684,330.067,490.574,10212.4,-18198.8,0.0747707,-0.034236,0.0361533,0.25008
51,88,0,37,-0.974626,-1.39634,-0.0313187,-1.91506,290.827,449.877,330.109,490.574,12181.2,-17804.2,0.0747707,-0.0336752,0.0155182,0.0457753
51,88,2,29,-0.974626,-1.39634,-0.0460439,-0.0033389,290.827,449.032,351.785,493.56,13901.2,-28308.4,0.0742042,-0.081563,0.0911693,-0.108026
51,88,2,32,-0.974626,-1.39634,-0.0460439,-0.50916,290.827,451.82,351.449,493.56,13085.5,-28335.3,0.0742042,-0.0808897,0.0990886,0.0847979
51,88,2,44,-0.974626,-1.39634,-0.0460439,-1.48427,290.827,451.287,313.074,493.56,12371.5,-9398.59,0.0742042,0.00430977,0.0911692,0.0323773
51,88,2,90,-0.974626,-1.39634,-0.0460439,-1.57343,290.827,456.684,330.143,493.56,11081.3,-18182.3,0.0742042,-0.034236,0.111796,0.240999
51,88,2,37,-0.974626,-1.39634,-0.0460439,-1.91506,290.827,449.877,330.247,493.56,13050.1,-17787.2,0.0742042,-0.0336752,0.0911692,0.0367027
51,88,11,29,-0.974626,-1.39634,-0.364083,-0.0033389,290.827,449.032,336.953,489.952,12820,-21659.1,0.044731,-0.081563,-0.0873568,-0.102928
51,88,11,32,-0.974626,-1.39634,-0.364083,-0.50916,290.827,451.82,336.632,489.952,12004.3,-21645.3,0.044731,-0.0808897,-0.0790838,0.0902497
51,88,11,44,-0.974626,-1.39634,-0.364083,-1.48427,290.827,451.287,298.243,489.952,11290.3,-2815.79,0.044731,0.00430977,-0.0866952,0.038137
51,88,11,90,-0.974626,-1.39634,-0.364083,-1.57343,290.827,456.684,315.352,489.952,10000.1,-11469.3,0.044731,-0.034236,-0.0654122,0.247416
51,88,11,37,-0.974626,-1.39634,-0.364083,-1.91506,290.827,449.877,315.415,489.952,11968.9,-11174.9,0.044731,-0.0336752,-0.0870088,0.0421488
51,88,48,29,-0.974626,-1.39634,-0.394525,-0.0033389,290.827,449.032,337.157,491.683,13323.1,-21740.8,0.0447548,-0.081563,-0.00714097,-0.108026
51,88,48,32,-0.974626,-1.39634,-0.394525,-0.50916,290.827,451.82,336.822,491.683,12507.5,-21726.9,0.0447548,-0.0808897,0.00112224,0.085142
51,88,48,44,-0.974626,-1.39634,-0.394525,-1.48427,290.827,451.287,298.447,491.683,11793.5,-2831,0.0447548,0.00430977,-0.0071411,0.0323774
51,88,48,90,-0.974626,-1.39634,-0.394525,-1.57343,290.827,456.684,315.518,491.683,10503.2,-11515.1,0.0447548,-0.034236,0.0144415,0.241955
51,88,48,37,-0.974626,-1.39634,-0.394525,-1.91506,290.827,449.877,315.619,491.683,12472,-11219.6,0.0447548,-0.0336752,-0.00714111,0.0367028
51,88,7,29,-0.974626,-1.39634,-0.748308,-0.0033389,290.827,449.032,341.136,490.084,12880.4,-23538.8,0.0532915,-0.081563,-0.0287619,-0.101924
51,88,7,32,-0.974626,-1.39634,-0.748308,-0.50916,290.827,451.82,340.818,490.084,12064.8,-23536.7,0.0532915,-0.0808897,-0.0205895,0.0911525
51,88,7,44,-0.974626,-1.39634,-0.748308,-1.48427,290.827,451.287,302.427,490.084,11350.7,-4709.57,0.0532915,0.00430977,-0.027981,0.0392597
51,88,7,90,-0.974626,-1.39634,-0.748308,-1.57343,290.827,456.684,319.541,490.084,10060.5,-13385.4,0.0532915,-0.034236,-0.00703689,0.248199
51,88,7,37,-0.974626,-1.39634,-0.748308,-1.91506,290.827,449.877,319.598,490.084,12029.3,-13062.4,0.0532915,-0.0336752,-0.0283508,0.0432153
51,22,0,29,-0.974626,-1.59267,-0.0313187,-0.0033389,286.914,506.841,351.646,490.574,-7299.43,-33205.3,-0.125421,-0.268905,0.0149626,-0.104807
51,22,0,32,-0.974626,-1.59267,-0.0313187,-0.50916,286.914,509.628,351.334,490.574,-8089.99,-33232.7,-0.125421,-0.268279,0.0228926,0.0879798
51,22,0,44,-0.974626,-1.59267,-0.0313187,-1.48427,286.914,508.703,312.937,490.574,-6590.25,-14411.4,-0.125421,-0.192739,0.016016,0.0269424
51,22,0,90,-0.974626,-1.59267,-0.0313187,-1.57343,286.914,514.322,330.067,490.574,-8851.32,-23143.2,-0.125421,-0.226812,0.0361533,0.239548
51,22,0,37,-0.974626,-1.59267,-0.0313187,-1.91506,286.914,507.513,330.109,490.574,-6904.84,-22748.5,-0.125421,-0.226456,0.0155182,0.035038
51,22,2,29,-0.974626,-1.59267,-0.0460439,-0.0033389,286.914,506.841,351.785,493.56,-6444.68,-33266.9,-0.125988,-0.268905,0.0911693,-0.113324
51,22,2,32,-0.974626,-1.59267,-0.0460439,-0.50916,286.914,509.628,351.449,493.56,-7235.24,-33293.8,-0.125988,-0.268279,0.0990886,0.0794521
51,22,2,44,-0.974626,-1.59267,-0.0460439,-1.48427,286.914,508.703,313.074,493.56,-5735.5,-14357.1,-0.125988,-0.192739,0.0911692,0.0173719
51,22,2,90,-0.974626,-1.59267,-0.0460439,-1.57343,286.914,514.322,330.143,493.56,-7996.57,-23140.8,-0.125988,-0.226812,0.111796,0.230467
51,22,2,37,-0.974626,-1.59267,-0.0460439,-1.91506,286.914,507.513,330.247,493.56,-6050.09,-22745.7,-0.125988,-0.226456,0.0911692,0.0259654
51,22,11,29,-0.974626,-1.59267,-0.364083,-0.0033389,286.914,506.841,336.953,489.952,-6664.74,-25756.5,-0.155461,-0.268905,-0.0873568,-0.108226
51,22,11,32,-0.974626,-1.59267,-0.364083,-0.50916,286.914,509.628,336.632,489.952,-7455.3,-25742.6,-0.155461,-0.268279,-0.0790838,0.0849039
51,22,11,44,-0.974626,-1.59267,-0.364083,-1.48427,286.914,508.703,298.243,489.952,-5955.56,-6913.17,-0.155461,-0.192739,-0.0866952,0.0231317
51,22,11,90,-0.974626,-1.59267,-0.364083,-1.57343,286.914,514.322,315.352,489.952,-8216.62,-15566.7,-0.155461,-0.226812,-0.0654122,0.236883
51,22,11,37,-0.974626,-1.59267,-0.364083,-1.91506,286.914,507.513,315.415,489.952,-6270.15,-15272.2,-0.155461,-0.226456,-0.0870088,0.0314115
51,22,48,29,-0.974626,-1.59267,-0.394525,-0.0033389,286.914,506.841,337.157,491.683,-6176.71,-25853.3,-0.155437,-0.268905,-0.00714097,-0.113324
51,22,48,32,-0.974626,-1.59267,-0.394525,-0.50916,286.914,509.628,336.822,491.683,-6967.27,-25839.5,-0.155437,-0.268279,0.00112224,0.0797961
51,22,48,44,-0.974626,-1.59267,-0.394525,-1.48427,286.914,508.703,298.447,491.683,-5467.53,-6943.52,-0.155437,-0.192739,-0.0071411,0.017372
51,22,48,90,-0.974626,-1.59267,-0.394525,-1.57343,286.914,514.322,315.518,491.683,-7728.59,-15627.6,-0.155437,-0.226812,0.0144415,0.231423
51,22,48,37,-0.974626,-1.59267,-0.394525,-1.91506,286.914,507.513,315.619,491.683,-5782.12,-15332.1,-0.155437,-0.226456,-0.00714111,0.0259655
51,22,7,29,-0.974626,-1.59267,-0.748308,-0.0033389,286.914,506.841,341.136,490.084,-6845.45,-27877.3,-0.1469,-0.268905,-0.0287619,-0.107223
51,22,7,32,-0.974626,-1.59267,-0.748308,-0.50916,286.914,509.628,340.818,490.084,-7636.01,-27875.3,-0.1469,-0.268279,-0.0205895,0.0858067
51,22,7,44,-0.974626,-1.59267,-0.748308,-1.48427,286.914,508.703,302.427,490.084,-6136.27,-9048.12,-0.1469,-0.192739,-0.027981,0.0242544
51,22,7,90,-0.974626,-1.59267,-0.748308,-1.57343,286.914,514.322,319.541,490.084,-8397.33,-17723.9,-0.1469,-0.226812,-0.00703689,0.237667
51,22,7,37,-0.974626,-1.59267,-0.748308,-1.91506,286.914,507.513,319.598,490.084,-6450.86,-17400.9,-0.1469,-0.226456,-0.0283508,0.032478
51,18,0,29,-0.974626,-1.71665,-0.0313187,-0.0033389,296.668,505.624,351.646,490.574,-6832.4,-28320.4,-0.118549,-0.285896,0.0149626,-0.0852847
51,18,0,32,-0.974626,-1.71665,-0.0313187,-0.50916,296.668,508.416,351.334,490.574,-7650.88,-28347.9,-0.118549,-0.285375,0.0228926,0.107397
51,18,0,44,-0.974626,-1.71665,-0.0313187,-1.48427,296.668,508.241,312.937,490.574,-6177.88,-9526.54,-0.118549,-0.20969,0.016016,0.0465046
51,18,0,90,-0.974626,-1.71665,-0.0313187,-1.57343,296.668,513.521,330.067,490.574,-8482.06,-18258.3,-0.118549,-0.244012,0.0361533,0.258861
51,18,0,37,-0.974626,-1.71665,-0.0313187,-1.91506,296.668,506.717,330.109,490.574,-6468.22,-17863.7,-0.118549,-0.243396,0.0155182,0.0546108
51,18,2,29,-0.974626,-1.71665,-0.0460439,-0.0033389,296.668,505.624,351.785,493.56,-5947.91,-28352.3,-0.119116,-0.285896,0.0911693,-0.0938016
51,18,2,32,-0.974626,-1.71665,-0.0460439,-0.50916,296.668,508.416,351.449,493.56,-6766.39,-28379.2,-0.119116,-0.285375,0.0990886,0.0988689
51,18,2,44,-0.974626,-1.71665,-0.0460439,-1.48427,296.668,508.241,313.074,493.56,-5293.39,-9442.54,-0.119116,-0.20969,0.0911692,0.0369342
51,18,2,90,-0.974626,-1.71665,-0.0460439,-1.57343,296.668,513.521,330.143,493.56,-7597.57,-18226.3,-0.119116,-0.244012,0.111796,0.24978
51,18,2,37,-0.974626,-1.71665,-0.0460439,-1.91506,296.668,506.717,330.247,493.56,-5583.74,-17831.1,-0.119116,-0.243396,0.0911692,0.0455382
51,18,11,29,-0.974626,-1.71665,-0.364083,-0.0033389,296.668,505.624,336.953,489.952,-6205.85,-20879.8,-0.148589,-0.285896,-0.0873568,-0.0887035
51,18,11,32,-0.974626,-1.71665,-0.364083,-0.50916,296.668,508.416,336.632,489.952,-7024.33,-20865.9,-0.148589,-0.285375,-0.0790838,0.104321
51,18,11,44,-0.974626,-1.71665,-0.364083,-1.48427,296.668,508.241,298.243,489.952,-5551.33,-2036.46,-0.148589,-0.20969,-0.0866952,0.0426939
51,18,11,90,-0.974626,-1.71665,-0.364083,-1.57343,296.668,513.521,315.352,489.952,-7855.51,-10690,-0.148589,-0.244012,-0.0654122,0.256196
51,18,11,37,-0.974626,-1.71665,-0.364083,-1.91506,296.668,506.717,315.415,489.952,-5841.68,-10395.5,-0.148589,-0.243396,-0.0870088,0.0509844
51,18,48,29,-0.974626,-1.71665,-0.394525,-0.0033389,296.668,505.624,337.157,491.683,-5700.6,-20959.4,-0.148565,-0.285896,-0.00714097,-0.0938015
51,18,48,32,-0.974626,-1.71665,-0.394525,-0.50916,296.668,508.416,336.822,491.683,-6519.07,-20945.5,-0.148565,-0.285375,0.00112224,0.0992129
51,18,48,44,-0.974626,-1.71665,-0.394525,-1.48427,296.668,508.241,298.447,491.683,-5046.08,-2049.59,-0.148565,-0.20969,-0.0071411,0.0369343
51,18,48,90,-0.974626,-1.71665,-0.394525,-1.57343,296.668,513.521,315.518,491.683,-7350.26,-10733.7,-0.148565,-0.244012,0.0144415,0.250736
51,18,48,37,-0.974626,-1.71665,-0.394525,-1.91506,296.668,506.717,315.619,491.683,-5336.42,-10438.2,-0.148565,-0.243396,-0.00714111,0.0455383
51,18,7,29,-0.974626,-1.71665,-0.748308,-0.0033389,296.668,505.624,341.136,490.084,-6384.24,-22998.3,-0.140029,-0.285896,-0.0287619,-0.0877001
51,18,7,32,-0.974626,-1.71665,-0.748308,-0.50916,296.668,508.416,340.818,490.084,-7202.72,-22996.2,-0.140029,-0.285375,-0.0205895,0.105223
51,18,7,44,-0.974626,-1.71665,-0.748308,-1.48427,296.668,508.241,302.427,490.084,-5729.72,-4169.09,-0.140029,-0.20969,-0.027981,0.0438166
51,18,7,90,-0.974626,-1.71665,-0.748308,-1.57343,296.668,513.521,319.541,490.084,-8033.9,-12844.9,-0.140029,-0.244012,-0.00703689,0.25698
51,18,7,37,-0.974626,-1.71665,-0.748308,-1.91506,296.668,506.717,319.598,490.084,-6020.07,-12521.9,-0.140029,-0.243396,-0.0283508,0.0520508
57,12,0,29,-1.09213,-0.00501254,-0.0313187,-0.0033389,331.429,502.496,351.646,489.372,-5666.54,-11219.8,-0.0652483,-0.179975,0.0406393,0.00917369
57,12,0,32,-1.09213,-0.00501254,-0.0313187,-0.50916,331.429,505.3,351.334,489.372,-6583.62,-11282.5,-0.0652483,-0.179975,0.0485694,0.201335
57,12,0,44,-1.09213,-0.00501254,-0.0313187,-1.48427,331.429,508.734,312.937,489.372,-5151.9,7452.07,-0.0652483,-0.104396,0.0416927,0.140337
57,12,0,90,-1.09213,-0.00501254,-0.0313187,-1.57343,331.429,512.356,330.067,489.372,-7632.82,-1309.48,-0.0652483,-0.139556,0.06183,0.351856
57,12,0,37,-1.09213,-0.00501254,-0.0313187,-1.91506,331.429,505.611,330.109,489.372,-5380.2,-830.969,-0.0652483,-0.137692,0.0411949,0.148853
57,12,2,29,-1.09213,-0.00501254,-0.0460439,-0.0033389,331.429,502.496,351.785,492.35,-4676.76,-11109.3,-0.0659716,-0.179975,0.116689,0.000656776
57,12,2,32,-1.09213,-0.00501254,-0.0460439,-0.50916,331.429,505.3,351.449,492.35,-5593.84,-11171.3,-0.0659716,-0.179975,0.124608,0.192807
57,12,2,44,-1.09213,-0.00501254,-0.0460439,-1.48427,331.429,508.734,313.074,492.35,-4162.12,7678.5,-0.0659716,-0.104396,0.116689,0.130766
57,12,2,90,-1.09213,-0.00501254,-0.0460439,-1.57343,331.429,512.356,330.143,492.35,-6643.04,-1134.99,-0.0659716,-0.139556,0.137315,0.342774
57,12,2,37,-1.09213,-0.00501254,-0.0460439,-1.91506,331.429,505.611,330.247,492.35,-4390.41,-655.965,-0.0659716,-0.137692,0.116689,0.139781
57,12,11,29,-1.09213,-0.00501254,-0.364083,-0.0033389,331.429,502.496,336.953,488.373,-5048.39,-3818.21,-0.095331,-0.179975,-0.0617229,0.00575482
57,12,11,32,-1.09213,-0.00501254,-0.364083,-0.50916,331.429,505.3,336.632,488.373,-5965.47,-3839.53,-0.095331,-0.179975,-0.0534499,0.198259
57,12,11,44,-1.09213,-0.00501254,-0.364083,-1.48427,331.429,508.734,298.243,488.373,-4533.75,14903.1,-0.095331,-0.104396,-0.0610613,0.136526
57,12,11,90,-1.09213,-0.00501254,-0.364083,-1.57343,331.429,512.356,315.352,488.373,-7014.67,6219.85,-0.095331,-0.139556,-0.0397782,0.349191
57,12,11,37,-1.09213,-0.00501254,-0.364083,-1.91506,331.429,505.611,315.415,488.373,-4762.04,6598.15,-0.095331,-0.137692,-0.0613749,0.145227
57,12,48,29,-1.09213,-0.00501254,-0.394525,-0.0033389,331.429,502.496,337.157,490.103,-4482.3,-3815.32,-0.0953977,-0.179975,0.0184026,0.000656866
57,12,48,32,-1.09213,-0.00501254,-0.394525,-0.50916,331.429,505.3,336.822,490.103,-5399.38,-3836.62,-0.0953977,-0.179975,0.0266658,0.193151
57,12,48,44,-1.09213,-0.00501254,-0.394525,-1.48427,331.429,508.734,298.447,490.103,-3967.66,14972.5,-0.0953977,-0.104396,0.0184025,0.130766
57,12,48,90,-1.09213,-0.00501254,-0.394525,-1.57343,331.429,512.356,315.518,490.103,-6448.58,6258.62,-0.0953977,-0.139556,0.0399851,0.343731
57,12,48,37,-1.09213,-0.00501254,-0.394525,-1.91506,331.429,505.611,315.619,490.103,-4195.95,6638.04,-0.0953977,-0.137692,0.0184025,0.139781
57,12,7,29,-1.09213,-0.00501254,-0.748308,-0.0033389,331.429,502.496,341.136,488.613,-5224.39,-5925.65,-0.0867536,-0.179975,-0.00311089,0.00675821
57,12,7,32,-1.09213,-0.00501254,-0.748308,-0.50916,331.429,505.3,340.818,488.613,-6141.47,-5958.73,-0.0867536,-0.179975,0.00506151,0.199162
57,12,7,44,-1.09213,-0.00501254,-0.748308,-1.48427,331.429,508.734,302.427,488.613,-4709.75,12781.6,-0.0867536,-0.104396,-0.00233003,0.137649
57,12,7,90,-1.09213,-0.00501254,-0.748308,-1.57343,331.429,512.356,319.541,488.613,-7190.67,4076.05,-0.0867536,-0.139556,0.0186141,0.349974
57,12,7,37,-1.09213,-0.00501254,-0.748308,-1.91506,331.429,505.611,319.598,488.613,-4938.04,4482.88,-0.0867536,-0.137692,-0.00269984,0.146293
57,79,0,29,-1.09213,-1.235,-0.0313187,-0.0033389,279.579,448.892,351.646,489.372,12013.9,-33141.4,0.105899,-0.0906458,0.0406393,-0.0966277
57,79,0,32,-1.09213,-1.235,-0.0313187,-0.50916,279.579,451.681,351.334,489.372,11229.8,-33204,0.105899,-0.0899901,0.0485694,0.0961892
57,79,0,44,-1.09213,-1.235,-0.0313187,-1.48427,279.579,451.258,312.937,489.372,10600,-14469.5,0.105899,-0.00477158,0.0416927,0.0448305
57,79,0,90,-1.09213,-1.235,-0.0313187,-1.57343,279.579,456.605,330.067,489.372,9333.47,-23231,0.105899,-0.0433559,0.06183,0.252925
57,79,0,37,-1.09213,-1.235,-0.0313187,-1.91506,279.579,449.799,330.109,489.372,11227.2,-22752.5,0.105899,-0.0427518,0.0411949,0.0486626
57,79,2,29,-1.09213,-1.235,-0.0460439,-0.0033389,279.579,448.892,351.785,492.35,12849.6,-33185,0.105176,-0.0906458,0.116689,-0.105145
57,79,2,32,-1.09213,-1.235,-0.0460439,-0.50916,279.579,451.681,351.449,492.35,12065.5,-33247,0.105176,-0.0899901,0.124608,0.0876616
57,79,2,44,-1.09213,-1.235,-0.0460439,-1.48427,279.579,451.258,313.074,492.35,11435.6,-14397.2,0.105176,-0.00477158,0.116689,0.03526
57,79,2,90,-1.09213,-1.235,-0.0460439,-1.57343,279.579,456.605,330.143,492.35,10169.1,-23210.7,0.105176,-0.0433559,0.137315,0.243843
57,79,2,37,-1.09213,-1.235,-0.0460439,-1.91506,279.579,449.799,330.247,492.35,12062.9,-22731.6,0.105176,-0.0427518,0.116689,0.03959
57,79,11,29,-1.09213,-1.235,-0.364083,-0.0033389,279.579,448.892,336.953,488.373,11831.5,-26540.3,0.0758164,-0.0906458,-0.0617229,-0.100047
57,79,11,32,-1.09213,-1.235,-0.364083,-0.50916,279.579,451.681,336.632,488.373,11047.4,-26561.6,0.0758164,-0.0899901,-0.0534499,0.0931134
57,79,11,44,-1.09213,-1.235,-0.364083,-1.48427,279.579,451.258,298.243,488.373,10417.6,-7818.97,0.0758164,-0.00477158,-0.0610613,0.0410197
57,79,11,90,-1.09213,-1.235,-0.364083,-1.57343,279.579,456.605,315.352,488.373,9151.09,-16502.2,0.0758164,-0.0433559,-0.0397782,0.25026
57,79,11,37,-1.09213,-1.235,-0.364083,-1.91506,279.579,449.799,315.415,488.373,11044.8,-16123.9,0.0758164,-0.0427518,-0.0613749,0.0450362
57,79,48,29,-1.09213,-1.235,-0.394525,-0.0033389,279.579,448.892,337.157,490.103,12315.3,-26619.8,0.0757496,-0.0906458,0.0184026,-0.105144
57,79,48,32,-1.09213,-1.235,-0.394525,-0.50916,279.579,451.681,336.822,490.103,11531.2,-26641.1,0.0757496,-0.0899901,0.0266658,0.0880056
57,79,48,44,-1.09213,-1.235,-0.394525,-1.48427,279.579,451.258,298.447,490.103,10901.3,-7831.93,0.0757496,-0.00477158,0.0184025,0.0352601
57,79,48,90,-1.09213,-1.235,-0.394525,-1.57343,279.579,456.605,315.518,490.103,9634.83,-16545.8,0.0757496,-0.0433559,0.0399851,0.2448
57,79,48,37,-1.09213,-1.235,-0.394525,-1.91506,279.579,449.799,315.619,490.103,11528.6,-16166.4,0.0757496,-0.0427518,0.0184025,0.0395901
57,79,7,29,-1.09213,-1.235,-0.748308,-0.0033389,279.579,448.892,341.136,488.613,11883.5,-28419.8,0.0843937,-0.0906458,-0.00311089,-0.0990431
57,79,7,32,-1.09213,-1.235,-0.748308,-0.50916,279.579,451.681,340.818,488.613,11099.3,-28452.9,0.0843937,-0.0899901,0.00506151,0.0940161
57,79,7,44,-1.09213,-1.235,-0.748308,-1.48427,279.579,451.258,302.427,488.613,10469.5,-9712.55,0.0843937,-0.00477158,-0.00233003,0.0421424
57,79,7,90,-1.09213,-1.235,-0.748308,-1.57343,279.579,456.605,319.541,488.613,9203.02,-18418.1,0.0843937,-0.0433559,0.0186141,0.251044
57,79,7,37,-1.09213,-1.235,-0.748308,-1.91506,279.579,449.799,319.598,488.613,11096.8,-18011.3,0.0843937,-0.0427518,-0.00269984,0.0461027
57,88,0,29,-1.09213,-1.39634,-0.0313187,-0.0033389,278.278,449.032,351.646,489.372,11960.9,-33777.5,0.105929,-0.0868051,0.0406393,-0.0995087
57,88,0,32,-1.09213,-1.39634,-0.0313187,-0.50916,278.278,451.82,351.334,489.372,11180.5,-33840.1,0.105929,-0.0861318,0.0485694,0.0933256
57,88,0,44,-1.09213,-1.39634,-0.0313187,-1.48427,278.278,451.287,312.937,489.372,10553.3,-15105.6,0.105929,-0.000932354,0.0416927,0.0419477
57,88,0,90,-1.09213,-1.39634,-0.0313187,-1.57343,278.278,456.684,330.067,489.372,9292.8,-23867.1,0.105929,-0.0394781,0.06183,0.25008
57,88,0,37,-1.09213,-1.39634,-0.0313187,-1.91506,278.278,449.877,330.109,489.372,11177.7,-23388.6,0.105929,-0.0389173,0.0411949,0.0457753
57,88,2,29,-1.09213,-1.39634,-0.0460439,-0.0033389,278.278,449.032,351.785,492.35,12792.7,-33825,0.105206,-0.0868051,0.116689,-0.108026
57,88,2,32,-1.09213,-1.39634,-0.0460439,-0.50916,278.278,451.82,351.449,492.35,12012.3,-33887,0.105206,-0.0861318,0.124608,0.0847979
57,88,2,44,-1.09213,-1.39634,-0.0460439,-1.48427,278.278,451.287,313.074,492.35,11385,-15037.2,0.105206,-0.000932354,0.116689,0.0323773
57,88,2,90,-1.09213,-1.39634,-0.0460439,-1.57343,278.278,456.684,330.143,492.35,10124.6,-23850.7,0.105206,-0.0394781,0.137315,0.240999
57,88,2,37,-1.09213,-1.39634,-0.0460439,-1.91506,278.278,449.877,330.247,492.35,12009.5,-23371.6,0.105206,-0.0389173,0.116689,0.0367027
57,88,11,29,-1.09213,-1.39634,-0.364083,-0.0033389,278.278,449.032,336.953,488.373,11779.3,-27175.7,0.0758466,-0.0868051,-0.0617229,-0.102928
57,88,11,32,-1.09213,-1.39634,-0.364083,-0.50916,278.278,451.82,336.632,488.373,10998.8,-27197,0.0758466,-0.0861318,-0.0534499,0.0902497
57,88,11,44,-1.09213,-1.39634,-0.364083,-1.48427,278.278,451.287,298.243,488.373,10371.6,-8454.36,0.0758466,-0.000932354,-0.0610613,0.038137
57,88,11,90,-1.09213,-1.39634,-0.364083,-1.57343,278.278,456.684,315.352,488.373,9111.14,-17137.6,0.0758466,-0.0394781,-0.0397782,0.247416
57,88,11,37,-1.09213,-1.39634,-0.364083,-1.91506,278.278,449.877,315.415,488.373,10996.1,-16759.3,0.0758466,-0.0389173,-0.0613749,0.0421488
57,88,48,29,-1.09213,-1.39634,-0.394525,-0.0033389,278.278,449.032,337.157,490.103,12260.8,-27257.4,0.0757799,-0.0868051,0.0184026,-0.108026
57,88,48,32,-1.09213,-1.39634,-0.394525,-0.50916,278.278,451.82,336.822,490.103,11480.3,-27278.7,0.0757799,-0.0861318,0.0266658,0.085142
57,88,48,44,-1.09213,-1.39634,-0.394525,-1.48427,278.278,451.287,298.447,490.103,10853.1,-8469.57,0.0757799,-0.000932354,0.0184025,0.0323774
57,88,48,90,-1.09213,-1.39634,-0.394525,-1.57343,278.278,456.684,315.518,490.103,9592.63,-17183.5,0.0757799,-0.0394781,0.0399851,0.241955
57,88,48,37,-1.09213,-1.39634,-0.394525,-1.91506,278.278,449.877,315.619,490.103,11477.6,-16804,0.0757799,-0.0389173,0.0184025,0.0367028
57,88,7,29,-1.09213,-1.39634,-0.748308,-0.0033389,278.278,449.032,341.136,488.613,11831,-29055.4,0.084424,-0.0868051,-0.00311089,-0.101924
57,88,7,32,-1.09213,-1.39634,-0.748308,-0.50916,278.278,451.82,340.818,488.613,11050.5,-29088.5,0.084424,-0.0861318,0.00506151,0.0911525
57,88,7,44,-1.09213,-1.39634,-0.748308,-1.48427,278.278,451.287,302.427,488.613,10423.3,-10348.1,0.084424,-0.000932354,-0.00233003,0.0392597
57,88,7,90,-1.09213,-1.39634,-0.748308,-1.57343,278.278,456.684,319.541,488.613,9162.87,-19053.7,0.084424,-0.0394781,0.0186141,0.248199
57,88,7,37,-1.09213,-1.39634,-0.748308,-1.91506,278.278,449.877,319.598,488.613,11047.8,-18646.9,0.084424,-0.0389173,-0.00269984,0.0432153
57,22,0,29,-1.09213,-1.59267,-0.0313187,-0.0033389,274.929,506.841,351.646,489.372,-8370.75,-39424,-0.103301,-0.283185,0.0406393,-0.104807
57,22,0,32,-1.09213,-1.59267,-0.0313187,-0.50916,274.929,509.628,351.334,489.372,-9126.15,-39486.7,-0.103301,-0.282559,0.0485694,0.0879798
57,22,0,44,-1.09213,-1.59267,-0.0313187,-1.48427,274.929,508.703,312.937,489.372,-7539.59,-20752.1,-0.103301,-0.207019,0.0416927,0.0269424
57,22,0,90,-1.09213,-1.59267,-0.0313187,-1.57343,274.929,514.322,330.067,489.372,-9770.88,-29513.7,-0.103301,-0.241092,0.06183,0.239548
57,22,0,37,-1.09213,-1.59267,-0.0313187,-1.91506,274.929,507.513,330.109,489.372,-7908.3,-29035.2,-0.103301,-0.240736,0.0411949,0.035038
57,22,2,29,-1.09213,-1.59267,-0.0460439,-0.0033389,274.929,506.841,351.785,492.35,-7553.13,-39485.7,-0.104024,-0.283185,0.116689,-0.113324
57,22,2,32,-1.09213,-1.59267,-0.0460439,-0.50916,274.929,509.628,351.449,492.35,-8308.53,-39547.7,-0.104024,-0.282559,0.124608,0.0794521
57,22,2,44,-1.09213,-1.59267,-0.0460439,-1.48427,274.929,508.703,313.074,492.35,-6721.98,-20697.9,-0.104024,-0.207019,0.116689,0.0173719
57,22,2,90,-1.09213,-1.59267,-0.0460439,-1.57343,274.929,514.322,330.143,492.35,-8953.26,-29511.4,-0.104024,-0.241092,0.137315,0.230467
57,22,2,37,-1.09213,-1.59267,-0.0460439,-1.91506,274.929,507.513,330.247,492.35,-7090.68,-29032.3,-0.104024,-0.240736,0.116689,0.0259654
57,22,11,29,-1.09213,-1.59267,-0.364083,-0.0033389,274.929,506.841,336.953,488.373,-7705.42,-31975.2,-0.133383,-0.283185,-0.0617229,-0.108226
57,22,11,32,-1.09213,-1.59267,-0.364083,-0.50916,274.929,509.628,336.632,488.373,-8460.82,-31996.6,-0.133383,-0.282559,-0.0534499,0.0849039
57,22,11,44,-1.09213,-1.59267,-0.364083,-1.48427,274.929,508.703,298.243,488.373,-6874.26,-13253.9,-0.133383,-0.207019,-0.0610613,0.0231317
57,22,11,90,-1.09213,-1.59267,-0.364083,-1.57343,274.929,514.322,315.352,488.373,-9105.55,-21937.2,-0.133383,-0.241092,-0.0397782,0.236883
57,22,11,37,-1.09213,-1.59267,-0.364083,-1.91506,274.929,507.513,315.415,488.373,-7242.96,-21558.9,-0.133383,-0.240736,-0.0613749,0.0314115
57,22,48,29,-1.09213,-1.59267,-0.394525,-0.0033389,274.929,506.841,337.157,490.103,-7239.07,-32072.1,-0.13345,-0.283185,0.0184026,-0.113324
57,22,48,32,-1.09213,-1.59267,-0.394525,-0.50916,274.929,509.628,336.822,490.103,-7994.46,-32093.4,-0.13345,-0.282559,0.0266658,0.0797961
57,22,48,44,-1.09213,-1.59267,-0.394525,-1.48427,274.929,508.703,298.447,490.103,-6407.91,-13284.3,-0.13345,-0.207019,0.0184025,0.017372
57,22,48,90,-1.09213,-1.59267,-0.394525,-1.57343,274.929,514.322,315.518,490.103,-8639.2,-21998.1,-0.13345,-0.241092,0.0399851,0.231423
57,22,48,37,-1.09213,-1.59267,-0.394525,-1.91506,274.929,507.513,315.619,490.103,-6776.61,-21618.7,-0.13345,-0.240736,0.0184025,0.0259655
57,22,7,29,-1.09213,-1.59267,-0.748308,-0.0033389,274.929,506.841,341.136,488.613,-7894.85,-34096.1,-0.124806,-0.283185,-0.00311089,-0.107223
57,22,7,32,-1.09213,-1.59267,-0.748308,-0.50916,274.929,509.628,340.818,488.613,-8650.25,-34129.2,-0.124806,-0.282559,0.00506151,0.0858067
57,22,7,44,-1.09213,-1.59267,-0.748308,-1.48427,274.929,508.703,302.427,488.613,-7063.7,-15388.9,-0.124806,-0.207019,-0.00233003,0.0242544
57,22,7,90,-1.09213,-1.59267,-0.748308,-1.57343,274.929,514.322,319.541,488.613,-9294.99,-24094.4,-0.124806,-0.241092,0.0186141,0.237667
57,22,7,37,-1.09213,-1.59267,-0.748308,-1.91506,274.929,507.513,319.598,488.613,-7432.4,-23687.6,-0.124806,-0.240736,-0.00269984,0.032478
57,18,0,29,-1.09213,-1.71665,-0.0313187,-0.0033389,284.654,505.624,351.646,489.372,-7903.71,-34552.9,-0.0956506,-0.299398,0.0406393,-0.0852847
57,18,0,32,-1.09213,-1.71665,-0.0313187,-0.50916,284.654,508.416,351.334,489.372,-8687.03,-34615.6,-0.0956506,-0.298877,0.0485694,0.107397
57,18,0,44,-1.09213,-1.71665,-0.0313187,-1.48427,284.654,508.241,312.937,489.372,-7127.22,-15881.1,-0.0956506,-0.223192,0.0416927,0.0465046
57,18,0,90,-1.09213,-1.71665,-0.0313187,-1.57343,284.654,513.521,330.067,489.372,-9401.62,-24642.6,-0.0956506,-0.257515,0.06183,0.258861
57,18,0,37,-1.09213,-1.71665,-0.0313187,-1.91506,284.654,506.717,330.109,489.372,-7471.67,-24164.1,-0.0956506,-0.256899,0.0411949,0.0546108
57,18,2,29,-1.09213,-1.71665,-0.0460439,-0.0033389,284.654,505.624,351.785,492.35,-7056.36,-34584.9,-0.096374,-0.299398,0.116689,-0.0938016
57,18,2,32,-1.09213,-1.71665,-0.0460439,-0.50916,284.654,508.416,351.449,492.35,-7839.68,-34646.9,-0.096374,-0.298877,0.124608,0.0988689
57,18,2,44,-1.09213,-1.71665,-0.0460439,-1.48427,284.654,508.241,313.074,492.35,-6279.87,-15797.1,-0.096374,-0.223192,0.116689,0.0369342
57,18,2,90,-1.09213,-1.71665,-0.0460439,-1.57343,284.654,513.521,330.143,492.35,-8554.27,-24610.5,-0.096374,-0.257515,0.137315,0.24978
57,18,2,37,-1.09213,-1.71665,-0.0460439,-1.91506,284.654,506.717,330.247,492.35,-6624.32,-24131.5,-0.096374,-0.256899,0.116689,0.0455382
57,18,11,29,-1.09213,-1.71665,-0.364083,-0.0033389,284.654,505.624,336.953,488.373,-7246.53,-27112.3,-0.125733,-0.299398,-0.0617229,-0.0887035
57,18,11,32,-1.09213,-1.71665,-0.364083,-0.50916,284.654,508.416,336.632,488.373,-8029.85,-27133.6,-0.125733,-0.298877,-0.0534499,0.104321
57,18,11,44,-1.09213,-1.71665,-0.364083,-1.48427,284.654,508.241,298.243,488.373,-6470.04,-8390.98,-0.125733,-0.223192,-0.0610613,0.0426939
57,18,11,90,-1.09213,-1.71665,-0.364083,-1.57343,284.654,513.521,315.352,488.373,-8744.44,-17074.2,-0.125733,-0.257515,-0.0397782,0.256196
57,18,11,37,-1.09213,-1.71665,-0.364083,-1.91506,284.654,506.717,315.415,488.373,-6814.49,-16695.9,-0.125733,-0.256899,-0.0613749,0.0509844
57,18,48,29,-1.09213,-1.71665,-0.394525,-0.0033389,284.654,505.624,337.157,490.103,-6762.95,-27191.9,-0.1258,-0.299398,0.0184026,-0.0938015
57,18,48,32,-1.09213,-1.71665,-0.394525,-0.50916,284.654,508.416,336.822,490.103,-7546.27,-27213.2,-0.1258,-0.298877,0.0266658,0.0992129
57,18,48,44,-1.09213,-1.71665,-0.394525,-1.48427,284.654,508.241,298.447,490.103,-5986.46,-8404.1,-0.1258,-0.223192,0.0184025,0.0369343
57,18,48,90,-1.09213,-1.71665,-0.394525,-1.57343,284.654,513.521,315.518,490.103,-8260.86,-17118,-0.1258,-0.257515,0.0399851,0.250736
57,18,48,37,-1.09213,-1.71665,-0.394525,-1.91506,284.654,506.717,315.619,490.103,-6330.91,-16738.6,-0.1258,-0.256899,0.0184025,0.0455383
57,18,7,29,-1.09213,-1.71665,-0.748308,-0.0033389,284.654,505.624,341.136,488.613,-7433.64,-29230.9,-0.117156,-0.299398,-0.00311089,-0.0877001
57,18,7,32,-1.09213,-1.71665,-0.748308,-0.50916,284.654,508.416,340.818,488.613,-8216.96,-29263.9,-0.117156,-0.298877,0.00506151,0.105223
57,18,7,44,-1.09213,-1.71665,-0.748308,-1.48427,284.654,508.241,302.427,488.613,-6657.15,-10523.6,-0.117156,-0.223192,-0.00233003,0.0438166
57,18,7,90,-1.09213,-1.71665,-0.748308,-1.57343,284.654,513.521,319.541,488.613,-8931.55,-19229.2,-0.117156,-0.257515,0.0186141,0.25698
57,18,7,37,-1.09213,-1.71665,-0.748308,-1.91506,284.654,506.717,319.598,488.613,-7001.6,-18822.3,-0.117156,-0.256899,-0.00269984,0.0520508
