4,95,69,50,0.857333,0.921667,1,0.995,229.052,345.761,270.843,358.621,3621.8,-14882.5,0.0360008,-0.00263875,-0.000997989,-0.0269853
4,95,69,52,0.857333,0.921667,1,0.931667,229.052,355.769,271.531,358.621,1342.42,-15233.3,0.0360008,-0.00200729,0.0358306,0.0104749
4,95,69,208,0.857333,0.921667,1,0.914167,229.052,345.259,262.611,358.621,3511.71,-11933.4,0.0360008,0.0211453,-0.000998024,0.00285005
4,95,69,207,0.857333,0.921667,1,0.8775,229.052,337.943,262.311,358.621,5176.79,-11665.5,0.0360008,0.0212702,-0.0288514,-0.0371776
4,95,69,49,0.857333,0.921667,1,0.863167,229.052,338.571,270.576,358.621,5259.34,-14630.5,0.0360008,-0.00311558,-0.0275467,-0.0663101
4,95,67,50,0.857333,0.921667,0.87869,0.995,229.052,345.761,270.585,350.805,1831.62,-14558.2,0.0360008,-0.00263875,0.0454129,0.00187196
4,95,67,52,0.857333,0.921667,0.87869,0.931667,229.052,355.769,271.561,350.805,-447.761,-14901.3,0.0360008,-0.00200729,0.0821686,0.0392592
4,95,67,208,0.857333,0.921667,0.87869,0.914167,229.052,345.259,262.356,350.805,1721.53,-11673.4,0.0360008,0.0211453,0.0463183,0.0326127
4,95,67,207,0.857333,0.921667,0.87869,0.8775,229.052,337.943,261.839,350.805,3386.62,-11411.3,0.0360008,0.0212702,0.0184726,-0.00740734
4,95,67,49,0.857333,0.921667,0.87869,0.863167,229.052,338.571,270.111,350.805,3469.17,-14311.7,0.0360008,-0.00311558,0.0188681,-0.0374489
4,95,183,50,0.857333,0.921667,0.865833,0.995,229.052,345.761,268.568,350.685,1797.78,-13861.2,0.0302545,-0.00263875,0.0224916,0.00220021
4,95,183,52,0.857333,0.921667,0.865833,0.931667,229.052,355.769,269.548,350.685,-481.599,-14184.2,0.0302545,-0.00200729,0.0595209,0.039861
4,95,183,208,0.857333,0.921667,0.865833,0.914167,229.052,345.259,260.339,350.685,1687.7,-10976.7,0.0302545,0.0211453,0.0234144,0.0329583
4,95,183,207,0.857333,0.921667,0.865833,0.8775,229.052,337.943,259.82,350.685,3352.78,-10729.3,0.0302545,0.0212702,-0.00464686,-0.00727729
4,95,183,49,0.857333,0.921667,0.865833,0.863167,229.052,338.571,268.092,350.685,3435.33,-13629.2,0.0302545,-0.00311558,-0.00425235,-0.0373199
4,95,185,50,0.857333,0.921667,0.846667,0.995,229.052,345.761,268.966,358.536,3596.7,-14235.1,0.0307702,-0.00263875,-0.0237319,-0.0269853
4,95,185,52,0.857333,0.921667,0.846667,0.931667,229.052,355.769,269.655,358.536,1317.31,-14567.1,0.0307702,-0.00200729,0.0133531,0.0107312
4,95,185,208,0.857333,0.921667,0.846667,0.914167,229.052,345.259,260.733,358.536,3486.61,-11286,0.0307702,0.0211453,-0.0237319,0.00284998
4,95,185,207,0.857333,0.921667,0.846667,0.8775,229.052,337.943,260.435,358.536,5151.69,-11031.8,0.0307702,0.0212702,-0.051786,-0.0373785
4,95,185,49,0.857333,0.921667,0.846667,0.863167,229.052,338.571,268.7,358.536,5234.24,-13996.6,0.0307702,-0.00311558,-0.0504661,-0.0664957
4,95,72,50,0.857333,0.921667,0.7225,0.995,229.052,345.761,271.901,372.953,6904.47,-15477.3,0.0360008,-0.00263875,0.0160151,-0.079662
4,95,72,52,0.857333,0.921667,0.7225,0.931667,229.052,355.769,272.062,372.953,4625.08,-15842.1,0.0360008,-0.00200729,0.0528184,-0.0422271
4,95,72,208,0.857333,0.921667,0.7225,0.914167,229.052,345.259,263.68,372.953,6794.38,-12410.4,0.0360008,0.0211453,0.0143711,-0.0514706
4,95,72,207,0.857333,0.921667,0.7225,0.8775,229.052,337.943,263.778,372.953,8459.46,-12131.7,0.0360008,0.0212702,-0.013369,-0.0913852
4,95,72,49,0.857333,0.921667,0.7225,0.863167,229.052,338.571,272.012,372.953,8542.01,-15215.2,0.0360008,-0.00311558,-0.010427,-0.11888
4,5,69,50,0.857333,0.918333,1,0.995,228.489,353.031,270.843,358.621,1652.32,-15097.1,0.00428966,-0.0375261,-0.000997989,-0.0262029
4,5,69,52,0.857333,0.918333,1,0.931667,228.489,363.04,271.531,358.621,-628.19,-15447.9,0.00428966,-0.0369289,0.0358306,0.011223
4,5,69,208,0.857333,0.918333,1,0.914167,228.489,352.534,262.611,358.621,1602.1,-12148.1,0.00428966,-0.0142316,-0.000998024,0.00314283
4,5,69,207,0.857333,0.918333,1,0.8775,228.489,345.218,262.311,358.621,3268.25,-11880.1,0.00428966,-0.0141031,-0.0288514,-0.0368813
4,5,69,49,0.857333,0.918333,1,0.863167,228.489,345.841,270.576,358.621,3290.68,-14845.1,0.00428966,-0.0379766,-0.0275467,-0.0655014
4,5,67,50,0.857333,0.918333,0.87869,0.995,228.489,353.031,270.585,350.805,-133.176,-14768.1,0.00428966,-0.0375261,0.0454129,0.00265433
4,5,67,52,0.857333,0.918333,0.87869,0.931667,228.489,363.04,271.561,350.805,-2413.69,-15111.3,0.00428966,-0.0369289,0.0821686,0.0400073
4,5,67,208,0.857333,0.918333,0.87869,0.914167,228.489,352.534,262.356,350.805,-183.399,-11883.3,0.00428966,-0.0142316,0.0463183,0.0329055
4,5,67,207,0.857333,0.918333,0.87869,0.8775,228.489,345.218,261.839,350.805,1482.75,-11621.2,0.00428966,-0.0141031,0.0184726,-0.00711099
4,5,67,49,0.857333,0.918333,0.87869,0.863167,228.489,345.841,270.111,350.805,1505.18,-14521.6,0.00428966,-0.0379766,0.0188681,-0.0366402
4,5,183,50,0.857333,0.918333,0.865833,0.995,228.489,353.031,268.568,350.685,-152.326,-14056.5,-0.00145658,-0.0375261,0.0224916,0.00298258
4,5,183,52,0.857333,0.918333,0.865833,0.931667,228.489,363.04,269.548,350.685,-2432.84,-14379.4,-0.00145658,-0.0369289,0.0595209,0.0406092
4,5,183,208,0.857333,0.918333,0.865833,0.914167,228.489,352.534,260.339,350.685,-202.549,-11171.9,-0.00145658,-0.0142316,0.0234144,0.0332511
4,5,183,207,0.857333,0.918333,0.865833,0.8775,228.489,345.218,259.82,350.685,1463.6,-10924.6,-0.00145658,-0.0141031,-0.00464686,-0.00698094
4,5,183,49,0.857333,0.918333,0.865833,0.863167,228.489,345.841,268.092,350.685,1486.03,-13824.5,-0.00145658,-0.0379766,-0.00425235,-0.0365112
4,5,185,50,0.857333,0.918333,0.846667,0.995,228.489,353.031,268.966,358.536,1640.87,-14436.1,-0.000940882,-0.0375261,-0.0237319,-0.026203
4,5,185,52,0.857333,0.918333,0.846667,0.931667,228.489,363.04,269.655,358.536,-639.64,-14768.1,-0.000940882,-0.0369289,0.0133531,0.0114793
4,5,185,208,0.857333,0.918333,0.846667,0.914167,228.489,352.534,260.733,358.536,1590.65,-11487,-0.000940882,-0.0142316,-0.0237319,0.00314276
4,5,185,207,0.857333,0.918333,0.846667,0.8775,228.489,345.218,260.435,358.536,3256.8,-11232.7,-0.000940882,-0.0141031,-0.051786,-0.0370821
4,5,185,49,0.857333,0.918333,0.846667,0.863167,228.489,345.841,268.7,358.536,3279.23,-14197.5,-0.000940882,-0.0379766,-0.0504661,-0.065687
4,5,72,50,0.857333,0.918333,0.7225,0.995,228.489,353.031,271.901,372.953,4926.41,-15700.5,0.00428966,-0.0375261,0.0160151,-0.0788797
4,5,72,52,0.857333,0.918333,0.7225,0.931667,228.489,363.04,272.062,372.953,2645.9,-16065.3,0.00428966,-0.0369289,0.0528184,-0.041479
4,5,72,208,0.857333,0.918333,0.7225,0.914167,228.489,352.534,263.68,372.953,4876.19,-12633.6,0.00428966,-0.0142316,0.0143711,-0.0511779
4,5,72,207,0.857333,0.918333,0.7225,0.8775,228.489,345.218,263.778,372.953,6542.34,-12354.9,0.00428966,-0.0141031,-0.013369,-0.0910888
4,5,72,49,0.857333,0.918333,0.7225,0.863167,228.489,345.841,272.012,372.953,6564.77,-15438.4,0.00428966,-0.0379766,-0.010427,-0.118071
4,2,69,50,0.857333,0.866,1,0.995,234.863,352.46,270.843,358.621,1698.41,-12812.1,0.00428965,0.036693,-0.000997989,-0.00820789
4,2,69,52,0.857333,0.866,1,0.931667,234.863,362.471,271.531,358.621,-645.713,-13162.9,0.00428965,0.0367942,0.0358306,0.028722
4,2,69,208,0.857333,0.866,1,0.914167,234.863,352.111,262.611,358.621,1646.79,-9862.99,0.00428965,0.0600419,-0.000998024,0.0211923
4,2,69,207,0.857333,0.866,1,0.8775,234.863,344.797,262.311,358.621,3359.41,-9595.05,0.00428965,0.0605535,-0.0288514,-0.0184488
4,2,69,49,0.857333,0.866,1,0.863167,234.863,345.268,270.576,358.621,3382.47,-12560.1,0.00428965,0.0366166,-0.0275467,-0.0471323
4,2,67,50,0.857333,0.866,0.87869,0.995,234.863,352.46,270.585,350.805,-136.892,-12532.8,0.00428965,0.036693,0.0454129,0.0206493
4,2,67,52,0.857333,0.866,0.87869,0.931667,234.863,362.471,271.561,350.805,-2481.02,-12876,0.00428965,0.0367942,0.0821686,0.0575063
4,2,67,208,0.857333,0.866,0.87869,0.914167,234.863,352.111,262.356,350.805,-188.515,-9648.02,0.00428965,0.0600419,0.0463183,0.0509549
4,2,67,207,0.857333,0.866,0.87869,0.8775,234.863,344.797,261.839,350.805,1524.1,-9385.92,0.00428965,0.0605535,0.0184726,0.0113215
4,2,67,49,0.857333,0.866,0.87869,0.863167,234.863,345.268,270.111,350.805,1547.17,-12286.3,0.00428965,0.0366166,0.0188681,-0.0182711
4,2,183,50,0.857333,0.866,0.865833,0.995,234.863,352.46,268.568,350.685,-156.576,-11821.8,-0.0014566,0.036693,0.0224916,0.0209776
4,2,183,52,0.857333,0.866,0.865833,0.931667,234.863,362.471,269.548,350.685,-2500.7,-12144.7,-0.0014566,0.0367942,0.0595209,0.0581081
4,2,183,208,0.857333,0.866,0.865833,0.914167,234.863,352.111,260.339,350.685,-208.2,-8937.19,-0.0014566,0.0600419,0.0234144,0.0513006
4,2,183,207,0.857333,0.866,0.865833,0.8775,234.863,344.797,259.82,350.685,1504.42,-8689.85,-0.0014566,0.0605535,-0.00464686,0.0114516
4,2,183,49,0.857333,0.866,0.865833,0.863167,234.863,345.268,268.092,350.685,1527.48,-11589.8,-0.0014566,0.0366166,-0.00425235,-0.0181421
4,2,185,50,0.857333,0.866,0.846667,0.995,234.863,352.46,268.966,358.536,1686.64,-12151.3,-0.000940898,0.036693,-0.0237319,-0.00820796
4,2,185,52,0.857333,0.866,0.846667,0.931667,234.863,362.471,269.655,358.536,-657.482,-12483.3,-0.000940898,0.0367942,0.0133531,0.0289783
4,2,185,208,0.857333,0.866,0.846667,0.914167,234.863,352.111,260.733,358.536,1635.02,-9202.21,-0.000940898,0.0600419,-0.0237319,0.0211922
4,2,185,207,0.857333,0.866,0.846667,0.8775,234.863,344.797,260.435,358.536,3347.64,-8947.99,-0.000940898,0.0605535,-0.051786,-0.0186496
4,2,185,49,0.857333,0.866,0.846667,0.863167,234.863,345.268,268.7,358.536,3370.7,-11912.8,-0.000940898,0.0366166,-0.0504661,-0.0473179
4,2,72,50,0.857333,0.866,0.7225,0.995,234.863,352.46,271.901,372.953,5063.82,-13324.1,0.00428965,0.036693,0.0160151,-0.0608847
4,2,72,52,0.857333,0.866,0.7225,0.931667,234.863,362.471,272.062,372.953,2719.7,-13688.9,0.00428965,0.0367942,0.0528184,-0.02398
4,2,72,208,0.857333,0.866,0.7225,0.914167,234.863,352.111,263.68,372.953,5012.2,-10257.2,0.00428965,0.0600419,0.0143711,-0.0331284
4,2,72,207,0.857333,0.866,0.7225,0.8775,234.863,344.797,263.778,372.953,6724.82,-9978.51,0.00428965,0.0605535,-0.013369,-0.0726563
4,2,72,49,0.857333,0.866,0.7225,0.863167,234.863,345.268,272.012,372.953,6747.88,-13062,0.00428965,0.0366166,-0.010427,-0.0997024
4,104,69,50,0.857333,0.765667,1,0.995,229.721,339.495,270.843,358.621,5318.96,-14697.6,0.0631796,0.0283822,-0.000997989,-0.0276863
4,104,69,52,0.857333,0.765667,1,0.931667,229.721,349.503,271.531,358.621,3040.56,-15048.4,0.0631796,0.029045,0.0358306,0.00980515
4,104,69,208,0.857333,0.765667,1,0.914167,229.721,338.99,262.611,358.621,5157.29,-11748.5,0.0631796,0.052605,-0.000998024,0.00258767
4,104,69,207,0.857333,0.765667,1,0.8775,229.721,331.674,262.311,358.621,6821.46,-11480.6,0.0631796,0.0527264,-0.0288514,-0.0374435
4,104,69,49,0.857333,0.765667,1,0.863167,229.721,332.305,270.576,358.621,6955.81,-14445.6,0.0631796,0.0278812,-0.0275467,-0.0670354
4,104,67,50,0.857333,0.765667,0.87869,0.995,229.721,339.495,270.585,350.805,3524.76,-14377.3,0.0631796,0.0283822,0.0454129,0.00117089
4,104,67,52,0.857333,0.765667,0.87869,0.931667,229.721,349.503,271.561,350.805,1246.35,-14720.4,0.0631796,0.029045,0.0821686,0.0385895
4,104,67,208,0.857333,0.765667,0.87869,0.914167,229.721,338.99,262.356,350.805,3363.08,-11492.4,0.0631796,0.052605,0.0463183,0.0323503
4,104,67,207,0.857333,0.765667,0.87869,0.8775,229.721,331.674,261.839,350.805,5027.25,-11230.3,0.0631796,0.0527264,0.0184726,-0.00767318
4,104,67,49,0.857333,0.765667,0.87869,0.863167,229.721,332.305,270.111,350.805,5161.6,-14130.7,0.0631796,0.0278812,0.0188681,-0.0381742
4,104,183,50,0.857333,0.765667,0.865833,0.995,229.721,339.495,268.568,350.685,3478.26,-13693,0.0574334,0.0283822,0.0224916,0.00149914
4,104,183,52,0.857333,0.765667,0.865833,0.931667,229.721,349.503,269.548,350.685,1199.85,-14015.9,0.0574334,0.029045,0.0595209,0.0391913
4,104,183,208,0.857333,0.765667,0.865833,0.914167,229.721,338.99,260.339,350.685,3316.59,-10808.4,0.0574334,0.052605,0.0234144,0.0326959
4,104,183,207,0.857333,0.765667,0.865833,0.8775,229.721,331.674,259.82,350.685,4980.75,-10561.1,0.0574334,0.0527264,-0.00464686,-0.00754313
4,104,183,49,0.857333,0.765667,0.865833,0.863167,229.721,332.305,268.092,350.685,5115.11,-13461,0.0574334,0.0278812,-0.00425235,-0.0380452
4,104,185,50,0.857333,0.765667,0.846667,0.995,229.721,339.495,268.966,358.536,5282.1,-14061.9,0.0579491,0.0283822,-0.0237319,-0.0276864
4,104,185,52,0.857333,0.765667,0.846667,0.931667,229.721,349.503,269.655,358.536,3003.69,-14393.9,0.0579491,0.029045,0.0133531,0.0100614
4,104,185,208,0.857333,0.765667,0.846667,0.914167,229.721,338.99,260.733,358.536,5120.42,-11112.8,0.0579491,0.052605,-0.0237319,0.0025876
4,104,185,207,0.857333,0.765667,0.846667,0.8775,229.721,331.674,260.435,358.536,6784.59,-10858.6,0.0579491,0.0527264,-0.051786,-0.0376443
4,104,185,49,0.857333,0.765667,0.846667,0.863167,229.721,332.305,268.7,358.536,6918.94,-13823.4,0.0579491,0.0278812,-0.0504661,-0.0672209
4,104,72,50,0.857333,0.765667,0.7225,0.995,229.721,339.495,271.901,372.953,8609.02,-15285,0.0631796,0.0283822,0.0160151,-0.0803631
4,104,72,52,0.857333,0.765667,0.7225,0.931667,229.721,349.503,272.062,372.953,6330.62,-15649.8,0.0631796,0.029045,0.0528184,-0.0428968
4,104,72,208,0.857333,0.765667,0.7225,0.914167,229.721,338.99,263.68,372.953,8447.35,-12218,0.0631796,0.052605,0.0143711,-0.051733
4,104,72,207,0.857333,0.765667,0.7225,0.8775,229.721,331.674,263.778,372.953,10111.5,-11939.4,0.0631796,0.0527264,-0.013369,-0.091651
4,104,72,49,0.857333,0.765667,0.7225,0.863167,229.721,332.305,272.012,372.953,10245.9,-15022.9,0.0631796,0.0278812,-0.010427,-0.119605
4,37,69,50,0.857333,0.729333,1,0.995,235.819,345.194,270.843,358.621,3659.89,-12455,0.03492,0.0720368,-0.000997989,-0.00745305
4,37,69,52,0.857333,0.729333,1,0.931667,235.819,355.204,271.531,358.621,1312.89,-12805.8,0.03492,0.0721188,0.0358306,0.0294576
4,37,69,208,0.857333,0.729333,1,0.914167,235.819,344.853,262.611,358.621,3548.64,-9505.87,0.03492,0.0958783,-0.000998024,0.0224397
4,37,69,207,0.857333,0.729333,1,0.8775,235.819,337.539,262.311,358.621,5263.12,-9237.93,0.03492,0.0964279,-0.0288514,-0.0171634
4,37,69,49,0.857333,0.729333,1,0.863167,235.819,338.002,270.576,358.621,5346.01,-12203,0.03492,0.0719748,-0.0275467,-0.0463631
4,37,67,50,0.857333,0.729333,0.87869,0.995,235.819,345.194,270.585,350.805,1816.8,-12183.5,0.03492,0.0720368,0.0454129,0.0214042
4,37,67,52,0.857333,0.729333,0.87869,0.931667,235.819,355.204,271.561,350.805,-530.198,-12526.7,0.03492,0.0721188,0.0821686,0.058242
4,37,67,208,0.857333,0.729333,0.87869,0.914167,235.819,344.853,262.356,350.805,1705.55,-9298.69,0.03492,0.0958783,0.0463183,0.0522023
4,37,67,207,0.857333,0.729333,0.87869,0.8775,235.819,337.539,261.839,350.805,3420.04,-9036.59,0.03492,0.0964279,0.0184726,0.0126069
4,37,67,49,0.857333,0.729333,0.87869,0.863167,235.819,338.002,270.111,350.805,3502.92,-11937,0.03492,0.0719748,0.0188681,-0.0175019
4,37,183,50,0.857333,0.729333,0.865833,0.995,235.819,345.194,268.568,350.685,1782.48,-11487.1,0.0291738,0.0720368,0.0224916,0.0217324
4,37,183,52,0.857333,0.729333,0.865833,0.931667,235.819,355.204,269.548,350.685,-564.522,-11810,0.0291738,0.0721188,0.0595209,0.0588438
4,37,183,208,0.857333,0.729333,0.865833,0.914167,235.819,344.853,260.339,350.685,1671.23,-8602.5,0.0291738,0.0958783,0.0234144,0.052548
4,37,183,207,0.857333,0.729333,0.865833,0.8775,235.819,337.539,259.82,350.685,3385.72,-8355.16,0.0291738,0.0964279,-0.00464686,0.012737
4,37,183,49,0.857333,0.729333,0.865833,0.863167,235.819,338.002,268.092,350.685,3468.6,-11255.1,0.0291738,0.0719748,-0.00425235,-0.0173728
4,37,185,50,0.857333,0.729333,0.846667,0.995,235.819,345.194,268.966,358.536,3634.52,-11807.8,0.0296895,0.0720368,-0.0237319,-0.00745312
4,37,185,52,0.857333,0.729333,0.846667,0.931667,235.819,355.204,269.655,358.536,1287.52,-12139.8,0.0296895,0.0721188,0.0133531,0.0297139
4,37,185,208,0.857333,0.729333,0.846667,0.914167,235.819,344.853,260.733,358.536,3523.27,-8858.7,0.0296895,0.0958783,-0.0237319,0.0224396
4,37,185,207,0.857333,0.729333,0.846667,0.8775,235.819,337.539,260.435,358.536,5237.76,-8604.47,0.0296895,0.0964279,-0.051786,-0.0173642
4,37,185,49,0.857333,0.729333,0.846667,0.863167,235.819,338.002,268.7,358.536,5320.64,-11569.3,0.0296895,0.0719748,-0.0504661,-0.0465486
4,37,72,50,0.857333,0.729333,0.7225,0.995,235.819,345.194,271.901,372.953,7039.57,-12952.7,0.03492,0.0720368,0.0160151,-0.0601298
4,37,72,52,0.857333,0.729333,0.7225,0.931667,235.819,355.204,272.062,372.953,4692.57,-13317.5,0.03492,0.0721188,0.0528184,-0.0232444
4,37,72,208,0.857333,0.729333,0.7225,0.914167,235.819,344.853,263.68,372.953,6928.33,-9885.77,0.03492,0.0958783,0.0143711,-0.031881
4,37,72,207,0.857333,0.729333,0.7225,0.8775,235.819,337.539,263.778,372.953,8642.81,-9607.13,0.03492,0.0964279,-0.013369,-0.0713709
4,37,72,49,0.857333,0.729333,0.7225,0.863167,235.819,338.002,272.012,372.953,8725.7,-12690.6,0.03492,0.0719748,-0.010427,-0.0989332
53,95,69,50,0.80069,0.921667,1,0.995,229.041,345.761,270.843,354.97,2634.06,-14731,-0.0205015,-0.0185789,-0.000997869,-0.0269853
53,95,69,52,0.80069,0.921667,1,0.931667,229.041,355.769,271.531,354.97,351.103,-15078.2,-0.0205015,-0.0179475,0.0358307,0.0104749
53,95,69,208,0.80069,0.921667,1,0.914167,229.041,345.259,262.611,354.97,2553.99,-11811.9,-0.0205015,0.0052051,-0.000997905,0.00285005
53,95,69,207,0.80069,0.921667,1,0.8775,229.041,337.943,262.311,354.97,4221.8,-11546.7,-0.0205015,0.00533004,-0.0288513,-0.0371776
53,95,69,49,0.80069,0.921667,1,0.863167,229.041,338.571,270.576,354.97,4274.17,-14481.6,-0.0205015,-0.0190558,-0.0275466,-0.0663101
53,95,67,50,0.80069,0.921667,0.87869,0.995,229.041,345.761,270.585,347.154,843.88,-14406.7,-0.0205016,-0.0185789,0.0454129,0.00187196
53,95,67,52,0.80069,0.921667,0.87869,0.931667,229.041,355.769,271.561,347.154,-1439.07,-14746.2,-0.0205016,-0.0179475,0.0821686,0.0392592
53,95,67,208,0.80069,0.921667,0.87869,0.914167,229.041,345.259,262.356,347.154,763.816,-11551.9,-0.0205016,0.0052051,0.0463183,0.0326127
53,95,67,207,0.80069,0.921667,0.87869,0.8775,229.041,337.943,261.839,347.154,2431.63,-11292.5,-0.0205016,0.00533004,0.0184726,-0.00740734
53,95,67,49,0.80069,0.921667,0.87869,0.863167,229.041,338.571,270.111,347.154,2483.99,-14162.7,-0.0205016,-0.0190558,0.0188681,-0.0374489
53,95,183,50,0.80069,0.921667,0.865833,0.995,229.041,345.761,268.568,347.034,817.4,-13709.7,-0.0263083,-0.0185789,0.0224312,0.00220021
53,95,183,52,0.80069,0.921667,0.865833,0.931667,229.041,355.769,269.548,347.034,-1465.55,-14029.1,-0.0263083,-0.0179475,0.0594605,0.039861
53,95,183,208,0.80069,0.921667,0.865833,0.914167,229.041,345.259,260.339,347.034,737.336,-10855.2,-0.0263083,0.0052051,0.023354,0.0329583
53,95,183,207,0.80069,0.921667,0.865833,0.8775,229.041,337.943,259.82,347.034,2405.15,-10610.6,-0.0263083,0.00533004,-0.0047073,-0.00727729
53,95,183,49,0.80069,0.921667,0.865833,0.863167,229.041,338.571,268.092,347.034,2457.51,-13480.3,-0.0263083,-0.0190558,-0.00431279,-0.0373199
53,95,185,50,0.80069,0.921667,0.846667,0.995,229.041,345.761,268.966,354.885,2615.8,-14083.6,-0.025786,-0.0185789,-0.0237857,-0.0269853
53,95,185,52,0.80069,0.921667,0.846667,0.931667,229.041,355.769,269.655,354.885,332.848,-14412,-0.025786,-0.0179475,0.0132992,0.0107312
53,95,185,208,0.80069,0.921667,0.846667,0.914167,229.041,345.259,260.733,354.885,2535.74,-11164.5,-0.025786,0.0052051,-0.0237858,0.00284998
53,95,185,207,0.80069,0.921667,0.846667,0.8775,229.041,337.943,260.435,354.885,4203.55,-10913,-0.025786,0.00533004,-0.0518399,-0.0373785
53,95,185,49,0.80069,0.921667,0.846667,0.863167,229.041,338.571,268.7,354.885,4255.91,-13847.6,-0.025786,-0.0190558,-0.05052,-0.0664957
53,95,72,50,0.80069,0.921667,0.7225,0.995,229.041,345.761,271.901,369.302,5916.73,-15325.8,-0.0205016,-0.0185789,0.0160151,-0.079662
53,95,72,52,0.80069,0.921667,0.7225,0.931667,229.041,355.769,272.062,369.302,3633.77,-15687,-0.0205016,-0.0179475,0.0528184,-0.0422271
53,95,72,208,0.80069,0.921667,0.7225,0.914167,229.041,345.259,263.68,369.302,5836.66,-12288.9,-0.0205016,0.0052051,0.0143711,-0.0514706
53,95,72,207,0.80069,0.921667,0.7225,0.8775,229.041,337.943,263.778,369.302,7504.47,-12013,-0.0205016,0.00533004,-0.013369,-0.0913852
53,95,72,49,0.80069,0.921667,0.7225,0.863167,229.041,338.571,272.012,369.302,7556.84,-15066.3,-0.0205016,-0.0190558,-0.010427,-0.11888
53,5,69,50,0.80069,0.918333,1,0.995,228.594,353.031,270.843,354.97,664.583,-14943.4,-0.0522413,-0.053495,-0.000997869,-0.0262029
53,5,69,52,0.80069,0.918333,1,0.931667,228.594,363.04,271.531,354.97,-1619.5,-15290.7,-0.0522413,-0.0528977,0.0358307,0.011223
53,5,69,208,0.80069,0.918333,1,0.914167,228.594,352.534,262.611,354.97,644.384,-12024.4,-0.0522413,-0.0302005,-0.000997905,0.00314283
53,5,69,207,0.80069,0.918333,1,0.8775,228.594,345.218,262.311,354.97,2313.26,-11759.2,-0.0522413,-0.030072,-0.0288513,-0.0368813
53,5,69,49,0.80069,0.918333,1,0.863167,228.594,345.841,270.576,354.97,2305.51,-14694,-0.0522413,-0.0539454,-0.0275466,-0.0655014
53,5,67,50,0.80069,0.918333,0.87869,0.995,228.594,353.031,270.585,347.154,-1120.92,-14614.4,-0.0522414,-0.053495,0.0454129,0.00265433
53,5,67,52,0.80069,0.918333,0.87869,0.931667,228.594,363.04,271.561,347.154,-3405,-14954,-0.0522414,-0.0528977,0.0821686,0.0400073
53,5,67,208,0.80069,0.918333,0.87869,0.914167,228.594,352.534,262.356,347.154,-1141.12,-11759.6,-0.0522414,-0.0302005,0.0463183,0.0329055
53,5,67,207,0.80069,0.918333,0.87869,0.8775,228.594,345.218,261.839,347.154,527.757,-11500.2,-0.0522414,-0.030072,0.0184726,-0.00711099
53,5,67,49,0.80069,0.918333,0.87869,0.863167,228.594,345.841,270.111,347.154,520.008,-14370.5,-0.0522414,-0.0539454,0.0188681,-0.0366402
53,5,183,50,0.80069,0.918333,0.865833,0.995,228.594,353.031,268.568,347.034,-1132.71,-13902.8,-0.0580481,-0.053495,0.0224312,0.00298258
53,5,183,52,0.80069,0.918333,0.865833,0.931667,228.594,363.04,269.548,347.034,-3416.79,-14222.2,-0.0580481,-0.0528977,0.0594605,0.0406092
53,5,183,208,0.80069,0.918333,0.865833,0.914167,228.594,352.534,260.339,347.034,-1152.91,-11048.3,-0.0580481,-0.0302005,0.023354,0.0332511
53,5,183,207,0.80069,0.918333,0.865833,0.8775,228.594,345.218,259.82,347.034,515.965,-10803.6,-0.0580481,-0.030072,-0.0047073,-0.00698094
53,5,183,49,0.80069,0.918333,0.865833,0.863167,228.594,345.841,268.092,347.034,508.215,-13673.4,-0.0580481,-0.0539454,-0.00431279,-0.0365112
53,5,185,50,0.80069,0.918333,0.846667,0.995,228.594,353.031,268.966,354.885,659.98,-14282.4,-0.0575258,-0.053495,-0.0237857,-0.026203
53,5,185,52,0.80069,0.918333,0.846667,0.931667,228.594,363.04,269.655,354.885,-1624.11,-14610.8,-0.0575258,-0.0528977,0.0132992,0.0114793
53,5,185,208,0.80069,0.918333,0.846667,0.914167,228.594,352.534,260.733,354.885,639.781,-11363.3,-0.0575258,-0.0302005,-0.0237858,0.00314276
53,5,185,207,0.80069,0.918333,0.846667,0.8775,228.594,345.218,260.435,354.885,2308.65,-11111.8,-0.0575258,-0.030072,-0.0518399,-0.0370821
53,5,185,49,0.80069,0.918333,0.846667,0.863167,228.594,345.841,268.7,354.885,2300.9,-14046.4,-0.0575258,-0.0539454,-0.05052,-0.065687
53,5,72,50,0.80069,0.918333,0.7225,0.995,228.594,353.031,271.901,369.302,3938.67,-15546.8,-0.0522414,-0.053495,0.0160151,-0.0788797
53,5,72,52,0.80069,0.918333,0.7225,0.931667,228.594,363.04,272.062,369.302,1654.59,-15908.1,-0.0522414,-0.0528977,0.0528184,-0.041479
53,5,72,208,0.80069,0.918333,0.7225,0.914167,228.594,352.534,263.68,369.302,3918.47,-12509.9,-0.0522414,-0.0302005,0.0143711,-0.0511779
53,5,72,207,0.80069,0.918333,0.7225,0.8775,228.594,345.218,263.778,369.302,5587.35,-12234,-0.0522414,-0.030072,-0.013369,-0.0910888
53,5,72,49,0.80069,0.918333,0.7225,0.863167,228.594,345.841,272.012,369.302,5579.6,-15287.3,-0.0522414,-0.0539454,-0.010427,-0.118071
53,2,69,50,0.80069,0.866,1,0.995,234.967,352.46,270.843,354.97,710.67,-12681.6,-0.0518082,0.0211573,-0.000997869,-0.00820789
53,2,69,52,0.80069,0.866,1,0.931667,234.967,362.471,271.531,354.97,-1637.03,-13028.9,-0.0518082,0.0212585,0.0358307,0.028722
53,2,69,208,0.80069,0.866,1,0.914167,234.967,352.111,262.611,354.97,689.07,-9762.57,-0.0518082,0.0445062,-0.000997905,0.0211923
53,2,69,207,0.80069,0.866,1,0.8775,234.967,344.797,262.311,354.97,2404.42,-9497.36,-0.0518082,0.0450177,-0.0288513,-0.0184488
53,2,69,49,0.80069,0.866,1,0.863167,234.967,345.268,270.576,354.97,2397.29,-12432.2,-0.0518082,0.0210808,-0.0275466,-0.0471323
53,2,67,50,0.80069,0.866,0.87869,0.995,234.967,352.46,270.585,347.154,-1124.63,-12402.4,-0.0518083,0.0211573,0.0454129,0.0206493
53,2,67,52,0.80069,0.866,0.87869,0.931667,234.967,362.471,271.561,347.154,-3472.33,-12742,-0.0518083,0.0212585,0.0821686,0.0575063
53,2,67,208,0.80069,0.866,0.87869,0.914167,234.967,352.111,262.356,347.154,-1146.23,-9547.61,-0.0518083,0.0445062,0.0463183,0.0509549
53,2,67,207,0.80069,0.866,0.87869,0.8775,234.967,344.797,261.839,347.154,569.115,-9288.24,-0.0518083,0.0450177,0.0184726,0.0113215
53,2,67,49,0.80069,0.866,0.87869,0.863167,234.967,345.268,270.111,347.154,561.99,-12158.5,-0.0518083,0.0210808,0.0188681,-0.0182711
53,2,183,50,0.80069,0.866,0.865833,0.995,234.967,352.46,268.568,347.034,-1136.96,-11691.3,-0.057615,0.0211573,0.0224312,0.0209776
53,2,183,52,0.80069,0.866,0.865833,0.931667,234.967,362.471,269.548,347.034,-3484.65,-12010.7,-0.057615,0.0212585,0.0594605,0.0581081
53,2,183,208,0.80069,0.866,0.865833,0.914167,234.967,352.111,260.339,347.034,-1158.56,-8836.78,-0.057615,0.0445062,0.023354,0.0513006
53,2,183,207,0.80069,0.866,0.865833,0.8775,234.967,344.797,259.82,347.034,556.787,-8592.17,-0.057615,0.0450177,-0.0047073,0.0114516
53,2,183,49,0.80069,0.866,0.865833,0.863167,234.967,345.268,268.092,347.034,549.663,-11461.9,-0.057615,0.0210808,-0.00431279,-0.0181421
53,2,185,50,0.80069,0.866,0.846667,0.995,234.967,352.46,268.966,354.885,705.748,-12020.9,-0.0570927,0.0211573,-0.0237857,-0.00820796
53,2,185,52,0.80069,0.866,0.846667,0.931667,234.967,362.471,269.655,354.885,-1641.95,-12349.3,-0.0570927,0.0212585,0.0132992,0.0289783
53,2,185,208,0.80069,0.866,0.846667,0.914167,234.967,352.111,260.733,354.885,684.148,-9101.8,-0.0570927,0.0445062,-0.0237858,0.0211922
53,2,185,207,0.80069,0.866,0.846667,0.8775,234.967,344.797,260.435,354.885,2399.49,-8850.31,-0.0570927,0.0450177,-0.0518399,-0.0186496
53,2,185,49,0.80069,0.866,0.846667,0.863167,234.967,345.268,268.7,354.885,2392.37,-11784.9,-0.0570927,0.0210808,-0.05052,-0.0473179
53,2,72,50,0.80069,0.866,0.7225,0.995,234.967,352.46,271.901,369.302,4076.08,-13193.7,-0.0518083,0.0211573,0.0160151,-0.0608847
53,2,72,52,0.80069,0.866,0.7225,0.931667,234.967,362.471,272.062,369.302,1728.39,-13554.9,-0.0518083,0.0212585,0.0528184,-0.02398
53,2,72,208,0.80069,0.866,0.7225,0.914167,234.967,352.111,263.68,369.302,4054.48,-10156.7,-0.0518083,0.0445062,0.0143711,-0.0331284
53,2,72,207,0.80069,0.866,0.7225,0.8775,234.967,344.797,263.778,369.302,5769.83,-9880.83,-0.0518083,0.0450177,-0.013369,-0.0726563
53,2,72,49,0.80069,0.866,0.7225,0.863167,234.967,345.268,272.012,369.302,5762.71,-12934.2,-0.0518083,0.0210808,-0.010427,-0.0997024
53,104,69,50,0.80069,0.765667,1,0.995,229.611,339.495,270.843,354.97,4331.22,-14548,0.00672752,0.0124922,-0.000997869,-0.0276863
53,104,69,52,0.80069,0.765667,1,0.931667,229.611,349.503,271.531,354.97,2049.24,-14895.2,0.00672752,0.013155,0.0358307,0.00980515
53,104,69,208,0.80069,0.765667,1,0.914167,229.611,338.99,262.611,354.97,4199.57,-11628.9,0.00672752,0.0367149,-0.000997905,0.00258767
53,104,69,207,0.80069,0.765667,1,0.8775,229.611,331.674,262.311,354.97,5866.47,-11363.7,0.00672752,0.0368364,-0.0288513,-0.0374435
53,104,69,49,0.80069,0.765667,1,0.863167,229.611,332.305,270.576,354.97,5970.64,-14298.5,0.00672752,0.0119911,-0.0275466,-0.0670354
53,104,67,50,0.80069,0.765667,0.87869,0.995,229.611,339.495,270.585,347.154,2537.02,-14227.6,0.0067274,0.0124922,0.0454129,0.00117089
53,104,67,52,0.80069,0.765667,0.87869,0.931667,229.611,349.503,271.561,347.154,255.036,-14567.2,0.0067274,0.013155,0.0821686,0.0385895
53,104,67,208,0.80069,0.765667,0.87869,0.914167,229.611,338.99,262.356,347.154,2405.36,-11372.8,0.0067274,0.0367149,0.0463183,0.0323503
53,104,67,207,0.80069,0.765667,0.87869,0.8775,229.611,331.674,261.839,347.154,4072.26,-11113.5,0.0067274,0.0368364,0.0184726,-0.00767318
53,104,67,49,0.80069,0.765667,0.87869,0.863167,229.611,332.305,270.111,347.154,4176.43,-13983.7,0.0067274,0.0119911,0.0188681,-0.0381742
53,104,183,50,0.80069,0.765667,0.865833,0.995,229.611,339.495,268.568,347.034,2497.88,-13543.4,0.000920717,0.0124922,0.0224312,0.00149914
53,104,183,52,0.80069,0.765667,0.865833,0.931667,229.611,349.503,269.548,347.034,215.899,-13862.7,0.000920717,0.013155,0.0594605,0.0391913
53,104,183,208,0.80069,0.765667,0.865833,0.914167,229.611,338.99,260.339,347.034,2366.23,-10688.8,0.000920717,0.0367149,0.023354,0.0326959
53,104,183,207,0.80069,0.765667,0.865833,0.8775,229.611,331.674,259.82,347.034,4033.12,-10444.2,0.000920717,0.0368364,-0.0047073,-0.00754313
53,104,183,49,0.80069,0.765667,0.865833,0.863167,229.611,332.305,268.092,347.034,4137.29,-13313.9,0.000920717,0.0119911,-0.00431279,-0.0380452
53,104,185,50,0.80069,0.765667,0.846667,0.995,229.611,339.495,268.966,354.885,4301.2,-13912.3,0.00144297,0.0124922,-0.0237857,-0.0276864
53,104,185,52,0.80069,0.765667,0.846667,0.931667,229.611,349.503,269.655,354.885,2019.22,-14240.7,0.00144297,0.013155,0.0132992,0.0100614
53,104,185,208,0.80069,0.765667,0.846667,0.914167,229.611,338.99,260.733,354.885,4169.55,-10993.2,0.00144297,0.0367149,-0.0237858,0.0025876
53,104,185,207,0.80069,0.765667,0.846667,0.8775,229.611,331.674,260.435,354.885,5836.45,-10741.7,0.00144297,0.0368364,-0.0518399,-0.0376443
53,104,185,49,0.80069,0.765667,0.846667,0.863167,229.611,332.305,268.7,354.885,5940.62,-13676.3,0.00144297,0.0119911,-0.05052,-0.0672209
53,104,72,50,0.80069,0.765667,0.7225,0.995,229.611,339.495,271.901,369.302,7621.28,-15135.3,0.0067274,0.0124922,0.0160151,-0.0803631
53,104,72,52,0.80069,0.765667,0.7225,0.931667,229.611,349.503,272.062,369.302,5339.3,-15496.6,0.0067274,0.013155,0.0528184,-0.0428968
53,104,72,208,0.80069,0.765667,0.7225,0.914167,229.611,338.99,263.68,369.302,7489.63,-12098.4,0.0067274,0.0367149,0.0143711,-0.051733
53,104,72,207,0.80069,0.765667,0.7225,0.8775,229.611,331.674,263.778,369.302,9156.53,-11822.5,0.0067274,0.0368364,-0.013369,-0.091651
53,104,72,49,0.80069,0.765667,0.7225,0.863167,229.611,332.305,272.012,369.302,9260.69,-14875.8,0.0067274,0.0119911,-0.010427,-0.119605
53,37,69,50,0.80069,0.729333,1,0.995,235.811,345.194,270.843,354.97,2672.15,-12328.2,-0.0211247,0.0565541,-0.000997869,-0.00745305
53,37,69,52,0.80069,0.729333,1,0.931667,235.811,355.204,271.531,354.97,321.575,-12675.4,-0.0211247,0.0566361,0.0358307,0.0294576
53,37,69,208,0.80069,0.729333,1,0.914167,235.811,344.853,262.611,354.97,2590.92,-9409.09,-0.0211247,0.0803956,-0.000997905,0.0224397
53,37,69,207,0.80069,0.729333,1,0.8775,235.811,337.539,262.311,354.97,4308.14,-9143.88,-0.0211247,0.0809452,-0.0288513,-0.0171634
53,37,69,49,0.80069,0.729333,1,0.863167,235.811,338.002,270.576,354.97,4360.83,-12078.7,-0.0211247,0.0564921,-0.0275466,-0.0463631
53,37,67,50,0.80069,0.729333,0.87869,0.995,235.811,345.194,270.585,347.154,829.06,-12056.7,-0.0211249,0.0565541,0.0454129,0.0214042
53,37,67,52,0.80069,0.729333,0.87869,0.931667,235.811,355.204,271.561,347.154,-1521.51,-12396.3,-0.0211249,0.0566361,0.0821686,0.058242
53,37,67,208,0.80069,0.729333,0.87869,0.914167,235.811,344.853,262.356,347.154,747.838,-9201.92,-0.0211249,0.0803956,0.0463183,0.0522023
53,37,67,207,0.80069,0.729333,0.87869,0.8775,235.811,337.539,261.839,347.154,2465.05,-8942.54,-0.0211249,0.0809452,0.0184726,0.0126069
53,37,67,49,0.80069,0.729333,0.87869,0.863167,235.811,338.002,270.111,347.154,2517.75,-11812.8,-0.0211249,0.0564921,0.0188681,-0.0175019
53,37,183,50,0.80069,0.729333,0.865833,0.995,235.811,345.194,268.568,347.034,802.093,-11360.3,-0.0269315,0.0565541,0.0224312,0.0217324
53,37,183,52,0.80069,0.729333,0.865833,0.931667,235.811,355.204,269.548,347.034,-1548.48,-11679.6,-0.0269315,0.0566361,0.0594605,0.0588438
53,37,183,208,0.80069,0.729333,0.865833,0.914167,235.811,344.853,260.339,347.034,720.871,-8505.72,-0.0269315,0.0803956,0.023354,0.052548
53,37,183,207,0.80069,0.729333,0.865833,0.8775,235.811,337.539,259.82,347.034,2438.08,-8261.11,-0.0269315,0.0809452,-0.0047073,0.012737
53,37,183,49,0.80069,0.729333,0.865833,0.863167,235.811,338.002,268.092,347.034,2490.78,-11130.8,-0.0269315,0.0564921,-0.00431279,-0.0173728
53,37,185,50,0.80069,0.729333,0.846667,0.995,235.811,345.194,268.966,354.885,2653.63,-11681,-0.0264093,0.0565541,-0.0237857,-0.00745312
53,37,185,52,0.80069,0.729333,0.846667,0.931667,235.811,355.204,269.655,354.885,303.056,-12009.4,-0.0264093,0.0566361,0.0132992,0.0297139
53,37,185,208,0.80069,0.729333,0.846667,0.914167,235.811,344.853,260.733,354.885,2572.4,-8761.92,-0.0264093,0.0803956,-0.0237858,0.0224396
53,37,185,207,0.80069,0.729333,0.846667,0.8775,235.811,337.539,260.435,354.885,4289.62,-8510.42,-0.0264093,0.0809452,-0.0518399,-0.0173642
53,37,185,49,0.80069,0.729333,0.846667,0.863167,235.811,338.002,268.7,354.885,4342.31,-11445,-0.0264093,0.0564921,-0.05052,-0.0465486
53,37,72,50,0.80069,0.729333,0.7225,0.995,235.811,345.194,271.901,369.302,6051.83,-12825.9,-0.0211249,0.0565541,0.0160151,-0.0601298
53,37,72,52,0.80069,0.729333,0.7225,0.931667,235.811,355.204,272.062,369.302,3701.26,-13187.2,-0.0211249,0.0566361,0.0528184,-0.0232444
53,37,72,208,0.80069,0.729333,0.7225,0.914167,235.811,344.853,263.68,369.302,5970.61,-9789,-0.0211249,0.0803956,0.0143711,-0.031881
53,37,72,207,0.80069,0.729333,0.7225,0.8775,235.811,337.539,263.778,369.302,7687.82,-9513.08,-0.0211249,0.0809452,-0.013369,-0.0713709
53,37,72,49,0.80069,0.729333,0.7225,0.863167,235.811,338.002,272.012,369.302,7740.52,-12566.4,-0.0211249,0.0564921,-0.010427,-0.0989332
148,95,69,50,0.790667,0.921667,1,0.995,230.594,345.761,270.843,299.373,-12492.2,-14326.4,-0.217279,-0.262432,0.0175385,-0.0269853
148,95,69,52,0.790667,0.921667,1,0.931667,230.594,355.769,271.531,299.373,-14774.3,-14674.5,-0.217279,-0.2618,0.054367,0.0104749
148,95,69,208,0.790667,0.921667,1,0.914167,230.594,345.259,262.611,299.373,-12112.5,-11867.1,-0.217279,-0.238648,0.0175384,0.00285005
148,95,69,207,0.790667,0.921667,1,0.8775,230.594,337.943,262.311,299.373,-10443.5,-11603.1,-0.217279,-0.238523,-0.0103149,-0.0371776
148,95,69,49,0.790667,0.921667,1,0.863167,230.594,338.571,270.576,299.373,-10852.7,-14076.4,-0.217279,-0.262908,-0.0090103,-0.0663101
148,95,67,50,0.790667,0.921667,0.87869,0.995,230.594,345.761,270.585,291.558,-14239,-14002,-0.216782,-0.262432,0.0644463,0.00187196
148,95,67,52,0.790667,0.921667,0.87869,0.931667,230.594,355.769,271.561,291.558,-16521.1,-14342.5,-0.216782,-0.2618,0.101202,0.0392592
148,95,67,208,0.790667,0.921667,0.87869,0.914167,230.594,345.259,262.356,291.558,-13859.3,-11607,-0.216782,-0.238648,0.0653517,0.0326127
148,95,67,207,0.790667,0.921667,0.87869,0.8775,230.594,337.943,261.839,291.558,-12190.3,-11348.9,-0.216782,-0.238523,0.037506,-0.00740734
148,95,67,49,0.790667,0.921667,0.87869,0.863167,230.594,338.571,270.111,291.558,-12599.5,-13757.5,-0.216782,-0.262908,0.0379016,-0.0374489
148,95,183,50,0.790667,0.921667,0.865833,0.995,230.594,345.761,268.568,291.401,-14152.7,-13305.1,-0.223688,-0.262432,0.0403654,0.00220021
148,95,183,52,0.790667,0.921667,0.865833,0.931667,230.594,355.769,269.548,291.401,-16434.8,-13625.3,-0.223688,-0.2618,0.0773947,0.039861
148,95,183,208,0.790667,0.921667,0.865833,0.914167,230.594,345.259,260.339,291.401,-13772.9,-10910.4,-0.223688,-0.238648,0.0412882,0.0329583
148,95,183,207,0.790667,0.921667,0.865833,0.8775,230.594,337.943,259.82,291.401,-12103.9,-10666.9,-0.223688,-0.238523,0.0132269,-0.00727729
148,95,183,49,0.790667,0.921667,0.865833,0.863167,230.594,338.571,268.092,291.401,-12513.2,-13075.1,-0.223688,-0.262908,0.0136214,-0.0373199
148,95,185,50,0.790667,0.921667,0.846667,0.995,230.594,345.761,268.966,299.255,-12405.6,-13679,-0.223539,-0.262432,-0.00622503,-0.0269853
148,95,185,52,0.790667,0.921667,0.846667,0.931667,230.594,355.769,269.655,299.255,-14687.7,-14008.3,-0.223539,-0.2618,0.0308599,0.0107312
148,95,185,208,0.790667,0.921667,0.846667,0.914167,230.594,345.259,260.733,299.255,-12025.9,-11219.7,-0.223539,-0.238648,-0.00622507,0.00284998
148,95,185,207,0.790667,0.921667,0.846667,0.8775,230.594,337.943,260.435,299.255,-10356.9,-10969.4,-0.223539,-0.238523,-0.0342792,-0.0373785
148,95,185,49,0.790667,0.921667,0.846667,0.863167,230.594,338.571,268.7,299.255,-10766.1,-13442.4,-0.223539,-0.262908,-0.0329593,-0.0664957
148,95,72,50,0.790667,0.921667,0.7225,0.995,230.594,345.761,271.901,313.703,-9289.07,-14921.2,-0.218126,-0.262432,0.0337048,-0.079662
148,95,72,52,0.790667,0.921667,0.7225,0.931667,230.594,355.769,272.062,313.703,-11571.2,-15283.3,-0.218126,-0.2618,0.0705081,-0.0422271
148,95,72,208,0.790667,0.921667,0.7225,0.914167,230.594,345.259,263.68,313.703,-8909.35,-12344,-0.218126,-0.238648,0.0320608,-0.0514706
148,95,72,207,0.790667,0.921667,0.7225,0.8775,230.594,337.943,263.778,313.703,-7240.35,-12069.3,-0.218126,-0.238523,0.00432067,-0.0913852
148,95,72,49,0.790667,0.921667,0.7225,0.863167,230.594,338.571,272.012,313.703,-7649.57,-14661.1,-0.218126,-0.262908,0.00726273,-0.11888
148,5,69,50,0.790667,0.918333,1,0.995,231.911,353.031,270.843,299.373,-14461.7,-14545.8,-0.248224,-0.296553,0.0175385,-0.0262029
148,5,69,52,0.790667,0.918333,1,0.931667,231.911,363.04,271.531,299.373,-16744.9,-14893.8,-0.248224,-0.295956,0.054367,0.011223
148,5,69,208,0.790667,0.918333,1,0.914167,231.911,352.534,262.611,299.373,-14022.1,-12086.5,-0.248224,-0.273259,0.0175384,0.00314283
148,5,69,207,0.790667,0.918333,1,0.8775,231.911,345.218,262.311,299.373,-12352,-11822.5,-0.248224,-0.27313,-0.0103149,-0.0368813
148,5,69,49,0.790667,0.918333,1,0.863167,231.911,345.841,270.576,299.373,-12821.4,-14295.7,-0.248224,-0.297004,-0.0090103,-0.0655014
148,5,67,50,0.790667,0.918333,0.87869,0.995,231.911,353.031,270.585,291.558,-16203.8,-14216.7,-0.247727,-0.296553,0.0644463,0.00265433
148,5,67,52,0.790667,0.918333,0.87869,0.931667,231.911,363.04,271.561,291.558,-18487,-14557.2,-0.247727,-0.295956,0.101202,0.0400073
148,5,67,208,0.790667,0.918333,0.87869,0.914167,231.911,352.534,262.356,291.558,-15764.2,-11821.7,-0.247727,-0.273259,0.0653517,0.0329055
148,5,67,207,0.790667,0.918333,0.87869,0.8775,231.911,345.218,261.839,291.558,-14094.2,-11563.5,-0.247727,-0.27313,0.037506,-0.00711099
148,5,67,49,0.790667,0.918333,0.87869,0.863167,231.911,345.841,270.111,291.558,-14563.5,-13972.2,-0.247727,-0.297004,0.0379016,-0.0366402
148,5,183,50,0.790667,0.918333,0.865833,0.995,231.911,353.031,268.568,291.401,-16102.8,-13505.1,-0.254633,-0.296553,0.0403654,0.00298258
148,5,183,52,0.790667,0.918333,0.865833,0.931667,231.911,363.04,269.548,291.401,-18386,-13825.4,-0.254633,-0.295956,0.0773947,0.0406092
148,5,183,208,0.790667,0.918333,0.865833,0.914167,231.911,352.534,260.339,291.401,-15663.2,-11110.4,-0.254633,-0.273259,0.0412882,0.0332511
148,5,183,207,0.790667,0.918333,0.865833,0.8775,231.911,345.218,259.82,291.401,-13993.1,-10866.9,-0.254633,-0.27313,0.0132269,-0.00698094
148,5,183,49,0.790667,0.918333,0.865833,0.863167,231.911,345.841,268.092,291.401,-14462.5,-13275.1,-0.254633,-0.297004,0.0136214,-0.0365112
148,5,185,50,0.790667,0.918333,0.846667,0.995,231.911,353.031,268.966,299.255,-14361.4,-13884.7,-0.254484,-0.296553,-0.00622503,-0.026203
148,5,185,52,0.790667,0.918333,0.846667,0.931667,231.911,363.04,269.655,299.255,-16644.7,-14214,-0.254484,-0.295956,0.0308599,0.0114793
148,5,185,208,0.790667,0.918333,0.846667,0.914167,231.911,352.534,260.733,299.255,-13921.8,-11425.4,-0.254484,-0.273259,-0.00622507,0.00314276
148,5,185,207,0.790667,0.918333,0.846667,0.8775,231.911,345.218,260.435,299.255,-12251.8,-11175.1,-0.254484,-0.27313,-0.0342792,-0.0370821
148,5,185,49,0.790667,0.918333,0.846667,0.863167,231.911,345.841,268.7,299.255,-12721.1,-13648.1,-0.254484,-0.297004,-0.0329593,-0.065687
148,5,72,50,0.790667,0.918333,0.7225,0.995,231.911,353.031,271.901,313.703,-11267.1,-15149.1,-0.249071,-0.296553,0.0337048,-0.0788797
148,5,72,52,0.790667,0.918333,0.7225,0.931667,231.911,363.04,272.062,313.703,-13550.4,-15511.2,-0.249071,-0.295956,0.0705081,-0.041479
148,5,72,208,0.790667,0.918333,0.7225,0.914167,231.911,352.534,263.68,313.703,-10827.5,-12572,-0.249071,-0.273259,0.0320608,-0.0511779
148,5,72,207,0.790667,0.918333,0.7225,0.8775,231.911,345.218,263.778,313.703,-9157.47,-12297.3,-0.249071,-0.27313,0.00432067,-0.0910888
148,5,72,49,0.790667,0.918333,0.7225,0.863167,231.911,345.841,272.012,313.703,-9626.81,-14889,-0.249071,-0.297004,0.00726273,-0.118071
148,2,69,50,0.790667,0.866,1,0.995,238.077,352.46,270.843,299.373,-14415.6,-12639.3,-0.241367,-0.215477,0.0175385,-0.00820789
148,2,69,52,0.790667,0.866,1,0.931667,238.077,362.471,271.531,299.373,-16762.4,-12987.4,-0.241367,-0.215376,0.054367,0.028722
148,2,69,208,0.790667,0.866,1,0.914167,238.077,352.111,262.611,299.373,-13977.4,-10180,-0.241367,-0.192128,0.0175384,0.0211923
148,2,69,207,0.790667,0.866,1,0.8775,238.077,344.797,262.311,299.373,-12260.9,-9915.98,-0.241367,-0.191617,-0.0103149,-0.0184488
148,2,69,49,0.790667,0.866,1,0.863167,238.077,345.268,270.576,299.373,-12729.6,-12389.2,-0.241367,-0.215554,-0.0090103,-0.0471323
148,2,67,50,0.790667,0.866,0.87869,0.995,238.077,352.46,270.585,291.558,-16207.5,-12360,-0.24087,-0.215477,0.0644463,0.0206493
148,2,67,52,0.790667,0.866,0.87869,0.931667,238.077,362.471,271.561,291.558,-18554.4,-12700.5,-0.24087,-0.215376,0.101202,0.0575063
148,2,67,208,0.790667,0.866,0.87869,0.914167,238.077,352.111,262.356,291.558,-15769.3,-9965.04,-0.24087,-0.192128,0.0653517,0.0509549
148,2,67,207,0.790667,0.866,0.87869,0.8775,238.077,344.797,261.839,291.558,-14052.8,-9706.86,-0.24087,-0.191617,0.037506,0.0113215
148,2,67,49,0.790667,0.866,0.87869,0.863167,238.077,345.268,270.111,291.558,-14521.5,-12115.5,-0.24087,-0.215554,0.0379016,-0.0182711
148,2,183,50,0.790667,0.866,0.865833,0.995,238.077,352.46,268.568,291.401,-16107,-11649,-0.247776,-0.215477,0.0403654,0.0209776
148,2,183,52,0.790667,0.866,0.865833,0.931667,238.077,362.471,269.548,291.401,-18453.9,-11969.2,-0.247776,-0.215376,0.0773947,0.0581081
148,2,183,208,0.790667,0.866,0.865833,0.914167,238.077,352.111,260.339,291.401,-15668.8,-9254.21,-0.247776,-0.192128,0.0412882,0.0513006
148,2,183,207,0.790667,0.866,0.865833,0.8775,238.077,344.797,259.82,291.401,-13952.3,-9010.79,-0.247776,-0.191617,0.0132269,0.0114516
148,2,183,49,0.790667,0.866,0.865833,0.863167,238.077,345.268,268.092,291.401,-14421,-11418.9,-0.247776,-0.215554,0.0136214,-0.0181421
148,2,185,50,0.790667,0.866,0.846667,0.995,238.077,352.46,268.966,299.255,-14315.7,-11978.5,-0.247627,-0.215477,-0.00622503,-0.00820796
148,2,185,52,0.790667,0.866,0.846667,0.931667,238.077,362.471,269.655,299.255,-16662.5,-12307.8,-0.247627,-0.215376,0.0308599,0.0289783
148,2,185,208,0.790667,0.866,0.846667,0.914167,238.077,352.111,260.733,299.255,-13877.5,-9519.23,-0.247627,-0.192128,-0.00622507,0.0211922
148,2,185,207,0.790667,0.866,0.846667,0.8775,238.077,344.797,260.435,299.255,-12160.9,-9268.93,-0.247627,-0.191617,-0.0342792,-0.0186496
148,2,185,49,0.790667,0.866,0.846667,0.863167,238.077,345.268,268.7,299.255,-12629.7,-11741.9,-0.247627,-0.215554,-0.0329593,-0.0473179
148,2,72,50,0.790667,0.866,0.7225,0.995,238.077,352.46,271.901,313.703,-11129.7,-13151.3,-0.242214,-0.215477,0.0337048,-0.0608847
148,2,72,52,0.790667,0.866,0.7225,0.931667,238.077,362.471,272.062,313.703,-13476.6,-13513.4,-0.242214,-0.215376,0.0705081,-0.02398
148,2,72,208,0.790667,0.866,0.7225,0.914167,238.077,352.111,263.68,313.703,-10691.5,-10574.2,-0.242214,-0.192128,0.0320608,-0.0331284
148,2,72,207,0.790667,0.866,0.7225,0.8775,238.077,344.797,263.778,313.703,-8974.99,-10299.4,-0.242214,-0.191617,0.00432067,-0.0726563
148,2,72,49,0.790667,0.866,0.7225,0.863167,238.077,345.268,272.012,313.703,-9443.7,-12891.2,-0.242214,-0.215554,0.00726273,-0.0997024
148,104,69,50,0.790667,0.765667,1,0.995,229.638,339.495,270.843,299.373,-10795,-14137.4,-0.190349,-0.23166,0.0175385,-0.0276863
148,104,69,52,0.790667,0.765667,1,0.931667,229.638,349.503,271.531,299.373,-13076.2,-14485.4,-0.190349,-0.230997,0.054367,0.00980515
148,104,69,208,0.790667,0.765667,1,0.914167,229.638,338.99,262.611,299.373,-10466.9,-11678.1,-0.190349,-0.207437,0.0175384,0.00258767
148,104,69,207,0.790667,0.765667,1,0.8775,229.638,331.674,262.311,299.373,-8798.82,-11414.1,-0.190349,-0.207316,-0.0103149,-0.0374435
148,104,69,49,0.790667,0.765667,1,0.863167,229.638,332.305,270.576,299.373,-9156.24,-13887.3,-0.190349,-0.232161,-0.0090103,-0.0670354
148,104,67,50,0.790667,0.765667,0.87869,0.995,229.638,339.495,270.585,291.558,-12545.9,-13817,-0.189852,-0.23166,0.0644463,0.00117089
148,104,67,52,0.790667,0.765667,0.87869,0.931667,229.638,349.503,271.561,291.558,-14827,-14157.5,-0.189852,-0.230997,0.101202,0.0385895
148,104,67,208,0.790667,0.765667,0.87869,0.914167,229.638,338.99,262.356,291.558,-12217.7,-11422,-0.189852,-0.207437,0.0653517,0.0323503
148,104,67,207,0.790667,0.765667,0.87869,0.8775,229.638,331.674,261.839,291.558,-10549.7,-11163.9,-0.189852,-0.207316,0.037506,-0.00767318
148,104,67,49,0.790667,0.765667,0.87869,0.863167,229.638,332.305,270.111,291.558,-10907.1,-13572.5,-0.189852,-0.232161,0.0379016,-0.0381742
148,104,183,50,0.790667,0.765667,0.865833,0.995,229.638,339.495,268.568,291.401,-12472.2,-13132.8,-0.196758,-0.23166,0.0403654,0.00149914
148,104,183,52,0.790667,0.765667,0.865833,0.931667,229.638,349.503,269.548,291.401,-14753.3,-13453,-0.196758,-0.230997,0.0773947,0.0391913
148,104,183,208,0.790667,0.765667,0.865833,0.914167,229.638,338.99,260.339,291.401,-12144,-10738,-0.196758,-0.207437,0.0412882,0.0326959
148,104,183,207,0.790667,0.765667,0.865833,0.8775,229.638,331.674,259.82,291.401,-10476,-10494.6,-0.196758,-0.207316,0.0132269,-0.00754313
148,104,183,49,0.790667,0.765667,0.865833,0.863167,229.638,332.305,268.092,291.401,-10833.4,-12902.7,-0.196758,-0.232161,0.0136214,-0.0380452
148,104,185,50,0.790667,0.765667,0.846667,0.995,229.638,339.495,268.966,299.255,-10720.2,-13501.7,-0.196609,-0.23166,-0.00622503,-0.0276864
148,104,185,52,0.790667,0.765667,0.846667,0.931667,229.638,349.503,269.655,299.255,-13001.3,-13831,-0.196609,-0.230997,0.0308599,0.0100614
148,104,185,208,0.790667,0.765667,0.846667,0.914167,229.638,338.99,260.733,299.255,-10392.1,-11042.4,-0.196609,-0.207437,-0.00622507,0.0025876
148,104,185,207,0.790667,0.765667,0.846667,0.8775,229.638,331.674,260.435,299.255,-8723.99,-10792.1,-0.196609,-0.207316,-0.0342792,-0.0376443
148,104,185,49,0.790667,0.765667,0.846667,0.863167,229.638,332.305,268.7,299.255,-9081.41,-13265.1,-0.196609,-0.232161,-0.0329593,-0.0672209
148,104,72,50,0.790667,0.765667,0.7225,0.995,229.638,339.495,271.901,313.703,-7584.51,-14724.8,-0.191196,-0.23166,0.0337048,-0.0803631
148,104,72,52,0.790667,0.765667,0.7225,0.931667,229.638,349.503,272.062,313.703,-9865.64,-15086.9,-0.191196,-0.230997,0.0705081,-0.0428968
148,104,72,208,0.790667,0.765667,0.7225,0.914167,229.638,338.99,263.68,313.703,-7256.38,-12147.6,-0.191196,-0.207437,0.0320608,-0.051733
148,104,72,207,0.790667,0.765667,0.7225,0.8775,229.638,331.674,263.778,313.703,-5588.29,-11872.9,-0.191196,-0.207316,0.00432067,-0.091651
148,104,72,49,0.790667,0.765667,0.7225,0.863167,229.638,332.305,272.012,313.703,-5945.71,-14464.6,-0.191196,-0.232161,0.00726273,-0.119605
148,37,69,50,0.790667,0.729333,1,0.995,237.203,345.194,270.843,299.373,-12454.1,-12301.2,-0.210989,-0.180386,0.0175385,-0.00745305
148,37,69,52,0.790667,0.729333,1,0.931667,237.203,355.204,271.531,299.373,-14803.8,-12649.3,-0.210989,-0.180304,0.054367,0.0294576
148,37,69,208,0.790667,0.729333,1,0.914167,237.203,344.853,262.611,299.373,-12075.6,-9841.97,-0.210989,-0.156544,0.0175384,0.0224397
148,37,69,207,0.790667,0.729333,1,0.8775,237.203,337.539,262.311,299.373,-10357.2,-9577.95,-0.210989,-0.155995,-0.0103149,-0.0171634
148,37,69,49,0.790667,0.729333,1,0.863167,237.203,338.002,270.576,299.373,-10766,-12051.2,-0.210989,-0.180448,-0.0090103,-0.0463631
148,37,67,50,0.790667,0.729333,0.87869,0.995,237.203,345.194,270.585,291.558,-14253.8,-12029.8,-0.210492,-0.180386,0.0644463,0.0214042
148,37,67,52,0.790667,0.729333,0.87869,0.931667,237.203,355.204,271.561,291.558,-16603.6,-12370.2,-0.210492,-0.180304,0.101202,0.058242
148,37,67,208,0.790667,0.729333,0.87869,0.914167,237.203,344.853,262.356,291.558,-13875.3,-9634.79,-0.210492,-0.156544,0.0653517,0.0522023
148,37,67,207,0.790667,0.729333,0.87869,0.8775,237.203,337.539,261.839,291.558,-12156.9,-9376.61,-0.210492,-0.155995,0.037506,0.0126069
148,37,67,49,0.790667,0.729333,0.87869,0.863167,237.203,338.002,270.111,291.558,-12565.8,-11785.2,-0.210492,-0.180448,0.0379016,-0.0175019
148,37,183,50,0.790667,0.729333,0.865833,0.995,237.203,345.194,268.568,291.401,-14168,-11333.4,-0.217398,-0.180386,0.0403654,0.0217324
148,37,183,52,0.790667,0.729333,0.865833,0.931667,237.203,355.204,269.548,291.401,-16517.7,-11653.6,-0.217398,-0.180304,0.0773947,0.0588438
148,37,183,208,0.790667,0.729333,0.865833,0.914167,237.203,344.853,260.339,291.401,-13789.4,-8938.59,-0.217398,-0.156544,0.0412882,0.052548
148,37,183,207,0.790667,0.729333,0.865833,0.8775,237.203,337.539,259.82,291.401,-12071,-8695.17,-0.217398,-0.155995,0.0132269,0.012737
148,37,183,49,0.790667,0.729333,0.865833,0.863167,237.203,338.002,268.092,291.401,-12479.9,-11103.3,-0.217398,-0.180448,0.0136214,-0.0173728
148,37,185,50,0.790667,0.729333,0.846667,0.995,237.203,345.194,268.966,299.255,-12367.8,-11654.1,-0.217249,-0.180386,-0.00622503,-0.00745312
148,37,185,52,0.790667,0.729333,0.846667,0.931667,237.203,355.204,269.655,299.255,-14717.5,-11983.4,-0.217249,-0.180304,0.0308599,0.0297139
148,37,185,208,0.790667,0.729333,0.846667,0.914167,237.203,344.853,260.733,299.255,-11989.2,-9194.79,-0.217249,-0.156544,-0.00622507,0.0224396
148,37,185,207,0.790667,0.729333,0.846667,0.8775,237.203,337.539,260.435,299.255,-10270.8,-8944.49,-0.217249,-0.155995,-0.0342792,-0.0173642
148,37,185,49,0.790667,0.729333,0.846667,0.863167,237.203,338.002,268.7,299.255,-10679.7,-11417.5,-0.217249,-0.180448,-0.0329593,-0.0465486
148,37,72,50,0.790667,0.729333,0.7225,0.995,237.203,345.194,271.901,313.703,-9153.96,-12799,-0.211836,-0.180386,0.0337048,-0.0601298
148,37,72,52,0.790667,0.729333,0.7225,0.931667,237.203,355.204,272.062,313.703,-11503.7,-13161.1,-0.211836,-0.180304,0.0705081,-0.0232444
148,37,72,208,0.790667,0.729333,0.7225,0.914167,237.203,344.853,263.68,313.703,-8775.4,-10221.9,-0.211836,-0.156544,0.0320608,-0.031881
148,37,72,207,0.790667,0.729333,0.7225,0.8775,237.203,337.539,263.778,313.703,-7057,-9947.14,-0.211836,-0.155995,0.00432067,-0.0713709
148,37,72,49,0.790667,0.729333,0.7225,0.863167,237.203,338.002,272.012,313.703,-7465.89,-12538.9,-0.211836,-0.180448,0.00726273,-0.0989332
0,95,69,50,0.534167,0.921667,1,0.995,227.45,345.761,270.843,358.658,3610.21,-15434.1,-0.0180309,-0.00241528,0.00347081,-0.0269853
0,95,69,52,0.534167,0.921667,1,0.931667,227.45,355.769,271.531,358.658,1346.82,-15800.9,-0.0180309,-0.00178383,0.0402994,0.0104749
0,95,69,208,0.534167,0.921667,1,0.914167,227.45,345.259,262.611,358.658,3500.47,-12485.3,-0.0180309,0.0213688,0.00347077,0.00285005
0,95,69,207,0.534167,0.921667,1,0.8775,227.45,337.943,262.311,358.658,5153.86,-12205.7,-0.0180309,0.0214937,-0.0243826,-0.0371776
0,95,69,49,0.534167,0.921667,1,0.863167,227.45,338.571,270.576,358.658,5236.26,-15170.6,-0.0180309,-0.00289212,-0.0230779,-0.0663101
0,95,67,50,0.534167,0.921667,0.87869,0.995,227.45,345.761,270.585,350.842,1832.56,-15109.7,-0.0179313,-0.00241528,0.0499812,0.00187196
0,95,67,52,0.534167,0.921667,0.87869,0.931667,227.45,355.769,271.561,350.842,-430.827,-15468.9,-0.0179313,-0.00178383,0.0867369,0.0392592
0,95,67,208,0.534167,0.921667,0.87869,0.914167,227.45,345.259,262.356,350.842,1722.82,-12225.3,-0.0179313,0.0213688,0.0508866,0.0326127
0,95,67,207,0.534167,0.921667,0.87869,0.8775,227.45,337.943,261.839,350.842,3376.21,-11951.5,-0.0179313,0.0214937,0.0230409,-0.00740734
0,95,67,49,0.534167,0.921667,0.87869,0.863167,227.45,338.571,270.111,350.842,3458.61,-14851.7,-0.0179313,-0.00289212,0.0234365,-0.0374489
0,95,183,50,0.534167,0.921667,0.865833,0.995,227.45,345.761,268.568,350.712,1798.85,-14412.8,-0.0236754,-0.00241528,0.0270621,0.00220021
0,95,183,52,0.534167,0.921667,0.865833,0.931667,227.45,355.769,269.548,350.712,-464.53,-14751.7,-0.0236754,-0.00178383,0.0640914,0.039861
0,95,183,208,0.534167,0.921667,0.865833,0.914167,227.45,345.259,260.339,350.712,1689.12,-11528.6,-0.0236754,0.0213688,0.0279849,0.0329583
0,95,183,207,0.534167,0.921667,0.865833,0.8775,227.45,337.943,259.82,350.712,3342.51,-11269.5,-0.0236754,0.0214937,-7.6374e-05,-0.00727729
0,95,183,49,0.534167,0.921667,0.865833,0.863167,227.45,338.571,268.092,350.712,3424.9,-14169.3,-0.0236754,-0.00289212,0.000318132,-0.0373199
0,95,185,50,0.534167,0.921667,0.846667,0.995,227.45,345.761,268.966,358.565,3585.18,-14786.6,-0.0232599,-0.00241528,-0.0192615,-0.0269853
0,95,185,52,0.534167,0.921667,0.846667,0.931667,227.45,355.769,269.655,358.565,1321.8,-15134.7,-0.0232599,-0.00178383,0.0178234,0.0107312
0,95,185,208,0.534167,0.921667,0.846667,0.914167,227.45,345.259,260.733,358.565,3475.45,-11837.9,-0.0232599,0.0213688,-0.0192616,0.00284998
0,95,185,207,0.534167,0.921667,0.846667,0.8775,227.45,337.943,260.435,358.565,5128.84,-11572,-0.0232599,0.0214937,-0.0473157,-0.0373785
0,95,185,49,0.534167,0.921667,0.846667,0.863167,227.45,338.571,268.7,358.565,5211.24,-14536.6,-0.0232599,-0.00289212,-0.0459958,-0.0664957
0,95,72,50,0.534167,0.921667,0.7225,0.995,227.45,345.761,271.901,372.99,6869.9,-16028.9,-0.0182026,-0.00241528,0.0203122,-0.079662
0,95,72,52,0.534167,0.921667,0.7225,0.931667,227.45,355.769,272.062,372.99,4606.52,-16409.7,-0.0182026,-0.00178383,0.0571156,-0.0422271
0,95,72,208,0.534167,0.921667,0.7225,0.914167,227.45,345.259,263.68,372.99,6760.17,-12962.3,-0.0182026,0.0213688,0.0186683,-0.0514706
0,95,72,207,0.534167,0.921667,0.7225,0.8775,227.45,337.943,263.778,372.99,8413.56,-12671.9,-0.0182026,0.0214937,-0.0090719,-0.0913852
0,95,72,49,0.534167,0.921667,0.7225,0.863167,227.45,338.571,272.012,372.99,8495.95,-15755.3,-0.0182026,-0.00289212,-0.00612984,-0.11888
0,5,69,50,0.534167,0.918333,1,0.995,226.886,353.031,270.843,358.658,1640.73,-15660.3,-0.0499655,-0.0375261,0.00347081,-0.0262029
0,5,69,52,0.534167,0.918333,1,0.931667,226.886,363.04,271.531,358.658,-623.783,-16027.1,-0.0499655,-0.0369289,0.0402994,0.011223
0,5,69,208,0.534167,0.918333,1,0.914167,226.886,352.534,262.611,358.658,1590.86,-12711.6,-0.0499655,-0.0142316,0.00347077,0.00314283
0,5,69,207,0.534167,0.918333,1,0.8775,226.886,345.218,262.311,358.658,3245.32,-12432,-0.0499655,-0.0141031,-0.0243826,-0.0368813
0,5,69,49,0.534167,0.918333,1,0.863167,226.886,345.841,270.576,358.658,3267.59,-15396.8,-0.0499655,-0.0379766,-0.0230779,-0.0655014
0,5,67,50,0.534167,0.918333,0.87869,0.995,226.886,353.031,270.585,350.842,-132.242,-15331.3,-0.0498659,-0.0375261,0.0499812,0.00265433
0,5,67,52,0.534167,0.918333,0.87869,0.931667,226.886,363.04,271.561,350.842,-2396.76,-15690.4,-0.0498659,-0.0369289,0.0867369,0.0400073
0,5,67,208,0.534167,0.918333,0.87869,0.914167,226.886,352.534,262.356,350.842,-182.112,-12446.8,-0.0498659,-0.0142316,0.0508866,0.0329055
0,5,67,207,0.534167,0.918333,0.87869,0.8775,226.886,345.218,261.839,350.842,1472.34,-12173,-0.0498659,-0.0141031,0.0230409,-0.00711099
0,5,67,49,0.534167,0.918333,0.87869,0.863167,226.886,345.841,270.111,350.842,1494.62,-15073.3,-0.0498659,-0.0379766,0.0234365,-0.0366402
0,5,183,50,0.534167,0.918333,0.865833,0.995,226.886,353.031,268.568,350.712,-151.257,-14619.7,-0.05561,-0.0375261,0.0270621,0.00298258
0,5,183,52,0.534167,0.918333,0.865833,0.931667,226.886,363.04,269.548,350.712,-2415.77,-14958.6,-0.05561,-0.0369289,0.0640914,0.0406092
0,5,183,208,0.534167,0.918333,0.865833,0.914167,226.886,352.534,260.339,350.712,-201.128,-11735.5,-0.05561,-0.0142316,0.0279849,0.0332511
0,5,183,207,0.534167,0.918333,0.865833,0.8775,226.886,345.218,259.82,350.712,1453.33,-11476.4,-0.05561,-0.0141031,-7.6374e-05,-0.00698094
0,5,183,49,0.534167,0.918333,0.865833,0.863167,226.886,345.841,268.092,350.712,1475.61,-14376.2,-0.05561,-0.0379766,0.000318132,-0.0365112
0,5,185,50,0.534167,0.918333,0.846667,0.995,226.886,353.031,268.966,358.565,1629.36,-14999.2,-0.0551945,-0.0375261,-0.0192615,-0.026203
0,5,185,52,0.534167,0.918333,0.846667,0.931667,226.886,363.04,269.655,358.565,-635.152,-15347.3,-0.0551945,-0.0369289,0.0178234,0.0114793
0,5,185,208,0.534167,0.918333,0.846667,0.914167,226.886,352.534,260.733,358.565,1579.49,-12050.5,-0.0551945,-0.0142316,-0.0192616,0.00314276
0,5,185,207,0.534167,0.918333,0.846667,0.8775,226.886,345.218,260.435,358.565,3233.95,-11784.6,-0.0551945,-0.0141031,-0.0473157,-0.0370821
0,5,185,49,0.534167,0.918333,0.846667,0.863167,226.886,345.841,268.7,358.565,3256.23,-14749.2,-0.0551945,-0.0379766,-0.0459958,-0.065687
0,5,72,50,0.534167,0.918333,0.7225,0.995,226.886,353.031,271.901,372.99,4891.85,-16263.7,-0.0501371,-0.0375261,0.0203122,-0.0788797
0,5,72,52,0.534167,0.918333,0.7225,0.931667,226.886,363.04,272.062,372.99,2627.34,-16644.5,-0.0501371,-0.0369289,0.0571156,-0.041479
0,5,72,208,0.534167,0.918333,0.7225,0.914167,226.886,352.534,263.68,372.99,4841.98,-13197.1,-0.0501371,-0.0142316,0.0186683,-0.0511779
0,5,72,207,0.534167,0.918333,0.7225,0.8775,226.886,345.218,263.778,372.99,6496.44,-12906.8,-0.0501371,-0.0141031,-0.0090719,-0.0910888
0,5,72,49,0.534167,0.918333,0.7225,0.863167,226.886,345.841,272.012,372.99,6518.71,-15990.1,-0.0501371,-0.0379766,-0.00612984,-0.118071
0,2,69,50,0.534167,0.866,1,0.995,233.26,352.46,270.843,358.658,1686.82,-13375.3,-0.0499655,0.036693,0.00347081,-0.00820789
0,2,69,52,0.534167,0.866,1,0.931667,233.26,362.471,271.531,358.658,-641.306,-13742.1,-0.0499655,0.0367942,0.0402994,0.028722
0,2,69,208,0.534167,0.866,1,0.914167,233.26,352.111,262.611,358.658,1635.55,-10426.5,-0.0499655,0.0600419,0.00347077,0.0211923
0,2,69,207,0.534167,0.866,1,0.8775,233.26,344.797,262.311,358.658,3336.48,-10146.9,-0.0499655,0.0605535,-0.0243826,-0.0184488
0,2,69,49,0.534167,0.866,1,0.863167,233.26,345.268,270.576,358.658,3359.38,-13111.8,-0.0499655,0.0366166,-0.0230779,-0.0471323
0,2,67,50,0.534167,0.866,0.87869,0.995,233.26,352.46,270.585,350.842,-135.957,-13096,-0.0498659,0.036693,0.0499812,0.0206493
0,2,67,52,0.534167,0.866,0.87869,0.931667,233.26,362.471,271.561,350.842,-2464.08,-13455.2,-0.0498659,0.0367942,0.0867369,0.0575063
0,2,67,208,0.534167,0.866,0.87869,0.914167,233.26,352.111,262.356,350.842,-187.229,-10211.6,-0.0498659,0.0600419,0.0508866,0.0509549
0,2,67,207,0.534167,0.866,0.87869,0.8775,233.26,344.797,261.839,350.842,1513.7,-9937.77,-0.0498659,0.0605535,0.0230409,0.0113215
0,2,67,49,0.534167,0.866,0.87869,0.863167,233.26,345.268,270.111,350.842,1536.61,-12838,-0.0498659,0.0366166,0.0234365,-0.0182711
0,2,183,50,0.534167,0.866,0.865833,0.995,233.26,352.46,268.568,350.712,-155.507,-12384.9,-0.05561,0.036693,0.0270621,0.0209776
0,2,183,52,0.534167,0.866,0.865833,0.931667,233.26,362.471,269.548,350.712,-2483.63,-12723.9,-0.05561,0.0367942,0.0640914,0.0581081
0,2,183,208,0.534167,0.866,0.865833,0.914167,233.26,352.111,260.339,350.712,-206.779,-9500.73,-0.05561,0.0600419,0.0279849,0.0513006
0,2,183,207,0.534167,0.866,0.865833,0.8775,233.26,344.797,259.82,350.712,1494.15,-9241.7,-0.05561,0.0605535,-7.6374e-05,0.0114516
0,2,183,49,0.534167,0.866,0.865833,0.863167,233.26,345.268,268.092,350.712,1517.06,-12141.5,-0.05561,0.0366166,0.000318132,-0.0181421
0,2,185,50,0.534167,0.866,0.846667,0.995,233.26,352.46,268.966,358.565,1675.13,-12714.5,-0.0551945,0.036693,-0.0192615,-0.00820796
0,2,185,52,0.534167,0.866,0.846667,0.931667,233.26,362.471,269.655,358.565,-652.995,-13062.5,-0.0551945,0.0367942,0.0178234,0.0289783
0,2,185,208,0.534167,0.866,0.846667,0.914167,233.26,352.111,260.733,358.565,1623.86,-9765.76,-0.0551945,0.0600419,-0.0192616,0.0211922
0,2,185,207,0.534167,0.866,0.846667,0.8775,233.26,344.797,260.435,358.565,3324.79,-9499.84,-0.0551945,0.0605535,-0.0473157,-0.0186496
0,2,185,49,0.534167,0.866,0.846667,0.863167,233.26,345.268,268.7,358.565,3347.69,-12464.5,-0.0551945,0.0366166,-0.0459958,-0.0473179
0,2,72,50,0.534167,0.866,0.7225,0.995,233.26,352.46,271.901,372.99,5029.26,-13887.3,-0.0501371,0.036693,0.0203122,-0.0608847
0,2,72,52,0.534167,0.866,0.7225,0.931667,233.26,362.471,272.062,372.99,2701.14,-14268.1,-0.0501371,0.0367942,0.0571156,-0.02398
0,2,72,208,0.534167,0.866,0.7225,0.914167,233.26,352.111,263.68,372.99,4977.99,-10820.7,-0.0501371,0.0600419,0.0186683,-0.0331284
0,2,72,207,0.534167,0.866,0.7225,0.8775,233.26,344.797,263.778,372.99,6678.92,-10530.4,-0.0501371,0.0605535,-0.0090719,-0.0726563
0,2,72,49,0.534167,0.866,0.7225,0.863167,233.26,345.268,272.012,372.99,6701.82,-13613.7,-0.0501371,0.0366166,-0.00612984,-0.0997024
0,104,69,50,0.534167,0.765667,1,0.995,228.121,339.495,270.843,358.658,5307.37,-15239.1,0.00933812,0.0287958,0.00347081,-0.0276863
0,104,69,52,0.534167,0.765667,1,0.931667,228.121,349.503,271.531,358.658,3044.96,-15605.9,0.00933812,0.0294586,0.0402994,0.00980515
0,104,69,208,0.534167,0.765667,1,0.914167,228.121,338.99,262.611,358.658,5146.05,-12290.4,0.00933812,0.0530186,0.00347077,0.00258767
0,104,69,207,0.534167,0.765667,1,0.8775,228.121,331.674,262.311,358.658,6798.53,-12010.7,0.00933812,0.05314,-0.0243826,-0.0374435
0,104,69,49,0.534167,0.765667,1,0.863167,228.121,332.305,270.576,358.658,6932.72,-14975.6,0.00933812,0.0282948,-0.0230779,-0.0670354
0,104,67,50,0.534167,0.765667,0.87869,0.995,228.121,339.495,270.585,350.842,3525.69,-14918.8,0.00943766,0.0287958,0.0499812,0.00117089
0,104,67,52,0.534167,0.765667,0.87869,0.931667,228.121,349.503,271.561,350.842,1263.28,-15277.9,0.00943766,0.0294586,0.0867369,0.0385895
0,104,67,208,0.534167,0.765667,0.87869,0.914167,228.121,338.99,262.356,350.842,3364.37,-12034.3,0.00943766,0.0530186,0.0508866,0.0323503
0,104,67,207,0.534167,0.765667,0.87869,0.8775,228.121,331.674,261.839,350.842,5016.84,-11760.5,0.00943766,0.05314,0.0230409,-0.00767318
0,104,67,49,0.534167,0.765667,0.87869,0.863167,228.121,332.305,270.111,350.842,5151.04,-14660.8,0.00943766,0.0282948,0.0234365,-0.0381742
0,104,183,50,0.534167,0.765667,0.865833,0.995,228.121,339.495,268.568,350.712,3479.33,-14234.5,0.00369356,0.0287958,0.0270621,0.00149914
0,104,183,52,0.534167,0.765667,0.865833,0.931667,228.121,349.503,269.548,350.712,1216.92,-14573.5,0.00369356,0.0294586,0.0640914,0.0391913
0,104,183,208,0.534167,0.765667,0.865833,0.914167,228.121,338.99,260.339,350.712,3318.01,-11350.3,0.00369356,0.0530186,0.0279849,0.0326959
0,104,183,207,0.534167,0.765667,0.865833,0.8775,228.121,331.674,259.82,350.712,4970.48,-11091.3,0.00369356,0.05314,-7.6374e-05,-0.00754313
0,104,183,49,0.534167,0.765667,0.865833,0.863167,228.121,332.305,268.092,350.712,5104.68,-13991,0.00369356,0.0282948,0.000318132,-0.0380452
0,104,185,50,0.534167,0.765667,0.846667,0.995,228.121,339.495,268.966,358.565,5270.58,-14603.4,0.00410912,0.0287958,-0.0192615,-0.0276864
0,104,185,52,0.534167,0.765667,0.846667,0.931667,228.121,349.503,269.655,358.565,3008.18,-14951.5,0.00410912,0.0294586,0.0178234,0.0100614
0,104,185,208,0.534167,0.765667,0.846667,0.914167,228.121,338.99,260.733,358.565,5109.26,-11654.7,0.00410912,0.0530186,-0.0192616,0.0025876
0,104,185,207,0.534167,0.765667,0.846667,0.8775,228.121,331.674,260.435,358.565,6761.74,-11388.8,0.00410912,0.05314,-0.0473157,-0.0376443
0,104,185,49,0.534167,0.765667,0.846667,0.863167,228.121,332.305,268.7,358.565,6895.94,-14353.4,0.00410912,0.0282948,-0.0459958,-0.0672209
0,104,72,50,0.534167,0.765667,0.7225,0.995,228.121,339.495,271.901,372.99,8574.46,-15826.5,0.00916646,0.0287958,0.0203122,-0.0803631
0,104,72,52,0.534167,0.765667,0.7225,0.931667,228.121,349.503,272.062,372.99,6312.05,-16207.3,0.00916646,0.0294586,0.0571156,-0.0428968
0,104,72,208,0.534167,0.765667,0.7225,0.914167,228.121,338.99,263.68,372.99,8413.14,-12759.9,0.00916646,0.0530186,0.0186683,-0.051733
0,104,72,207,0.534167,0.765667,0.7225,0.8775,228.121,331.674,263.778,372.99,10065.6,-12469.6,0.00916646,0.05314,-0.0090719,-0.091651
0,104,72,49,0.534167,0.765667,0.7225,0.863167,228.121,332.305,272.012,372.99,10199.8,-15552.9,0.00916646,0.0282948,-0.00612984,-0.119605
0,37,69,50,0.534167,0.729333,1,0.995,234.217,345.194,270.843,358.658,3648.29,-13006.6,-0.0191255,0.0722464,0.00347081,-0.00745305
0,37,69,52,0.534167,0.729333,1,0.931667,234.217,355.204,271.531,358.658,1317.29,-13373.4,-0.0191255,0.0723284,0.0402994,0.0294576
0,37,69,208,0.534167,0.729333,1,0.914167,234.217,344.853,262.611,358.658,3537.4,-10057.8,-0.0191255,0.0960879,0.00347077,0.0224397
0,37,69,207,0.534167,0.729333,1,0.8775,234.217,337.539,262.311,358.658,5240.19,-9778.2,-0.0191255,0.0966375,-0.0243826,-0.0171634
0,37,69,49,0.534167,0.729333,1,0.863167,234.217,338.002,270.576,358.658,5322.92,-12743.1,-0.0191255,0.0721844,-0.0230779,-0.0463631
0,37,67,50,0.534167,0.729333,0.87869,0.995,234.217,345.194,270.585,350.842,1817.73,-12735.1,-0.019026,0.0722464,0.0499812,0.0214042
0,37,67,52,0.534167,0.729333,0.87869,0.931667,234.217,355.204,271.561,350.842,-513.264,-13094.3,-0.019026,0.0723284,0.0867369,0.058242
0,37,67,208,0.534167,0.729333,0.87869,0.914167,234.217,344.853,262.356,350.842,1706.84,-9850.65,-0.019026,0.0960879,0.0508866,0.0522023
0,37,67,207,0.534167,0.729333,0.87869,0.8775,234.217,337.539,261.839,350.842,3409.64,-9576.86,-0.019026,0.0966375,0.0230409,0.0126069
0,37,67,49,0.534167,0.729333,0.87869,0.863167,234.217,338.002,270.111,350.842,3492.36,-12477.1,-0.019026,0.0721844,0.0234365,-0.0175019
0,37,183,50,0.534167,0.729333,0.865833,0.995,234.217,345.194,268.568,350.712,1783.54,-12038.7,-0.0247701,0.0722464,0.0270621,0.0217324
0,37,183,52,0.534167,0.729333,0.865833,0.931667,234.217,355.204,269.548,350.712,-547.454,-12377.6,-0.0247701,0.0723284,0.0640914,0.0588438
0,37,183,208,0.534167,0.729333,0.865833,0.914167,234.217,344.853,260.339,350.712,1672.65,-9154.46,-0.0247701,0.0960879,0.0279849,0.052548
0,37,183,207,0.534167,0.729333,0.865833,0.8775,234.217,337.539,259.82,350.712,3375.45,-8895.43,-0.0247701,0.0966375,-7.6374e-05,0.012737
0,37,183,49,0.534167,0.729333,0.865833,0.863167,234.217,338.002,268.092,350.712,3458.17,-11795.2,-0.0247701,0.0721844,0.000318132,-0.0173728
0,37,185,50,0.534167,0.729333,0.846667,0.995,234.217,345.194,268.966,358.565,3623.01,-12359.4,-0.0243545,0.0722464,-0.0192615,-0.00745312
0,37,185,52,0.534167,0.729333,0.846667,0.931667,234.217,355.204,269.655,358.565,1292.01,-12707.4,-0.0243545,0.0723284,0.0178234,0.0297139
0,37,185,208,0.534167,0.729333,0.846667,0.914167,234.217,344.853,260.733,358.565,3512.11,-9410.66,-0.0243545,0.0960879,-0.0192616,0.0224396
0,37,185,207,0.534167,0.729333,0.846667,0.8775,234.217,337.539,260.435,358.565,5214.91,-9144.75,-0.0243545,0.0966375,-0.0473157,-0.0173642
0,37,185,49,0.534167,0.729333,0.846667,0.863167,234.217,338.002,268.7,358.565,5297.64,-12109.4,-0.0243545,0.0721844,-0.0459958,-0.0465486
0,37,72,50,0.534167,0.729333,0.7225,0.995,234.217,345.194,271.901,372.99,7005.01,-13504.3,-0.0192972,0.0722464,0.0203122,-0.0601298
0,37,72,52,0.534167,0.729333,0.7225,0.931667,234.217,355.204,272.062,372.99,4674.01,-13885.2,-0.0192972,0.0723284,0.0571156,-0.0232444
0,37,72,208,0.534167,0.729333,0.7225,0.914167,234.217,344.853,263.68,372.99,6894.12,-10437.7,-0.0192972,0.0960879,0.0186683,-0.031881
0,37,72,207,0.534167,0.729333,0.7225,0.8775,234.217,337.539,263.778,372.99,8596.91,-10147.4,-0.0192972,0.0966375,-0.0090719,-0.0713709
0,37,72,49,0.534167,0.729333,0.7225,0.863167,234.217,338.002,272.012,372.99,8679.64,-13230.8,-0.0192972,0.0721844,-0.00612984,-0.0989332
24,95,69,50,0.520833,0.921667,1,0.995,227.653,345.761,270.843,354.944,2608.43,-15206.3,-0.0754713,-0.0187359,0.00291315,-0.0269853
24,95,69,52,0.520833,0.921667,1,0.931667,227.653,355.769,271.531,354.944,339.274,-15567.4,-0.0754713,-0.0181044,0.0397417,0.0104749
24,95,69,208,0.520833,0.921667,1,0.914167,227.653,345.259,262.611,354.944,2529.14,-12288.1,-0.0754713,0.00504815,0.00291311,0.00285005
24,95,69,207,0.520833,0.921667,1,0.8775,227.653,337.943,262.311,354.944,4186.87,-12012.8,-0.0754713,0.00517308,-0.0249402,-0.0371776
24,95,69,49,0.520833,0.921667,1,0.863167,227.653,338.571,270.576,354.944,4238.62,-14947,-0.0754713,-0.0192127,-0.0236356,-0.0663101
24,95,67,50,0.520833,0.921667,0.87869,0.995,227.653,345.761,270.585,347.128,829.099,-14882,-0.0753832,-0.0187359,0.0494121,0.00187196
24,95,67,52,0.520833,0.921667,0.87869,0.931667,227.653,355.769,271.561,347.128,-1440.05,-15235.4,-0.0753832,-0.0181044,0.0861678,0.0392592
24,95,67,208,0.520833,0.921667,0.87869,0.914167,227.653,345.259,262.356,347.128,749.814,-12028,-0.0753832,0.00504815,0.0503175,0.0326127
24,95,67,207,0.520833,0.921667,0.87869,0.8775,227.653,337.943,261.839,347.128,2407.54,-11758.5,-0.0753832,0.00517308,0.0224718,-0.00740734
24,95,67,49,0.520833,0.921667,0.87869,0.863167,227.653,338.571,270.111,347.128,2459.3,-14628.1,-0.0753832,-0.0192127,0.0228674,-0.0374489
24,95,183,50,0.520833,0.921667,0.865833,0.995,227.653,345.761,268.568,347,802.851,-14185.1,-0.081189,-0.0187359,0.0264314,0.00220021
24,95,183,52,0.520833,0.921667,0.865833,0.931667,227.653,355.769,269.548,347,-1466.3,-14518.2,-0.081189,-0.0181044,0.0634606,0.039861
24,95,183,208,0.520833,0.921667,0.865833,0.914167,227.653,345.259,260.339,347,723.566,-11331.3,-0.081189,0.00504815,0.0273542,0.0329583
24,95,183,207,0.520833,0.921667,0.865833,0.8775,227.653,337.943,259.82,347,2381.29,-11076.6,-0.081189,0.00517308,-0.00070711,-0.00727729
24,95,183,49,0.520833,0.921667,0.865833,0.863167,227.653,338.571,268.092,347,2433.05,-13945.7,-0.081189,-0.0192127,-0.000312604,-0.0373199
24,95,185,50,0.520833,0.921667,0.846667,0.995,227.653,345.761,268.966,354.852,2590.35,-14558.9,-0.0807552,-0.0187359,-0.019874,-0.0269853
24,95,185,52,0.520833,0.921667,0.846667,0.931667,227.653,355.769,269.655,354.852,321.196,-14901.2,-0.0807552,-0.0181044,0.0172109,0.0107312
24,95,185,208,0.520833,0.921667,0.846667,0.914167,227.653,345.259,260.733,354.852,2511.06,-11640.6,-0.0807552,0.00504815,-0.0198741,0.00284998
24,95,185,207,0.520833,0.921667,0.846667,0.8775,227.653,337.943,260.435,354.852,4168.79,-11379,-0.0807552,0.00517308,-0.0479282,-0.0373785
24,95,185,49,0.520833,0.921667,0.846667,0.863167,227.653,338.571,268.7,354.852,4220.54,-14313,-0.0807552,-0.0192127,-0.0466083,-0.0664957
24,95,72,50,0.520833,0.921667,0.7225,0.995,227.653,345.761,271.901,369.276,5871.2,-15801.1,-0.0756231,-0.0187359,0.0197745,-0.079662
24,95,72,52,0.520833,0.921667,0.7225,0.931667,227.653,355.769,272.062,369.276,3602.04,-16176.2,-0.0756231,-0.0181044,0.0565778,-0.0422271
24,95,72,208,0.520833,0.921667,0.7225,0.914167,227.653,345.259,263.68,369.276,5791.91,-12765,-0.0756231,0.00504815,0.0181305,-0.0514706
24,95,72,207,0.520833,0.921667,0.7225,0.8775,227.653,337.943,263.778,369.276,7449.64,-12479,-0.0756231,0.00517308,-0.00960965,-0.0913852
24,95,72,49,0.520833,0.921667,0.7225,0.863167,227.653,338.571,272.012,369.276,7501.39,-15531.7,-0.0756231,-0.0192127,-0.00666759,-0.11888
24,5,69,50,0.520833,0.918333,1,0.995,227.208,353.031,270.843,354.944,638.95,-15428.8,-0.107405,-0.053846,0.00291315,-0.0262029
24,5,69,52,0.520833,0.918333,1,0.931667,227.208,363.04,271.531,354.944,-1631.33,-15789.9,-0.107405,-0.0532488,0.0397417,0.011223
24,5,69,208,0.520833,0.918333,1,0.914167,227.208,352.534,262.611,354.944,619.531,-12510.5,-0.107405,-0.0305516,0.00291311,0.00314283
24,5,69,207,0.520833,0.918333,1,0.8775,227.208,345.218,262.311,354.944,2278.32,-12235.2,-0.107405,-0.0304231,-0.0249402,-0.0368813
24,5,69,49,0.520833,0.918333,1,0.863167,227.208,345.841,270.576,354.944,2269.96,-15169.5,-0.107405,-0.0542965,-0.0236356,-0.0655014
24,5,67,50,0.520833,0.918333,0.87869,0.995,227.208,353.031,270.585,347.128,-1135.7,-15099.8,-0.107317,-0.053846,0.0494121,0.00265433
24,5,67,52,0.520833,0.918333,0.87869,0.931667,227.208,363.04,271.561,347.128,-3405.98,-15453.2,-0.107317,-0.0532488,0.0861678,0.0400073
24,5,67,208,0.520833,0.918333,0.87869,0.914167,227.208,352.534,262.356,347.128,-1155.12,-12245.8,-0.107317,-0.0305516,0.0503175,0.0329055
24,5,67,207,0.520833,0.918333,0.87869,0.8775,227.208,345.218,261.839,347.128,503.673,-11976.3,-0.107317,-0.0304231,0.0224718,-0.00711099
24,5,67,49,0.520833,0.918333,0.87869,0.863167,227.208,345.841,270.111,347.128,495.31,-14845.9,-0.107317,-0.0542965,0.0228674,-0.0366402
24,5,183,50,0.520833,0.918333,0.865833,0.995,227.208,353.031,268.568,347,-1147.26,-14388.2,-0.113123,-0.053846,0.0264314,0.00298258
24,5,183,52,0.520833,0.918333,0.865833,0.931667,227.208,363.04,269.548,347,-3417.54,-14721.4,-0.113123,-0.0532488,0.0634606,0.0406092
24,5,183,208,0.520833,0.918333,0.865833,0.914167,227.208,352.534,260.339,347,-1166.68,-11534.4,-0.113123,-0.0305516,0.0273542,0.0332511
24,5,183,207,0.520833,0.918333,0.865833,0.8775,227.208,345.218,259.82,347,492.112,-11279.7,-0.113123,-0.0304231,-0.00070711,-0.00698094
24,5,183,49,0.520833,0.918333,0.865833,0.863167,227.208,345.841,268.092,347,483.75,-14148.8,-0.113123,-0.0542965,-0.000312604,-0.0365112
24,5,185,50,0.520833,0.918333,0.846667,0.995,227.208,353.031,268.966,354.852,634.526,-14767.7,-0.112689,-0.053846,-0.019874,-0.026203
24,5,185,52,0.520833,0.918333,0.846667,0.931667,227.208,363.04,269.655,354.852,-1635.76,-15110,-0.112689,-0.0532488,0.0172109,0.0114793
24,5,185,208,0.520833,0.918333,0.846667,0.914167,227.208,352.534,260.733,354.852,615.106,-11849.5,-0.112689,-0.0305516,-0.0198741,0.00314276
24,5,185,207,0.520833,0.918333,0.846667,0.8775,227.208,345.218,260.435,354.852,2273.9,-11587.9,-0.112689,-0.0304231,-0.0479282,-0.0370821
24,5,185,49,0.520833,0.918333,0.846667,0.863167,227.208,345.841,268.7,354.852,2265.53,-14521.9,-0.112689,-0.0542965,-0.0466083,-0.065687
24,5,72,50,0.520833,0.918333,0.7225,0.995,227.208,353.031,271.901,369.276,3893.14,-16032.2,-0.107557,-0.053846,0.0197745,-0.0788797
24,5,72,52,0.520833,0.918333,0.7225,0.931667,227.208,363.04,272.062,369.276,1622.86,-16407.2,-0.107557,-0.0532488,0.0565778,-0.041479
24,5,72,208,0.520833,0.918333,0.7225,0.914167,227.208,352.534,263.68,369.276,3873.72,-12996,-0.107557,-0.0305516,0.0181305,-0.0511779
24,5,72,207,0.520833,0.918333,0.7225,0.8775,227.208,345.218,263.778,369.276,5532.52,-12710,-0.107557,-0.0304231,-0.00960965,-0.0910888
24,5,72,49,0.520833,0.918333,0.7225,0.863167,227.208,345.841,272.012,369.276,5524.15,-15762.8,-0.107557,-0.0542965,-0.00666759,-0.118071
24,2,69,50,0.520833,0.866,1,0.995,233.581,352.46,270.843,354.944,685.037,-13167.4,-0.10696,0.0208183,0.00291315,-0.00820789
24,2,69,52,0.520833,0.866,1,0.931667,233.581,362.471,271.531,354.944,-1648.86,-13528.4,-0.10696,0.0209196,0.0397417,0.028722
24,2,69,208,0.520833,0.866,1,0.914167,233.581,352.111,262.611,354.944,664.217,-10249.1,-0.10696,0.0441673,0.00291311,0.0211923
24,2,69,207,0.520833,0.866,1,0.8775,233.581,344.797,262.311,354.944,2369.48,-9973.8,-0.10696,0.0446788,-0.0249402,-0.0184488
24,2,69,49,0.520833,0.866,1,0.863167,233.581,345.268,270.576,354.944,2361.74,-12908,-0.10696,0.0207419,-0.0236356,-0.0471323
24,2,67,50,0.520833,0.866,0.87869,0.995,233.581,352.46,270.585,347.128,-1139.41,-12888.1,-0.106872,0.0208183,0.0494121,0.0206493
24,2,67,52,0.520833,0.866,0.87869,0.931667,233.581,362.471,271.561,347.128,-3473.31,-13241.5,-0.106872,0.0209196,0.0861678,0.0575063
24,2,67,208,0.520833,0.866,0.87869,0.914167,233.581,352.111,262.356,347.128,-1160.23,-10034.1,-0.106872,0.0441673,0.0503175,0.0509549
24,2,67,207,0.520833,0.866,0.87869,0.8775,233.581,344.797,261.839,347.128,545.03,-9764.68,-0.106872,0.0446788,0.0224718,0.0113215
24,2,67,49,0.520833,0.866,0.87869,0.863167,233.581,345.268,270.111,347.128,537.293,-12634.3,-0.106872,0.0207419,0.0228674,-0.0182711
24,2,183,50,0.520833,0.866,0.865833,0.995,233.581,352.46,268.568,347,-1151.51,-12177.1,-0.112678,0.0208183,0.0264314,0.0209776
24,2,183,52,0.520833,0.866,0.865833,0.931667,233.581,362.471,269.548,347,-3485.4,-12510.3,-0.112678,0.0209196,0.0634606,0.0581081
24,2,183,208,0.520833,0.866,0.865833,0.914167,233.581,352.111,260.339,347,-1172.33,-9323.3,-0.112678,0.0441673,0.0273542,0.0513006
24,2,183,207,0.520833,0.866,0.865833,0.8775,233.581,344.797,259.82,347,532.935,-9068.61,-0.112678,0.0446788,-0.00070711,0.0114516
24,2,183,49,0.520833,0.866,0.865833,0.863167,233.581,345.268,268.092,347,525.198,-11937.7,-0.112678,0.0207419,-0.000312604,-0.0181421
24,2,185,50,0.520833,0.866,0.846667,0.995,233.581,352.46,268.966,354.852,680.293,-12506.6,-0.112244,0.0208183,-0.019874,-0.00820796
24,2,185,52,0.520833,0.866,0.846667,0.931667,233.581,362.471,269.655,354.852,-1653.6,-12848.9,-0.112244,0.0209196,0.0172109,0.0289783
24,2,185,208,0.520833,0.866,0.846667,0.914167,233.581,352.111,260.733,354.852,659.472,-9588.33,-0.112244,0.0441673,-0.0198741,0.0211922
24,2,185,207,0.520833,0.866,0.846667,0.8775,233.581,344.797,260.435,354.852,2364.74,-9326.75,-0.112244,0.0446788,-0.0479282,-0.0186496
24,2,185,49,0.520833,0.866,0.846667,0.863167,233.581,345.268,268.7,354.852,2357,-12260.7,-0.112244,0.0207419,-0.0466083,-0.0473179
24,2,72,50,0.520833,0.866,0.7225,0.995,233.581,352.46,271.901,369.276,4030.56,-13679.4,-0.107112,0.0208183,0.0197745,-0.0608847
24,2,72,52,0.520833,0.866,0.7225,0.931667,233.581,362.471,272.062,369.276,1696.66,-14054.5,-0.107112,0.0209196,0.0565778,-0.02398
24,2,72,208,0.520833,0.866,0.7225,0.914167,233.581,352.111,263.68,369.276,4009.73,-10643.3,-0.107112,0.0441673,0.0181305,-0.0331284
24,2,72,207,0.520833,0.866,0.7225,0.8775,233.581,344.797,263.778,369.276,5715,-10357.3,-0.107112,0.0446788,-0.00960965,-0.0726563
24,2,72,49,0.520833,0.866,0.7225,0.863167,233.581,345.268,272.012,369.276,5707.26,-13410,-0.107112,0.0207419,-0.00666759,-0.0997024
24,104,69,50,0.520833,0.765667,1,0.995,228.222,339.495,270.843,354.944,4305.59,-15014.6,-0.0480763,0.0125012,0.00291315,-0.0276863
24,104,69,52,0.520833,0.765667,1,0.931667,228.222,349.503,271.531,354.944,2037.41,-15375.7,-0.0480763,0.013164,0.0397417,0.00980515
24,104,69,208,0.520833,0.765667,1,0.914167,228.222,338.99,262.611,354.944,4174.72,-12096.3,-0.0480763,0.036724,0.00291311,0.00258767
24,104,69,207,0.520833,0.765667,1,0.8775,228.222,331.674,262.311,354.944,5831.53,-11821,-0.0480763,0.0368454,-0.0249402,-0.0374435
24,104,69,49,0.520833,0.765667,1,0.863167,228.222,332.305,270.576,354.944,5935.09,-14755.3,-0.0480763,0.0120002,-0.0236356,-0.0670354
24,104,67,50,0.520833,0.765667,0.87869,0.995,228.222,339.495,270.585,347.128,2522.23,-14694.3,-0.0479882,0.0125012,0.0494121,0.00117089
24,104,67,52,0.520833,0.765667,0.87869,0.931667,228.222,349.503,271.561,347.128,254.057,-15047.7,-0.0479882,0.013164,0.0861678,0.0385895
24,104,67,208,0.520833,0.765667,0.87869,0.914167,228.222,338.99,262.356,347.128,2391.36,-11840.3,-0.0479882,0.036724,0.0503175,0.0323503
24,104,67,207,0.520833,0.765667,0.87869,0.8775,228.222,331.674,261.839,347.128,4048.17,-11570.8,-0.0479882,0.0368454,0.0224718,-0.00767318
24,104,67,49,0.520833,0.765667,0.87869,0.863167,228.222,332.305,270.111,347.128,4151.73,-14440.4,-0.0479882,0.0120002,0.0228674,-0.0381742
24,104,183,50,0.520833,0.765667,0.865833,0.995,228.222,339.495,268.568,347,2483.33,-14010,-0.0537939,0.0125012,0.0264314,0.00149914
24,104,183,52,0.520833,0.765667,0.865833,0.931667,228.222,349.503,269.548,347,215.152,-14343.2,-0.0537939,0.013164,0.0634606,0.0391913
24,104,183,208,0.520833,0.765667,0.865833,0.914167,228.222,338.99,260.339,347,2352.46,-11156.3,-0.0537939,0.036724,0.0273542,0.0326959
24,104,183,207,0.520833,0.765667,0.865833,0.8775,228.222,331.674,259.82,347,4009.27,-10901.6,-0.0537939,0.0368454,-0.00070711,-0.00754313
24,104,183,49,0.520833,0.765667,0.865833,0.863167,228.222,332.305,268.092,347,4112.83,-13770.7,-0.0537939,0.0120002,-0.000312604,-0.0380452
24,104,185,50,0.520833,0.765667,0.846667,0.995,228.222,339.495,268.966,354.852,4275.75,-14379,-0.0533601,0.0125012,-0.019874,-0.0276864
24,104,185,52,0.520833,0.765667,0.846667,0.931667,228.222,349.503,269.655,354.852,2007.57,-14721.2,-0.0533601,0.013164,0.0172109,0.0100614
24,104,185,208,0.520833,0.765667,0.846667,0.914167,228.222,338.99,260.733,354.852,4144.88,-11460.7,-0.0533601,0.036724,-0.0198741,0.0025876
24,104,185,207,0.520833,0.765667,0.846667,0.8775,228.222,331.674,260.435,354.852,5801.69,-11199.1,-0.0533601,0.0368454,-0.0479282,-0.0376443
24,104,185,49,0.520833,0.765667,0.846667,0.863167,228.222,332.305,268.7,354.852,5905.25,-14133.1,-0.0533601,0.0120002,-0.0466083,-0.0672209
24,104,72,50,0.520833,0.765667,0.7225,0.995,228.222,339.495,271.901,369.276,7575.75,-15602,-0.0482281,0.0125012,0.0197745,-0.0803631
24,104,72,52,0.520833,0.765667,0.7225,0.931667,228.222,349.503,272.062,369.276,5307.58,-15977.1,-0.0482281,0.013164,0.0565778,-0.0428968
24,104,72,208,0.520833,0.765667,0.7225,0.914167,228.222,338.99,263.68,369.276,7444.88,-12565.9,-0.0482281,0.036724,0.0181305,-0.051733
24,104,72,207,0.520833,0.765667,0.7225,0.8775,228.222,331.674,263.778,369.276,9101.69,-12279.9,-0.0482281,0.0368454,-0.00960965,-0.091651
24,104,72,49,0.520833,0.765667,0.7225,0.863167,228.222,332.305,272.012,369.276,9205.25,-15332.6,-0.0482281,0.0120002,-0.00666759,-0.119605
24,37,69,50,0.520833,0.729333,1,0.995,234.423,345.194,270.843,354.944,2646.51,-12803.9,-0.0760938,0.056398,0.00291315,-0.00745305
24,37,69,52,0.520833,0.729333,1,0.931667,234.423,355.204,271.531,354.944,309.745,-13165,-0.0760938,0.05648,0.0397417,0.0294576
24,37,69,208,0.520833,0.729333,1,0.914167,234.423,344.853,262.611,354.944,2566.07,-9885.65,-0.0760938,0.0802395,0.00291311,0.0224397
24,37,69,207,0.520833,0.729333,1,0.8775,234.423,337.539,262.311,354.944,4273.2,-9610.35,-0.0760938,0.0807891,-0.0249402,-0.0171634
24,37,69,49,0.520833,0.729333,1,0.863167,234.423,338.002,270.576,354.944,4325.29,-12544.6,-0.0760938,0.056336,-0.0236356,-0.0463631
24,37,67,50,0.520833,0.729333,0.87869,0.995,234.423,345.194,270.585,347.128,814.278,-12532.5,-0.0760057,0.056398,0.0494121,0.0214042
24,37,67,52,0.520833,0.729333,0.87869,0.931667,234.423,355.204,271.561,347.128,-1522.49,-12885.9,-0.0760057,0.05648,0.0861678,0.058242
24,37,67,208,0.520833,0.729333,0.87869,0.914167,234.423,344.853,262.356,347.128,733.835,-9678.47,-0.0760057,0.0802395,0.0503175,0.0522023
24,37,67,207,0.520833,0.729333,0.87869,0.8775,234.423,337.539,261.839,347.128,2440.97,-9409.02,-0.0760057,0.0807891,0.0224718,0.0126069
24,37,67,49,0.520833,0.729333,0.87869,0.863167,234.423,338.002,270.111,347.128,2493.05,-12278.6,-0.0760057,0.056336,0.0228674,-0.0175019
24,37,183,50,0.520833,0.729333,0.865833,0.995,234.423,345.194,268.568,347,787.544,-11836,-0.0818114,0.056398,0.0264314,0.0217324
24,37,183,52,0.520833,0.729333,0.865833,0.931667,234.423,355.204,269.548,347,-1549.22,-12169.2,-0.0818114,0.05648,0.0634606,0.0588438
24,37,183,208,0.520833,0.729333,0.865833,0.914167,234.423,344.853,260.339,347,707.101,-8982.28,-0.0818114,0.0802395,0.0273542,0.052548
24,37,183,207,0.520833,0.729333,0.865833,0.8775,234.423,337.539,259.82,347,2414.23,-8727.58,-0.0818114,0.0807891,-0.00070711,0.012737
24,37,183,49,0.520833,0.729333,0.865833,0.863167,234.423,338.002,268.092,347,2466.32,-11596.7,-0.0818114,0.056336,-0.000312604,-0.0173728
24,37,185,50,0.520833,0.729333,0.846667,0.995,234.423,345.194,268.966,354.852,2628.17,-12156.8,-0.0813776,0.056398,-0.019874,-0.00745312
24,37,185,52,0.520833,0.729333,0.846667,0.931667,234.423,355.204,269.655,354.852,291.404,-12499,-0.0813776,0.05648,0.0172109,0.0297139
24,37,185,208,0.520833,0.729333,0.846667,0.914167,234.423,344.853,260.733,354.852,2547.73,-9238.48,-0.0813776,0.0802395,-0.0198741,0.0224396
24,37,185,207,0.520833,0.729333,0.846667,0.8775,234.423,337.539,260.435,354.852,4254.86,-8976.9,-0.0813776,0.0807891,-0.0479282,-0.0173642
24,37,185,49,0.520833,0.729333,0.846667,0.863167,234.423,338.002,268.7,354.852,4306.94,-11910.9,-0.0813776,0.056336,-0.0466083,-0.0465486
24,37,72,50,0.520833,0.729333,0.7225,0.995,234.423,345.194,271.901,369.276,6006.3,-13301.7,-0.0762455,0.056398,0.0197745,-0.0601298
24,37,72,52,0.520833,0.729333,0.7225,0.931667,234.423,355.204,272.062,369.276,3669.54,-13676.7,-0.0762455,0.05648,0.0565778,-0.0232444
24,37,72,208,0.520833,0.729333,0.7225,0.914167,234.423,344.853,263.68,369.276,5925.86,-10265.6,-0.0762455,0.0802395,0.0181305,-0.031881
24,37,72,207,0.520833,0.729333,0.7225,0.8775,234.423,337.539,263.778,369.276,7632.99,-9979.55,-0.0762455,0.0807891,-0.00960965,-0.0713709
24,37,72,49,0.520833,0.729333,0.7225,0.863167,234.423,338.002,272.012,369.276,7685.08,-13032.3,-0.0762455,0.056336,-0.00666759,-0.0989332
