178,85,182,162,0.898667,0.995556,0.931667,0.98,305.793,439.619,333.01,428.706,-3704.58,-11934.6,-0.0776662,-0.0835096,-0.00807952,-0.0288355
178,85,182,344,0.898667,0.995556,0.931667,0.974167,305.793,439.314,325.431,428.706,-3562.13,-8684.73,-0.0776662,-0.066272,-0.00866412,-0.0169307
178,85,182,346,0.898667,0.995556,0.931667,0.919,305.793,438.696,325.421,428.706,-3372.99,-8669.25,-0.0776662,-0.0662547,-0.0105648,-0.0662135
178,85,182,164,0.898667,0.995556,0.931667,0.868167,305.793,439.391,333.005,428.706,-3634.58,-11928.4,-0.0776662,-0.0835096,-0.00876678,-0.0769223
178,85,182,451,0.898667,0.995556,0.931667,0.800667,305.793,439.103,314.325,428.706,-3353.38,-3922.31,-0.0776662,-0.0409804,-0.00957165,-0.121491
178,85,181,162,0.898667,0.995556,0.929167,0.98,305.793,439.619,332.784,420.349,-6252.71,-11701.9,-0.0776662,-0.0835096,-0.0013483,-0.00374023
178,85,181,344,0.898667,0.995556,0.929167,0.974167,305.793,439.314,325.203,420.349,-6110.26,-8515.43,-0.0776662,-0.066272,-0.00134832,0.00874918
178,85,181,346,0.898667,0.995556,0.929167,0.919,305.793,438.696,325.176,420.349,-5921.12,-8500.26,-0.0776662,-0.0662547,-0.00324888,-0.0405336
178,85,181,164,0.898667,0.995556,0.929167,0.868167,305.793,439.391,332.773,420.349,-6182.71,-11695.9,-0.0776662,-0.0835096,-0.00203541,-0.0518268
178,85,181,451,0.898667,0.995556,0.929167,0.800667,305.793,439.103,314.093,420.349,-5901.52,-3845.86,-0.0776662,-0.0409804,-0.0013483,-0.0949036
178,85,183,162,0.898667,0.995556,0.915,0.98,305.793,439.619,332.904,425.678,-4627.71,-11850.3,-0.0776662,-0.0835096,0.0102741,-0.0197482
178,85,183,344,0.898667,0.995556,0.915,0.974167,305.793,439.314,325.324,425.678,-4485.26,-8623.39,-0.0776662,-0.066272,0.00990101,-0.00763178
178,85,183,346,0.898667,0.995556,0.915,0.919,305.793,438.696,325.307,425.678,-4296.12,-8608.03,-0.0776662,-0.0662547,0.0080001,-0.0569149
178,85,183,164,0.898667,0.995556,0.915,0.868167,305.793,439.391,332.897,425.678,-4557.71,-11844.1,-0.0776662,-0.0835096,0.00958676,-0.067835
178,85,183,451,0.898667,0.995556,0.915,0.800667,305.793,439.103,314.215,425.678,-4276.51,-3894.61,-0.0776662,-0.0409804,0.00932186,-0.111864
178,85,467,162,0.898667,0.995556,0.6375,0.98,305.793,439.619,338.616,420.474,-6362.28,-14262.6,-0.063798,-0.0835096,0.184373,-0.00374025
178,85,467,344,0.898667,0.995556,0.6375,0.974167,305.793,439.314,331.035,420.474,-6219.83,-11076.1,-0.063798,-0.066272,0.184373,0.00874917
178,85,467,346,0.898667,0.995556,0.6375,0.919,305.793,438.696,331.008,420.474,-6030.69,-11057.3,-0.063798,-0.0662547,0.182506,-0.0405001
178,85,467,164,0.898667,0.995556,0.6375,0.868167,305.793,439.391,338.605,420.474,-6292.28,-14255.2,-0.063798,-0.0835096,0.183698,-0.051815
178,85,467,451,0.898667,0.995556,0.6375,0.800667,305.793,439.103,319.925,420.474,-6011.09,-6406.51,-0.063798,-0.0409804,0.184373,-0.0949036
178,85,471,162,0.898667,0.995556,0.578333,0.98,305.793,439.619,367.333,431.181,-4162.81,-27016.4,0.00197904,-0.0835096,0.244869,-0.0281548
178,85,471,344,0.898667,0.995556,0.578333,0.974167,305.793,439.314,359.753,431.181,-4020.36,-23761.9,0.00197904,-0.066272,0.244354,-0.0161798
178,85,471,346,0.898667,0.995556,0.578333,0.919,305.793,438.696,359.742,431.181,-3831.22,-23725.2,0.00197904,-0.0662547,0.242635,-0.0652813
178,85,471,164,0.898667,0.995556,0.578333,0.868167,305.793,439.391,367.327,431.181,-4092.81,-27002.3,0.00197904,-0.0835096,0.244246,-0.0761773
178,85,471,451,0.898667,0.995556,0.578333,0.800667,305.793,439.103,348.647,431.181,-3811.62,-18992.7,0.00197904,-0.0409804,0.24356,-0.120627
178,125,182,162,0.898667,0.995,0.931667,0.98,305.769,435.498,333.01,428.706,-2332.38,-11822.7,-0.0641869,-0.069295,-0.00807952,-0.0288355
178,125,182,344,0.898667,0.995,0.931667,0.974167,305.769,435.193,325.431,428.706,-2221.14,-8572.83,-0.0641869,-0.0518941,-0.00866412,-0.0167673
178,125,182,346,0.898667,0.995,0.931667,0.919,305.769,434.574,325.421,428.706,-2031.99,-8557.35,-0.0641869,-0.0518764,-0.0105648,-0.0660498
178,125,182,164,0.898667,0.995,0.931667,0.868167,305.769,435.269,333.005,428.706,-2262.38,-11816.5,-0.0641869,-0.069295,-0.00876678,-0.0769223
178,125,182,451,0.898667,0.995,0.931667,0.800667,305.769,434.985,314.325,428.706,-2058.13,-3810.41,-0.0641869,-0.026363,-0.00957165,-0.121088
178,125,181,162,0.898667,0.995,0.929167,0.98,305.769,435.498,332.784,420.349,-4882.69,-11592.2,-0.0641869,-0.069295,-0.0013483,-0.00374023
178,125,181,344,0.898667,0.995,0.929167,0.974167,305.769,435.193,325.203,420.349,-4771.45,-8405.71,-0.0641869,-0.0518941,-0.00134832,0.0089125
178,125,181,346,0.898667,0.995,0.929167,0.919,305.769,434.574,325.176,420.349,-4582.3,-8390.54,-0.0641869,-0.0518764,-0.00324888,-0.0403699
178,125,181,164,0.898667,0.995,0.929167,0.868167,305.769,435.269,332.773,420.349,-4812.69,-11586.1,-0.0641869,-0.069295,-0.00203541,-0.0518268
178,125,181,451,0.898667,0.995,0.929167,0.800667,305.769,434.985,314.093,420.349,-4608.45,-3736.14,-0.0641869,-0.026363,-0.0013483,-0.0945007
178,125,183,162,0.898667,0.995,0.915,0.98,305.769,435.498,332.904,425.678,-3256.3,-11739.2,-0.0641869,-0.069295,0.0102741,-0.0197482
178,125,183,344,0.898667,0.995,0.915,0.974167,305.769,435.193,325.324,425.678,-3145.06,-8512.28,-0.0641869,-0.0518941,0.00990101,-0.00746846
178,125,183,346,0.898667,0.995,0.915,0.919,305.769,434.574,325.307,425.678,-2955.91,-8496.92,-0.0641869,-0.0518764,0.0080001,-0.0567512
178,125,183,164,0.898667,0.995,0.915,0.868167,305.769,435.269,332.897,425.678,-3186.3,-11733,-0.0641869,-0.069295,0.00958676,-0.067835
178,125,183,451,0.898667,0.995,0.915,0.800667,305.769,434.985,314.215,425.678,-2982.05,-3783.5,-0.0641869,-0.026363,0.00932186,-0.111461
178,125,467,162,0.898667,0.995,0.6375,0.98,305.769,435.498,338.616,420.474,-4968.26,-14128.9,-0.0503187,-0.069295,0.184373,-0.00374025
178,125,467,344,0.898667,0.995,0.6375,0.974167,305.769,435.193,331.035,420.474,-4857.02,-10942.4,-0.0503187,-0.0518941,0.184373,0.00891248
178,125,467,346,0.898667,0.995,0.6375,0.919,305.769,434.574,331.008,420.474,-4667.87,-10923.6,-0.0503187,-0.0518764,0.182506,-0.0403365
178,125,467,164,0.898667,0.995,0.6375,0.868167,305.769,435.269,338.605,420.474,-4898.26,-14121.4,-0.0503187,-0.069295,0.183698,-0.051815
178,125,467,451,0.898667,0.995,0.6375,0.800667,305.769,434.985,319.925,420.474,-4694.01,-6272.78,-0.0503187,-0.026363,0.184373,-0.0945007
178,125,471,162,0.898667,0.995,0.578333,0.98,305.769,435.498,367.333,431.181,-2649.21,-26763.1,0.0154584,-0.069295,0.244869,-0.0281548
178,125,471,344,0.898667,0.995,0.578333,0.974167,305.769,435.193,359.753,431.181,-2537.97,-23508.6,0.0154584,-0.0518941,0.244354,-0.0160165
178,125,471,346,0.898667,0.995,0.578333,0.919,305.769,434.574,359.742,431.181,-2348.82,-23471.9,0.0154584,-0.0518764,0.242635,-0.0651176
178,125,471,164,0.898667,0.995,0.578333,0.868167,305.769,435.269,367.327,431.181,-2579.21,-26749,0.0154584,-0.069295,0.244246,-0.0761773
178,125,471,451,0.898667,0.995,0.578333,0.800667,305.769,434.985,348.647,431.181,-2374.96,-18739.4,0.0154584,-0.026363,0.24356,-0.120224
178,126,182,162,0.898667,0.964167,0.931667,0.98,303.187,435.684,333.01,428.706,-2371.26,-12932,-0.0647672,-0.106333,-0.00807952,-0.0347606
178,126,182,344,0.898667,0.964167,0.931667,0.974167,303.187,435.334,325.431,428.706,-2259.63,-9682.13,-0.0647672,-0.0889429,-0.00866412,-0.0227035
178,126,182,346,0.898667,0.964167,0.931667,0.919,303.187,434.715,325.421,428.706,-2072.07,-9666.66,-0.0647672,-0.0889337,-0.0105648,-0.0719945
178,126,182,164,0.898667,0.964167,0.931667,0.868167,303.187,435.455,333.005,428.706,-2301.85,-12925.8,-0.0647672,-0.106336,-0.00876678,-0.0828504
178,126,182,451,0.898667,0.964167,0.931667,0.800667,303.187,435.06,314.325,428.706,-2096.05,-4919.71,-0.0647672,-0.0634214,-0.00957165,-0.127034
178,126,181,162,0.898667,0.964167,0.929167,0.98,303.187,435.684,332.784,420.349,-4899.95,-12679.9,-0.0647672,-0.106333,-0.0013483,-0.00966529
178,126,181,344,0.898667,0.964167,0.929167,0.974167,303.187,435.334,325.203,420.349,-4788.32,-9493.39,-0.0647672,-0.0889429,-0.00134832,0.00297635
178,126,181,346,0.898667,0.964167,0.929167,0.919,303.187,434.715,325.176,420.349,-4600.77,-9478.22,-0.0647672,-0.0889337,-0.00324888,-0.0463145
178,126,181,164,0.898667,0.964167,0.929167,0.868167,303.187,435.455,332.773,420.349,-4830.54,-12673.8,-0.0647672,-0.106336,-0.00203541,-0.057755
178,126,181,451,0.898667,0.964167,0.929167,0.800667,303.187,435.06,314.093,420.349,-4624.74,-4823.81,-0.0647672,-0.0634214,-0.0013483,-0.100446
178,126,183,162,0.898667,0.964167,0.915,0.98,303.187,435.684,332.904,425.678,-3287.35,-12840.7,-0.0647672,-0.106333,0.0102741,-0.0256732
178,126,183,344,0.898667,0.964167,0.915,0.974167,303.187,435.334,325.324,425.678,-3175.71,-9613.75,-0.0647672,-0.0889429,0.00990101,-0.0134046
178,126,183,346,0.898667,0.964167,0.915,0.919,303.187,434.715,325.307,425.678,-2988.16,-9598.39,-0.0647672,-0.0889337,0.0080001,-0.0626958
178,126,183,164,0.898667,0.964167,0.915,0.868167,303.187,435.455,332.897,425.678,-3217.94,-12834.5,-0.0647672,-0.106336,0.00958676,-0.0737631
178,126,183,451,0.898667,0.964167,0.915,0.800667,303.187,435.06,314.215,425.678,-3012.13,-4884.97,-0.0647672,-0.0634214,0.00932186,-0.117407
178,126,467,162,0.898667,0.964167,0.6375,0.98,303.187,435.684,338.616,420.474,-4985.82,-15216.8,-0.050899,-0.106333,0.184373,-0.00966531
178,126,467,344,0.898667,0.964167,0.6375,0.974167,303.187,435.334,331.035,420.474,-4874.18,-12030.3,-0.050899,-0.0889429,0.184373,0.00297634
178,126,467,346,0.898667,0.964167,0.6375,0.919,303.187,434.715,331.008,420.474,-4686.63,-12011.6,-0.050899,-0.0889337,0.182506,-0.0462811
178,126,467,164,0.898667,0.964167,0.6375,0.868167,303.187,435.455,338.605,420.474,-4916.41,-15209.4,-0.050899,-0.106336,0.183698,-0.0577432
178,126,467,451,0.898667,0.964167,0.6375,0.800667,303.187,435.06,319.925,420.474,-4710.6,-7360.76,-0.050899,-0.0634214,0.184373,-0.100446
178,126,471,162,0.898667,0.964167,0.578333,0.98,303.187,435.684,367.333,431.181,-2691.45,-27875.8,0.0148781,-0.106333,0.244869,-0.0340798
178,126,471,344,0.898667,0.964167,0.578333,0.974167,303.187,435.334,359.753,431.181,-2579.82,-24621.3,0.0148781,-0.0889429,0.244354,-0.0219526
178,126,471,346,0.898667,0.964167,0.578333,0.919,303.187,434.715,359.742,431.181,-2392.26,-24584.6,0.0148781,-0.0889337,0.242635,-0.0710623
178,126,471,164,0.898667,0.964167,0.578333,0.868167,303.187,435.455,367.327,431.181,-2622.04,-27861.7,0.0148781,-0.106336,0.244246,-0.0821055
178,126,471,451,0.898667,0.964167,0.578333,0.800667,303.187,435.06,348.647,431.181,-2416.24,-19852.1,0.0148781,-0.0634214,0.24356,-0.12617
178,86,182,162,0.898667,0.964167,0.931667,0.98,303.344,439.801,333.01,428.706,-3743.32,-12988,-0.0783439,-0.120293,-0.00807952,-0.0344087
178,86,182,344,0.898667,0.964167,0.931667,0.974167,303.344,439.453,325.431,428.706,-3600.46,-9738.14,-0.0783439,-0.103066,-0.00866412,-0.0225142
178,86,182,346,0.898667,0.964167,0.931667,0.919,303.344,438.835,325.421,428.706,-3412.83,-9722.67,-0.0783439,-0.103056,-0.0105648,-0.071805
178,86,182,164,0.898667,0.964167,0.931667,0.868167,303.344,439.572,333.005,428.706,-3673.88,-12981.8,-0.0783439,-0.120296,-0.00876678,-0.0824983
178,86,182,451,0.898667,0.964167,0.931667,0.800667,303.344,439.18,314.325,428.706,-3391.1,-4975.73,-0.0783439,-0.0777834,-0.00957165,-0.127084
178,86,181,162,0.898667,0.964167,0.929167,0.98,303.344,439.801,332.784,420.349,-6270.92,-12734.8,-0.0783439,-0.120293,-0.0013483,-0.00931338
178,86,181,344,0.898667,0.964167,0.929167,0.974167,303.344,439.453,325.203,420.349,-6128.06,-9548.31,-0.0783439,-0.103066,-0.00134832,0.00316566
178,86,181,346,0.898667,0.964167,0.929167,0.919,303.344,438.835,325.176,420.349,-5940.43,-9533.14,-0.0783439,-0.103056,-0.00324888,-0.0461251
178,86,181,164,0.898667,0.964167,0.929167,0.868167,303.344,439.572,332.773,420.349,-6201.48,-12728.7,-0.0783439,-0.120296,-0.00203541,-0.0574029
178,86,181,451,0.898667,0.964167,0.929167,0.800667,303.344,439.18,314.093,420.349,-5918.7,-4878.74,-0.0783439,-0.0777834,-0.0013483,-0.100496
178,86,183,162,0.898667,0.964167,0.915,0.98,303.344,439.801,332.904,425.678,-4659.01,-12896.3,-0.0783439,-0.120293,0.0102741,-0.0253213
178,86,183,344,0.898667,0.964167,0.915,0.974167,303.344,439.453,325.324,425.678,-4516.15,-9669.37,-0.0783439,-0.103066,0.00990101,-0.0132153
178,86,183,346,0.898667,0.964167,0.915,0.919,303.344,438.835,325.307,425.678,-4328.53,-9654.01,-0.0783439,-0.103056,0.0080001,-0.0625064
178,86,183,164,0.898667,0.964167,0.915,0.868167,303.344,439.572,332.897,425.678,-4589.57,-12890.1,-0.0783439,-0.120296,0.00958676,-0.073411
178,86,183,451,0.898667,0.964167,0.915,0.800667,303.344,439.18,314.215,425.678,-4306.8,-4940.59,-0.0783439,-0.0777834,0.00932186,-0.117457
178,86,467,162,0.898667,0.964167,0.6375,0.98,303.344,439.801,338.616,420.474,-6380.81,-15295.8,-0.0644757,-0.120293,0.184373,-0.0093134
178,86,467,344,0.898667,0.964167,0.6375,0.974167,303.344,439.453,331.035,420.474,-6237.94,-12109.3,-0.0644757,-0.103066,0.184373,0.00316564
178,86,467,346,0.898667,0.964167,0.6375,0.919,303.344,438.835,331.008,420.474,-6050.32,-12090.5,-0.0644757,-0.103056,0.182506,-0.0460916
178,86,467,164,0.898667,0.964167,0.6375,0.868167,303.344,439.572,338.605,420.474,-6311.37,-15288.4,-0.0644757,-0.120296,0.183698,-0.057391
178,86,467,451,0.898667,0.964167,0.6375,0.800667,303.344,439.18,319.925,420.474,-6028.59,-7439.71,-0.0644757,-0.0777834,0.184373,-0.100496
178,86,471,162,0.898667,0.964167,0.578333,0.98,303.344,439.801,367.333,431.181,-4204.93,-28073.2,0.00130138,-0.120293,0.244869,-0.0337279
178,86,471,344,0.898667,0.964167,0.578333,0.974167,303.344,439.453,359.753,431.181,-4062.07,-24818.7,0.00130138,-0.103066,0.244354,-0.0217633
178,86,471,346,0.898667,0.964167,0.578333,0.919,303.344,438.835,359.742,431.181,-3874.45,-24782,0.00130138,-0.103056,0.242635,-0.0708728
178,86,471,164,0.898667,0.964167,0.578333,0.868167,303.344,439.572,367.327,431.181,-4135.49,-28059.1,0.00130138,-0.120296,0.244246,-0.0817533
178,86,471,451,0.898667,0.964167,0.578333,0.800667,303.344,439.18,348.647,431.181,-3852.72,-20049.5,0.00130138,-0.0777834,0.24356,-0.12622
178,159,182,162,0.898667,0.618857,0.931667,0.98,306.333,417.179,333.01,428.706,3766.27,-11325.4,-0.00435069,0.175536,-0.00807952,-0.0288355
178,159,182,344,0.898667,0.618857,0.931667,0.974167,306.333,416.877,325.431,428.706,3738.79,-8075.52,-0.00435069,0.193702,-0.00866412,-0.0160029
178,159,182,346,0.898667,0.618857,0.931667,0.919,306.333,416.258,325.421,428.706,3928,-8060.05,-0.00435069,0.193721,-0.0105648,-0.0652834
178,159,182,164,0.898667,0.618857,0.931667,0.868167,306.333,416.95,333.005,428.706,3836.27,-11319.2,-0.00435069,0.175536,-0.00876678,-0.0769223
178,159,182,451,0.898667,0.618857,0.931667,0.800667,306.333,416.684,314.325,428.706,3698.52,-3313.11,-0.00435069,0.220355,-0.00957165,-0.119201
178,159,181,162,0.898667,0.618857,0.929167,0.98,306.333,417.179,332.784,420.349,1206.26,-11104.6,-0.00435069,0.175536,-0.0013483,-0.00374023
178,159,181,344,0.898667,0.618857,0.929167,0.974167,306.333,416.877,325.203,420.349,1178.78,-7918.1,-0.00435069,0.193702,-0.00134832,0.00967699
178,159,181,346,0.898667,0.618857,0.929167,0.919,306.333,416.258,325.176,420.349,1367.99,-7902.93,-0.00435069,0.193721,-0.00324888,-0.0396035
178,159,181,164,0.898667,0.618857,0.929167,0.868167,306.333,416.95,332.773,420.349,1276.26,-11098.5,-0.00435069,0.175536,-0.00203541,-0.0518268
178,159,181,451,0.898667,0.618857,0.929167,0.800667,306.333,416.684,314.093,420.349,1138.51,-3248.52,-0.00435069,0.220355,-0.0013483,-0.0926139
178,159,183,162,0.898667,0.618857,0.915,0.98,306.333,417.179,332.904,425.678,2838.84,-11245.4,-0.00435069,0.175536,0.0102741,-0.0197482
178,159,183,344,0.898667,0.618857,0.915,0.974167,306.333,416.877,325.324,425.678,2811.36,-8018.49,-0.00435069,0.193702,0.00990101,-0.00670397
178,159,183,346,0.898667,0.618857,0.915,0.919,306.333,416.258,325.307,425.678,3000.57,-8003.13,-0.00435069,0.193721,0.0080001,-0.0559848
178,159,183,164,0.898667,0.618857,0.915,0.868167,306.333,416.95,332.897,425.678,2908.84,-11239.2,-0.00435069,0.175536,0.00958676,-0.067835
178,159,183,451,0.898667,0.618857,0.915,0.800667,306.333,416.684,314.215,425.678,2771.09,-3289.71,-0.00435069,0.220355,0.00932186,-0.109574
178,159,467,162,0.898667,0.618857,0.6375,0.98,306.333,417.179,338.616,420.474,1227.4,-13534.6,0.00951752,0.175536,0.184373,-0.00374025
178,159,467,344,0.898667,0.618857,0.6375,0.974167,306.333,416.877,331.035,420.474,1199.92,-10348,0.00951752,0.193702,0.184373,0.00967697
178,159,467,346,0.898667,0.618857,0.6375,0.919,306.333,416.258,331.008,420.474,1389.13,-10329.3,0.00951752,0.193721,0.182506,-0.0395701
178,159,467,164,0.898667,0.618857,0.6375,0.868167,306.333,416.95,338.605,420.474,1297.4,-13527.1,0.00951752,0.175536,0.183698,-0.051815
178,159,467,451,0.898667,0.618857,0.6375,0.800667,306.333,416.684,319.925,420.474,1159.65,-5678.46,0.00951752,0.220355,0.184373,-0.0926139
178,159,471,162,0.898667,0.618857,0.578333,0.98,306.333,417.179,367.333,431.181,4077.9,-25637.3,0.0752946,0.175536,0.244869,-0.0281548
178,159,471,344,0.898667,0.618857,0.578333,0.974167,306.333,416.877,359.753,431.181,4050.42,-22382.8,0.0752946,0.193702,0.244354,-0.015252
178,159,471,346,0.898667,0.618857,0.578333,0.919,306.333,416.258,359.742,431.181,4239.63,-22346.2,0.0752946,0.193721,0.242635,-0.0643512
178,159,471,164,0.898667,0.618857,0.578333,0.868167,306.333,416.95,367.327,431.181,4147.9,-25623.3,0.0752946,0.175536,0.244246,-0.0761773
178,159,471,451,0.898667,0.618857,0.578333,0.800667,306.333,416.684,348.647,431.181,4010.15,-17613.6,0.0752946,0.220355,0.24356,-0.118337
129,85,182,162,0.78,0.995556,0.931667,0.98,304.921,439.619,333.01,449.497,3213.58,-12513.4,-0.012342,-0.0154692,-0.00807952,-0.0288355
129,85,182,344,0.78,0.995556,0.931667,0.974167,304.921,439.314,325.431,449.497,3198.43,-9105.91,-0.012342,0.00176851,-0.00866412,-0.0169307
129,85,182,346,0.78,0.995556,0.931667,0.919,304.921,438.696,325.421,449.497,3386.81,-9089.69,-0.012342,0.0017858,-0.0105648,-0.0662135
129,85,182,164,0.78,0.995556,0.931667,0.868167,304.921,439.391,333.005,449.497,3283.28,-12506.9,-0.012342,-0.0154692,-0.00876678,-0.0769223
129,85,182,451,0.78,0.995556,0.931667,0.800667,304.921,439.103,314.325,449.497,3176.21,-4112.53,-0.012342,0.0270601,-0.00957165,-0.121491
129,85,181,162,0.78,0.995556,0.929167,0.98,304.921,439.619,332.784,441.14,665.448,-12280.7,-0.012342,-0.0154692,-0.0013483,-0.00374023
129,85,181,344,0.78,0.995556,0.929167,0.974167,304.921,439.314,325.203,441.14,650.291,-8936.61,-0.012342,0.00176851,-0.00134832,0.00874918
129,85,181,346,0.78,0.995556,0.929167,0.919,304.921,438.696,325.176,441.14,838.678,-8920.69,-0.012342,0.0017858,-0.00324888,-0.0405336
129,85,181,164,0.78,0.995556,0.929167,0.868167,304.921,439.391,332.773,441.14,735.146,-12274.3,-0.012342,-0.0154692,-0.00203541,-0.0518268
129,85,181,451,0.78,0.995556,0.929167,0.800667,304.921,439.103,314.093,441.14,628.072,-4036.08,-0.012342,0.0270601,-0.0013483,-0.0949036
129,85,183,162,0.78,0.995556,0.915,0.98,304.921,439.619,332.904,446.469,2290.45,-12429.1,-0.012342,-0.0154692,0.0102741,-0.0197482
129,85,183,344,0.78,0.995556,0.915,0.974167,304.921,439.314,325.324,446.469,2275.29,-9044.58,-0.012342,0.00176851,0.00990101,-0.00763178
129,85,183,346,0.78,0.995556,0.915,0.919,304.921,438.696,325.307,446.469,2463.68,-9028.46,-0.012342,0.0017858,0.0080001,-0.0569149
129,85,183,164,0.78,0.995556,0.915,0.868167,304.921,439.391,332.897,446.469,2360.15,-12422.6,-0.012342,-0.0154692,0.00958676,-0.067835
129,85,183,451,0.78,0.995556,0.915,0.800667,304.921,439.103,314.215,446.469,2253.08,-4084.83,-0.012342,0.0270601,0.00932186,-0.111864
129,85,467,162,0.78,0.995556,0.6375,0.98,304.921,439.619,338.616,441.263,677.111,-14841.4,0.000872875,-0.0154692,0.18372,-0.00374025
129,85,467,344,0.78,0.995556,0.6375,0.974167,304.921,439.314,331.035,441.263,661.954,-11497.3,0.000872875,0.00176851,0.18372,0.00874917
129,85,467,346,0.78,0.995556,0.6375,0.919,304.921,438.696,331.008,441.263,850.341,-11477.7,0.000872875,0.0017858,0.181853,-0.0405001
129,85,467,164,0.78,0.995556,0.6375,0.868167,304.921,439.391,338.605,441.263,746.809,-14833.7,0.000872875,-0.0154692,0.183045,-0.051815
129,85,467,451,0.78,0.995556,0.6375,0.800667,304.921,439.103,319.925,441.263,639.735,-6596.73,0.000872875,0.0270601,0.18372,-0.0949036
129,85,471,162,0.78,0.995556,0.578333,0.98,304.921,439.619,367.333,451.909,3468.59,-27595.2,0.063643,-0.0154692,0.241208,-0.0281548
129,85,471,344,0.78,0.995556,0.578333,0.974167,304.921,439.314,359.753,451.909,3453.43,-24183.1,0.063643,0.00176851,0.240694,-0.0161798
129,85,471,346,0.78,0.995556,0.578333,0.919,304.921,438.696,359.742,451.909,3641.82,-24145.6,0.063643,0.0017858,0.238975,-0.0652813
129,85,471,164,0.78,0.995556,0.578333,0.868167,304.921,439.391,367.327,451.909,3538.28,-27580.8,0.063643,-0.0154692,0.240585,-0.0761773
129,85,471,451,0.78,0.995556,0.578333,0.800667,304.921,439.103,348.647,451.909,3431.21,-19182.9,0.063643,0.0270601,0.2399,-0.120627
129,125,182,162,0.78,0.995,0.931667,0.98,305.177,435.498,333.01,449.497,4585.78,-12396.1,0.00114383,-0.0012481,-0.00807952,-0.0288355
129,125,182,344,0.78,0.995,0.931667,0.974167,305.177,435.193,325.431,449.497,4539.41,-8988.58,0.00114383,0.0161529,-0.00866412,-0.0167673
129,125,182,346,0.78,0.995,0.931667,0.919,305.177,434.574,325.421,449.497,4727.81,-8972.36,0.00114383,0.0161705,-0.0105648,-0.0660498
129,125,182,164,0.78,0.995,0.931667,0.868167,305.177,435.269,333.005,449.497,4655.48,-12389.5,0.00114383,-0.0012481,-0.00876678,-0.0769223
129,125,182,451,0.78,0.995,0.931667,0.800667,305.177,434.985,314.325,449.497,4471.46,-3995.21,0.00114383,0.0416839,-0.00957165,-0.121088
129,125,181,162,0.78,0.995,0.929167,0.98,305.177,435.498,332.784,441.14,2035.47,-12165.6,0.00114383,-0.0012481,-0.0013483,-0.00374023
129,125,181,344,0.78,0.995,0.929167,0.974167,305.177,435.193,325.203,441.14,1989.1,-8821.47,0.00114383,0.0161529,-0.00134832,0.0089125
129,125,181,346,0.78,0.995,0.929167,0.919,305.177,434.574,325.176,441.14,2177.5,-8805.55,0.00114383,0.0161705,-0.00324888,-0.0403699
129,125,181,164,0.78,0.995,0.929167,0.868167,305.177,435.269,332.773,441.14,2105.16,-12159.2,0.00114383,-0.0012481,-0.00203541,-0.0518268
129,125,181,451,0.78,0.995,0.929167,0.800667,305.177,434.985,314.093,441.14,1921.14,-3920.93,0.00114383,0.0416839,-0.0013483,-0.0945007
129,125,183,162,0.78,0.995,0.915,0.98,305.177,435.498,332.904,446.469,3661.86,-12312.6,0.00114383,-0.0012481,0.0102741,-0.0197482
129,125,183,344,0.78,0.995,0.915,0.974167,305.177,435.193,325.324,446.469,3615.49,-8928.04,0.00114383,0.0161529,0.00990101,-0.00746846
129,125,183,346,0.78,0.995,0.915,0.919,305.177,434.574,325.307,446.469,3803.89,-8911.93,0.00114383,0.0161705,0.0080001,-0.0567512
129,125,183,164,0.78,0.995,0.915,0.868167,305.177,435.269,332.897,446.469,3731.56,-12306.1,0.00114383,-0.0012481,0.00958676,-0.067835
129,125,183,451,0.78,0.995,0.915,0.800667,305.177,434.985,314.215,446.469,3547.54,-3968.3,0.00114383,0.0416839,0.00932186,-0.111461
129,125,467,162,0.78,0.995,0.6375,0.98,305.177,435.498,338.616,441.263,2071.14,-14702.2,0.0143587,-0.0012481,0.18372,-0.00374025
129,125,467,344,0.78,0.995,0.6375,0.974167,305.177,435.193,331.035,441.263,2024.77,-11358.1,0.0143587,0.0161529,0.18372,0.00891248
129,125,467,346,0.78,0.995,0.6375,0.919,305.177,434.574,331.008,441.263,2213.17,-11338.6,0.0143587,0.0161705,0.181853,-0.0403365
129,125,467,164,0.78,0.995,0.6375,0.868167,305.177,435.269,338.605,441.263,2140.83,-14694.5,0.0143587,-0.0012481,0.183045,-0.051815
129,125,467,451,0.78,0.995,0.6375,0.800667,305.177,434.985,319.925,441.263,1956.81,-6457.57,0.0143587,0.0416839,0.18372,-0.0945007
129,125,471,162,0.78,0.995,0.578333,0.98,305.177,435.498,367.333,451.909,4982.19,-27336.5,0.0771288,-0.0012481,0.241208,-0.0281548
129,125,471,344,0.78,0.995,0.578333,0.974167,305.177,435.193,359.753,451.909,4935.82,-23924.4,0.0771288,0.0161529,0.240694,-0.0160165
129,125,471,346,0.78,0.995,0.578333,0.919,305.177,434.574,359.742,451.909,5124.22,-23886.9,0.0771288,0.0161705,0.238975,-0.0651176
129,125,471,164,0.78,0.995,0.578333,0.868167,305.177,435.269,367.327,451.909,5051.89,-27322.1,0.0771288,-0.0012481,0.240585,-0.0761773
129,125,471,451,0.78,0.995,0.578333,0.800667,305.177,434.985,348.647,451.909,4867.86,-18924.2,0.0771288,0.0416839,0.2399,-0.120224
129,126,182,162,0.78,0.964167,0.931667,0.98,302.589,435.684,333.01,449.497,4546.9,-13559.2,0.00114384,-0.0377055,-0.00807952,-0.0347606
129,126,182,344,0.78,0.964167,0.931667,0.974167,302.589,435.334,325.431,449.497,4500.92,-10151.7,0.00114384,-0.0203156,-0.00866412,-0.0227035
129,126,182,346,0.78,0.964167,0.931667,0.919,302.589,434.715,325.421,449.497,4687.73,-10135.5,0.00114384,-0.0203064,-0.0105648,-0.0719945
129,126,182,164,0.78,0.964167,0.931667,0.868167,302.589,435.455,333.005,449.497,4616.01,-13552.6,0.00114384,-0.0377086,-0.00876678,-0.0828504
129,126,182,451,0.78,0.964167,0.931667,0.800667,302.589,435.06,314.325,449.497,4433.54,-5158.31,0.00114384,0.0052059,-0.00957165,-0.127034
129,126,181,162,0.78,0.964167,0.929167,0.98,302.589,435.684,332.784,441.14,2018.21,-13307.1,0.00114384,-0.0377055,-0.0013483,-0.00966529
129,126,181,344,0.78,0.964167,0.929167,0.974167,302.589,435.334,325.203,441.14,1972.23,-9962.94,0.00114384,-0.0203156,-0.00134832,0.00297635
129,126,181,346,0.78,0.964167,0.929167,0.919,302.589,434.715,325.176,441.14,2159.04,-9947.02,0.00114384,-0.0203064,-0.00324888,-0.0463145
129,126,181,164,0.78,0.964167,0.929167,0.868167,302.589,435.455,332.773,441.14,2087.32,-13300.7,0.00114384,-0.0377086,-0.00203541,-0.057755
129,126,181,451,0.78,0.964167,0.929167,0.800667,302.589,435.06,314.093,441.14,1904.85,-5062.4,0.00114384,0.0052059,-0.0013483,-0.100446
129,126,183,162,0.78,0.964167,0.915,0.98,302.589,435.684,332.904,446.469,3630.81,-13467.8,0.00114384,-0.0377055,0.0102741,-0.0256732
129,126,183,344,0.78,0.964167,0.915,0.974167,302.589,435.334,325.324,446.469,3584.84,-10083.3,0.00114384,-0.0203156,0.00990101,-0.0134046
129,126,183,346,0.78,0.964167,0.915,0.919,302.589,434.715,325.307,446.469,3771.64,-10067.2,0.00114384,-0.0203064,0.0080001,-0.0626958
129,126,183,164,0.78,0.964167,0.915,0.868167,302.589,435.455,332.897,446.469,3699.92,-13461.4,0.00114384,-0.0377086,0.00958676,-0.0737631
129,126,183,451,0.78,0.964167,0.915,0.800667,302.589,435.06,314.215,446.469,3517.46,-5123.56,0.00114384,0.0052059,0.00932186,-0.117407
129,126,467,162,0.78,0.964167,0.6375,0.98,302.589,435.684,338.616,441.263,2053.58,-15844,0.0143587,-0.0377055,0.18372,-0.00966531
129,126,467,344,0.78,0.964167,0.6375,0.974167,302.589,435.334,331.035,441.263,2007.6,-12499.9,0.0143587,-0.0203156,0.18372,0.00297634
129,126,467,346,0.78,0.964167,0.6375,0.919,302.589,434.715,331.008,441.263,2194.4,-12480.4,0.0143587,-0.0203064,0.181853,-0.0462811
129,126,467,164,0.78,0.964167,0.6375,0.868167,302.589,435.455,338.605,441.263,2122.68,-15836.3,0.0143587,-0.0377086,0.183045,-0.0577432
129,126,467,451,0.78,0.964167,0.6375,0.800667,302.589,435.06,319.925,441.263,1940.22,-7599.35,0.0143587,0.0052059,0.18372,-0.100446
129,126,471,162,0.78,0.964167,0.578333,0.98,302.589,435.684,367.333,451.909,4939.95,-28502.9,0.0771288,-0.0377055,0.241208,-0.0340798
129,126,471,344,0.78,0.964167,0.578333,0.974167,302.589,435.334,359.753,451.909,4893.97,-25090.8,0.0771288,-0.0203156,0.240694,-0.0219526
129,126,471,346,0.78,0.964167,0.578333,0.919,302.589,434.715,359.742,451.909,5080.77,-25053.4,0.0771288,-0.0203064,0.238975,-0.0710623
129,126,471,164,0.78,0.964167,0.578333,0.868167,302.589,435.455,367.327,451.909,5009.05,-28488.6,0.0771288,-0.0377086,0.240585,-0.0821055
129,126,471,451,0.78,0.964167,0.578333,0.800667,302.589,435.06,348.647,451.909,4826.59,-20090.7,0.0771288,0.0052059,0.2399,-0.12617
129,86,182,162,0.78,0.964167,0.931667,0.98,302.464,439.801,333.01,449.497,3174.84,-13617.9,-0.0124696,-0.0517023,-0.00807952,-0.0344087
129,86,182,344,0.78,0.964167,0.931667,0.974167,302.464,439.453,325.431,449.497,3160.1,-10210.4,-0.0124696,-0.034475,-0.00866412,-0.0225142
129,86,182,346,0.78,0.964167,0.931667,0.919,302.464,438.835,325.421,449.497,3346.97,-10194.2,-0.0124696,-0.0344657,-0.0105648,-0.071805
129,86,182,164,0.78,0.964167,0.931667,0.868167,302.464,439.572,333.005,449.497,3243.98,-13611.4,-0.0124696,-0.0517052,-0.00876678,-0.0824983
129,86,182,451,0.78,0.964167,0.931667,0.800667,302.464,439.18,314.325,449.497,3138.49,-5217.04,-0.0124696,-0.00919286,-0.00957165,-0.127084
129,86,181,162,0.78,0.964167,0.929167,0.98,302.464,439.801,332.784,441.14,647.239,-13364.7,-0.0124696,-0.0517023,-0.0013483,-0.00931338
129,86,181,344,0.78,0.964167,0.929167,0.974167,302.464,439.453,325.203,441.14,632.496,-10020.6,-0.0124696,-0.034475,-0.00134832,0.00316566
129,86,181,346,0.78,0.964167,0.929167,0.919,302.464,438.835,325.176,441.14,819.367,-10004.7,-0.0124696,-0.0344657,-0.00324888,-0.0461251
129,86,181,164,0.78,0.964167,0.929167,0.868167,302.464,439.572,332.773,441.14,716.376,-13358.3,-0.0124696,-0.0517052,-0.00203541,-0.0574029
129,86,181,451,0.78,0.964167,0.929167,0.800667,302.464,439.18,314.093,441.14,610.886,-5120.04,-0.0124696,-0.00919286,-0.0013483,-0.100496
129,86,183,162,0.78,0.964167,0.915,0.98,302.464,439.801,332.904,446.469,2259.15,-13526.2,-0.0124696,-0.0517023,0.0102741,-0.0253213
129,86,183,344,0.78,0.964167,0.915,0.974167,302.464,439.453,325.324,446.469,2244.4,-10141.6,-0.0124696,-0.034475,0.00990101,-0.0132153
129,86,183,346,0.78,0.964167,0.915,0.919,302.464,438.835,325.307,446.469,2431.28,-10125.5,-0.0124696,-0.0344657,0.0080001,-0.0625064
129,86,183,164,0.78,0.964167,0.915,0.868167,302.464,439.572,332.897,446.469,2328.28,-13519.7,-0.0124696,-0.0517052,0.00958676,-0.073411
129,86,183,451,0.78,0.964167,0.915,0.800667,302.464,439.18,314.215,446.469,2222.79,-5181.9,-0.0124696,-0.00919286,0.00932186,-0.117457
129,86,467,162,0.78,0.964167,0.6375,0.98,302.464,439.801,338.616,441.263,658.583,-15925.7,0.000745238,-0.0517023,0.18372,-0.0093134
129,86,467,344,0.78,0.964167,0.6375,0.974167,302.464,439.453,331.035,441.263,643.84,-12581.6,0.000745238,-0.034475,0.18372,0.00316564
129,86,467,346,0.78,0.964167,0.6375,0.919,302.464,438.835,331.008,441.263,830.711,-12562,0.000745238,-0.0344657,0.181853,-0.0460916
129,86,467,164,0.78,0.964167,0.6375,0.868167,302.464,439.572,338.605,441.263,727.719,-15917.9,0.000745238,-0.0517052,0.183045,-0.057391
129,86,467,451,0.78,0.964167,0.6375,0.800667,302.464,439.18,319.925,441.263,622.23,-7681.02,0.000745238,-0.00919286,0.18372,-0.100496
129,86,471,162,0.78,0.964167,0.578333,0.98,302.464,439.801,367.333,451.909,3426.46,-28703.1,0.0635154,-0.0517023,0.241208,-0.0337279
129,86,471,344,0.78,0.964167,0.578333,0.974167,302.464,439.453,359.753,451.909,3411.72,-25291,0.0635154,-0.034475,0.240694,-0.0217633
129,86,471,346,0.78,0.964167,0.578333,0.919,302.464,438.835,359.742,451.909,3598.59,-25253.5,0.0635154,-0.0344657,0.238975,-0.0708728
129,86,471,164,0.78,0.964167,0.578333,0.868167,302.464,439.572,367.327,451.909,3495.6,-28688.7,0.0635154,-0.0517052,0.240585,-0.0817533
129,86,471,451,0.78,0.964167,0.578333,0.800667,302.464,439.18,348.647,451.909,3390.11,-20290.8,0.0635154,-0.00919286,0.2399,-0.12622
129,159,182,162,0.78,0.618857,0.931667,0.98,306.983,417.179,333.01,449.497,10684.4,-11874.6,0.0607112,0.243314,-0.00807952,-0.0288355
129,159,182,344,0.78,0.618857,0.931667,0.974167,306.983,416.877,325.431,449.497,10499.3,-8467.16,0.0607112,0.26148,-0.00866412,-0.0160029
129,159,182,346,0.78,0.618857,0.931667,0.919,306.983,416.258,325.421,449.497,10687.8,-8450.94,0.0607112,0.261499,-0.0105648,-0.0652834
129,159,182,164,0.78,0.618857,0.931667,0.868167,306.983,416.95,333.005,449.497,10754.1,-11868.1,0.0607112,0.243314,-0.00876678,-0.0769223
129,159,182,451,0.78,0.618857,0.931667,0.800667,306.983,416.684,314.325,449.497,10228.1,-3473.78,0.0607112,0.288133,-0.00957165,-0.119201
129,159,181,162,0.78,0.618857,0.929167,0.98,306.983,417.179,332.784,441.14,8124.42,-11653.9,0.0607112,0.243314,-0.0013483,-0.00374023
129,159,181,344,0.78,0.618857,0.929167,0.974167,306.983,416.877,325.203,441.14,7939.33,-8309.74,0.0607112,0.26148,-0.00134832,0.00967699
129,159,181,346,0.78,0.618857,0.929167,0.919,306.983,416.258,325.176,441.14,8127.79,-8293.82,0.0607112,0.261499,-0.00324888,-0.0396035
129,159,181,164,0.78,0.618857,0.929167,0.868167,306.983,416.95,332.773,441.14,8194.12,-11647.5,0.0607112,0.243314,-0.00203541,-0.0518268
129,159,181,451,0.78,0.618857,0.929167,0.800667,306.983,416.684,314.093,441.14,7668.1,-3409.2,0.0607112,0.288133,-0.0013483,-0.0926139
129,159,183,162,0.78,0.618857,0.915,0.98,306.983,417.179,332.904,446.469,9757,-11794.7,0.0607112,0.243314,0.0102741,-0.0197482
129,159,183,344,0.78,0.618857,0.915,0.974167,306.983,416.877,325.324,446.469,9571.91,-8410.13,0.0607112,0.26148,0.00990101,-0.00670397
129,159,183,346,0.78,0.618857,0.915,0.919,306.983,416.258,325.307,446.469,9760.37,-8394.02,0.0607112,0.261499,0.0080001,-0.0559848
129,159,183,164,0.78,0.618857,0.915,0.868167,306.983,416.95,332.897,446.469,9826.7,-11788.2,0.0607112,0.243314,0.00958676,-0.067835
129,159,183,451,0.78,0.618857,0.915,0.800667,306.983,416.684,314.215,446.469,9300.68,-3450.39,0.0607112,0.288133,0.00932186,-0.109574
129,159,467,162,0.78,0.618857,0.6375,0.98,306.983,417.179,338.616,441.263,8266.79,-14083.8,0.0739261,0.243314,0.18372,-0.00374025
129,159,467,344,0.78,0.618857,0.6375,0.974167,306.983,416.877,331.035,441.263,8081.71,-10739.7,0.0739261,0.26148,0.18372,0.00967697
129,159,467,346,0.78,0.618857,0.6375,0.919,306.983,416.258,331.008,441.263,8270.16,-10720.2,0.0739261,0.261499,0.181853,-0.0395701
129,159,467,164,0.78,0.618857,0.6375,0.868167,306.983,416.95,338.605,441.263,8336.49,-14076.1,0.0739261,0.243314,0.183045,-0.051815
129,159,467,451,0.78,0.618857,0.6375,0.800667,306.983,416.684,319.925,441.263,7810.47,-5839.14,0.0739261,0.288133,0.18372,-0.0926139
129,159,471,162,0.78,0.618857,0.578333,0.98,306.983,417.179,367.333,451.909,11709.3,-26186.6,0.136696,0.243314,0.241208,-0.0281548
129,159,471,344,0.78,0.618857,0.578333,0.974167,306.983,416.877,359.753,451.909,11524.2,-22774.5,0.136696,0.26148,0.240694,-0.015252
129,159,471,346,0.78,0.618857,0.578333,0.919,306.983,416.258,359.742,451.909,11712.7,-22737,0.136696,0.261499,0.238975,-0.0643512
129,159,471,164,0.78,0.618857,0.578333,0.868167,306.983,416.95,367.327,451.909,11779,-26172.2,0.136696,0.243314,0.240585,-0.0761773
129,159,471,451,0.78,0.618857,0.578333,0.800667,306.983,416.684,348.647,451.909,11253,-17774.3,0.136696,0.288133,0.2399,-0.118337
241,85,182,162,0.658833,0.995556,0.931667,0.98,383.395,439.619,333.01,399.609,-14705.8,21484.3,0.0317664,-0.16256,-0.194048,-0.0288355
241,85,182,344,0.658833,0.995556,0.931667,0.974167,383.395,439.314,325.431,399.609,-14298.6,24469.4,0.0317664,-0.145323,-0.194632,-0.0169307
241,85,182,346,0.658833,0.995556,0.931667,0.919,383.395,438.696,325.421,399.609,-14062.6,24438,0.0317664,-0.145306,-0.196533,-0.0662135
241,85,182,164,0.658833,0.995556,0.931667,0.868167,383.395,439.391,333.005,399.609,-14618.4,21473.1,0.0317664,-0.16256,-0.194735,-0.0769223
241,85,182,451,0.658833,0.995556,0.931667,0.800667,383.395,439.103,314.325,399.609,-13702,28844,0.0317664,-0.120031,-0.19554,-0.121491
241,85,181,162,0.658833,0.995556,0.929167,0.98,383.395,439.619,332.784,391.4,-17871.4,21716.9,0.0278186,-0.16256,-0.191265,-0.00374023
241,85,181,344,0.658833,0.995556,0.929167,0.974167,383.395,439.314,325.203,391.4,-17464.2,24638.7,0.0278186,-0.145323,-0.191265,0.00874918
241,85,181,346,0.658833,0.995556,0.929167,0.919,383.395,438.696,325.176,391.4,-17228.2,24607,0.0278186,-0.145306,-0.193165,-0.0405336
241,85,181,164,0.658833,0.995556,0.929167,0.868167,383.395,439.391,332.773,391.4,-17784,21705.6,0.0278186,-0.16256,-0.191952,-0.0518268
241,85,181,451,0.658833,0.995556,0.929167,0.800667,383.395,439.103,314.093,391.4,-16867.6,28920.4,0.0278186,-0.120031,-0.191265,-0.0949036
241,85,183,162,0.658833,0.995556,0.915,0.98,383.395,439.619,332.904,396.635,-15852.6,21568.6,0.0303551,-0.16256,-0.177106,-0.0197482
241,85,183,344,0.658833,0.995556,0.915,0.974167,383.395,439.314,325.324,396.635,-15445.5,24530.8,0.0303551,-0.145323,-0.177479,-0.00763178
241,85,183,346,0.658833,0.995556,0.915,0.919,383.395,438.696,325.307,396.635,-15209.4,24499.2,0.0303551,-0.145306,-0.17938,-0.0569149
241,85,183,164,0.658833,0.995556,0.915,0.868167,383.395,439.391,332.897,396.635,-15765.2,21557.3,0.0303551,-0.16256,-0.177793,-0.067835
241,85,183,451,0.658833,0.995556,0.915,0.800667,383.395,439.103,314.215,396.635,-14848.8,28871.7,0.0303551,-0.120031,-0.178058,-0.111864
241,85,467,162,0.658833,0.995556,0.6375,0.98,383.395,439.619,338.616,390.424,-18184.6,19156.3,0.0425265,-0.16256,-0.00470322,-0.00374025
241,85,467,344,0.658833,0.995556,0.6375,0.974167,383.395,439.314,331.035,390.424,-17777.4,22078.1,0.0425265,-0.145323,-0.00470324,0.00874917
241,85,467,346,0.658833,0.995556,0.6375,0.919,383.395,438.696,331.008,390.424,-17541.4,22049.9,0.0425265,-0.145306,-0.00657032,-0.0405001
241,85,467,164,0.658833,0.995556,0.6375,0.868167,383.395,439.391,338.605,390.424,-18097.2,19146.3,0.0425265,-0.16256,-0.0053785,-0.051815
241,85,467,451,0.658833,0.995556,0.6375,0.800667,383.395,439.103,319.925,390.424,-17180.8,26359.8,0.0425265,-0.120031,-0.00470322,-0.0949036
241,85,471,162,0.658833,0.995556,0.578333,0.98,383.395,439.619,367.333,395.811,-16316.7,6402.45,0.117566,-0.16256,0.0650541,-0.0281548
241,85,471,344,0.658833,0.995556,0.578333,0.974167,383.395,439.314,359.753,395.811,-15909.5,9392.26,0.117566,-0.145323,0.0645396,-0.0161798
241,85,471,346,0.658833,0.995556,0.578333,0.919,383.395,438.696,359.742,395.811,-15673.5,9382.03,0.117566,-0.145306,0.0628203,-0.0652813
241,85,471,164,0.658833,0.995556,0.578333,0.868167,383.395,439.391,367.327,395.811,-16229.3,6399.12,0.117566,-0.16256,0.0644311,-0.0761773
241,85,471,451,0.658833,0.995556,0.578333,0.800667,383.395,439.103,348.647,395.811,-15312.9,13773.6,0.117566,-0.120031,0.0637454,-0.120627
241,125,182,162,0.658833,0.995,0.931667,0.98,383.04,435.498,333.01,399.609,-13333.6,21282.9,0.0424822,-0.15111,-0.194048,-0.0288355
241,125,182,344,0.658833,0.995,0.931667,0.974167,383.04,435.193,325.431,399.609,-12957.7,24268,0.0424822,-0.133709,-0.194632,-0.0167673
241,125,182,346,0.658833,0.995,0.931667,0.919,383.04,434.574,325.421,399.609,-12721.6,24236.6,0.0424822,-0.133691,-0.196533,-0.0660498
241,125,182,164,0.658833,0.995,0.931667,0.868167,383.04,435.269,333.005,399.609,-13246.2,21271.7,0.0424822,-0.15111,-0.194735,-0.0769223
241,125,182,451,0.658833,0.995,0.931667,0.800667,383.04,434.985,314.325,399.609,-12406.8,28642.5,0.0424822,-0.108177,-0.19554,-0.121088
241,125,181,162,0.658833,0.995,0.929167,0.98,383.04,435.498,332.784,391.4,-16501.4,21513.3,0.0385343,-0.15111,-0.191265,-0.00374023
241,125,181,344,0.658833,0.995,0.929167,0.974167,383.04,435.193,325.203,391.4,-16125.4,24435.1,0.0385343,-0.133709,-0.191265,0.0089125
241,125,181,346,0.658833,0.995,0.929167,0.919,383.04,434.574,325.176,391.4,-15889.4,24403.4,0.0385343,-0.133691,-0.193165,-0.0403699
241,125,181,164,0.658833,0.995,0.929167,0.868167,383.04,435.269,332.773,391.4,-16414,21502,0.0385343,-0.15111,-0.191952,-0.0518268
241,125,181,451,0.658833,0.995,0.929167,0.800667,383.04,434.985,314.093,391.4,-15574.5,28716.8,0.0385343,-0.108177,-0.191265,-0.0945007
241,125,183,162,0.658833,0.995,0.915,0.98,383.04,435.498,332.904,396.635,-14481.2,21366.3,0.0410708,-0.15111,-0.177106,-0.0197482
241,125,183,344,0.658833,0.995,0.915,0.974167,383.04,435.193,325.324,396.635,-14105.3,24328.6,0.0410708,-0.133709,-0.177479,-0.00746846
241,125,183,346,0.658833,0.995,0.915,0.919,383.04,434.574,325.307,396.635,-13869.2,24297,0.0410708,-0.133691,-0.17938,-0.0567512
241,125,183,164,0.658833,0.995,0.915,0.868167,383.04,435.269,332.897,396.635,-14393.8,21355.1,0.0410708,-0.15111,-0.177793,-0.067835
241,125,183,451,0.658833,0.995,0.915,0.800667,383.04,434.985,314.215,396.635,-13554.4,28669.5,0.0410708,-0.108177,-0.178058,-0.111461
241,125,467,162,0.658833,0.995,0.6375,0.98,383.04,435.498,338.616,390.424,-16790.5,18976.7,0.0532422,-0.15111,-0.00470322,-0.00374025
241,125,467,344,0.658833,0.995,0.6375,0.974167,383.04,435.193,331.035,390.424,-16414.6,21898.5,0.0532422,-0.133709,-0.00470324,0.00891248
241,125,467,346,0.658833,0.995,0.6375,0.919,383.04,434.574,331.008,390.424,-16178.5,21870.3,0.0532422,-0.133691,-0.00657032,-0.0403365
241,125,467,164,0.658833,0.995,0.6375,0.868167,383.04,435.269,338.605,390.424,-16703.1,18966.7,0.0532422,-0.15111,-0.0053785,-0.051815
241,125,467,451,0.658833,0.995,0.6375,0.800667,383.04,434.985,319.925,390.424,-15863.7,26180.2,0.0532422,-0.108177,-0.00470322,-0.0945007
241,125,471,162,0.658833,0.995,0.578333,0.98,383.04,435.498,367.333,395.811,-14803.1,6342.43,0.128281,-0.15111,0.0650541,-0.0281548
241,125,471,344,0.658833,0.995,0.578333,0.974167,383.04,435.193,359.753,395.811,-14427.2,9332.24,0.128281,-0.133709,0.0645396,-0.0160165
241,125,471,346,0.658833,0.995,0.578333,0.919,383.04,434.574,359.742,395.811,-14191.1,9322.01,0.128281,-0.133691,0.0628203,-0.0651176
241,125,471,164,0.658833,0.995,0.578333,0.868167,383.04,435.269,367.327,395.811,-14715.7,6339.1,0.128281,-0.15111,0.0644311,-0.0761773
241,125,471,451,0.658833,0.995,0.578333,0.800667,383.04,434.985,348.647,395.811,-13876.3,13713.6,0.128281,-0.108177,0.0637454,-0.120224
241,126,182,162,0.658833,0.964167,0.931667,0.98,380.481,435.684,333.01,399.609,-13372.5,20267.7,0.0414668,-0.188582,-0.194048,-0.0347606
241,126,182,344,0.658833,0.964167,0.931667,0.974167,380.481,435.334,325.431,399.609,-12996.1,23252.9,0.0414668,-0.171192,-0.194632,-0.0227035
241,126,182,346,0.658833,0.964167,0.931667,0.919,380.481,434.715,325.421,399.609,-12761.7,23221.4,0.0414668,-0.171183,-0.196533,-0.0719945
241,126,182,164,0.658833,0.964167,0.931667,0.868167,380.481,435.455,333.005,399.609,-13285.7,20256.5,0.0414668,-0.188585,-0.194735,-0.0828504
241,126,182,451,0.658833,0.964167,0.931667,0.800667,380.481,435.06,314.325,399.609,-12444.7,27627.4,0.0414668,-0.145671,-0.19554,-0.127034
241,126,181,162,0.658833,0.964167,0.929167,0.98,380.481,435.684,332.784,391.4,-16518.6,20519.8,0.0375189,-0.188582,-0.191265,-0.00966529
241,126,181,344,0.658833,0.964167,0.929167,0.974167,380.481,435.334,325.203,391.4,-16142.3,23441.6,0.0375189,-0.171192,-0.191265,0.00297635
241,126,181,346,0.658833,0.964167,0.929167,0.919,380.481,434.715,325.176,391.4,-15907.8,23409.9,0.0375189,-0.171183,-0.193165,-0.0463145
241,126,181,164,0.658833,0.964167,0.929167,0.868167,380.481,435.455,332.773,391.4,-16431.8,20508.5,0.0375189,-0.188585,-0.191952,-0.057755
241,126,181,451,0.658833,0.964167,0.929167,0.800667,380.481,435.06,314.093,391.4,-15590.8,27723.3,0.0375189,-0.145671,-0.191265,-0.100446
241,126,183,162,0.658833,0.964167,0.915,0.98,380.481,435.684,332.904,396.635,-14512.3,20359.1,0.0400555,-0.188582,-0.177106,-0.0256732
241,126,183,344,0.658833,0.964167,0.915,0.974167,380.481,435.334,325.324,396.635,-14135.9,23321.3,0.0400555,-0.171192,-0.177479,-0.0134046
241,126,183,346,0.658833,0.964167,0.915,0.919,380.481,434.715,325.307,396.635,-13901.4,23289.7,0.0400555,-0.171183,-0.17938,-0.0626958
241,126,183,164,0.658833,0.964167,0.915,0.868167,380.481,435.455,332.897,396.635,-14425.4,20347.8,0.0400555,-0.188585,-0.177793,-0.0737631
241,126,183,451,0.658833,0.964167,0.915,0.800667,380.481,435.06,314.215,396.635,-13584.5,27662.2,0.0400555,-0.145671,-0.178058,-0.117407
241,126,467,162,0.658833,0.964167,0.6375,0.98,380.481,435.684,338.616,390.424,-16808.1,17982.9,0.0522269,-0.188582,-0.00470322,-0.00966531
241,126,467,344,0.658833,0.964167,0.6375,0.974167,380.481,435.334,331.035,390.424,-16431.8,20904.7,0.0522269,-0.171192,-0.00470324,0.00297634
241,126,467,346,0.658833,0.964167,0.6375,0.919,380.481,434.715,331.008,390.424,-16197.3,20876.5,0.0522269,-0.171183,-0.00657032,-0.0462811
241,126,467,164,0.658833,0.964167,0.6375,0.868167,380.481,435.455,338.605,390.424,-16721.3,17972.9,0.0522269,-0.188585,-0.0053785,-0.0577432
241,126,467,451,0.658833,0.964167,0.6375,0.800667,380.481,435.06,319.925,390.424,-15880.3,25186.4,0.0522269,-0.145671,-0.00470322,-0.100446
241,126,471,162,0.658833,0.964167,0.578333,0.98,380.481,435.684,367.333,395.811,-14845.3,5323.95,0.127266,-0.188582,0.0650541,-0.0340798
241,126,471,344,0.658833,0.964167,0.578333,0.974167,380.481,435.334,359.753,395.811,-14469,8313.76,0.127266,-0.171192,0.0645396,-0.0219526
241,126,471,346,0.658833,0.964167,0.578333,0.919,380.481,434.715,359.742,395.811,-14234.5,8303.53,0.127266,-0.171183,0.0628203,-0.0710623
241,126,471,164,0.658833,0.964167,0.578333,0.868167,380.481,435.455,367.327,395.811,-14758.5,5320.62,0.127266,-0.188585,0.0644311,-0.0821055
241,126,471,451,0.658833,0.964167,0.578333,0.800667,380.481,435.06,348.647,395.811,-13917.5,12695.1,0.127266,-0.145671,0.0637454,-0.12617
241,86,182,162,0.658833,0.964167,0.931667,0.98,380.97,439.801,333.01,399.609,-14744.5,20520.7,0.030721,-0.199711,-0.194048,-0.0344087
241,86,182,344,0.658833,0.964167,0.931667,0.974167,380.97,439.453,325.431,399.609,-14337,23505.9,0.030721,-0.182484,-0.194632,-0.0225142
241,86,182,346,0.658833,0.964167,0.931667,0.919,380.97,438.835,325.421,399.609,-14102.4,23474.4,0.030721,-0.182475,-0.196533,-0.071805
241,86,182,164,0.658833,0.964167,0.931667,0.868167,380.97,439.572,333.005,399.609,-14657.7,20509.5,0.030721,-0.199714,-0.194735,-0.0824983
241,86,182,451,0.658833,0.964167,0.931667,0.800667,380.97,439.18,314.325,399.609,-13739.7,27880.4,0.030721,-0.157202,-0.19554,-0.127084
241,86,181,162,0.658833,0.964167,0.929167,0.98,380.97,439.801,332.784,391.4,-17889.6,20773.9,0.0267731,-0.199711,-0.191265,-0.00931338
241,86,181,344,0.658833,0.964167,0.929167,0.974167,380.97,439.453,325.203,391.4,-17482,23695.7,0.0267731,-0.182484,-0.191265,0.00316566
241,86,181,346,0.658833,0.964167,0.929167,0.919,380.97,438.835,325.176,391.4,-17247.5,23663.9,0.0267731,-0.182475,-0.193165,-0.0461251
241,86,181,164,0.658833,0.964167,0.929167,0.868167,380.97,439.572,332.773,391.4,-17802.8,20762.6,0.0267731,-0.199714,-0.191952,-0.0574029
241,86,181,451,0.658833,0.964167,0.929167,0.800667,380.97,439.18,314.093,391.4,-16884.8,27977.4,0.0267731,-0.157202,-0.191265,-0.100496
241,86,183,162,0.658833,0.964167,0.915,0.98,380.97,439.801,332.904,396.635,-15883.9,20612.4,0.0293097,-0.199711,-0.177106,-0.0253213
241,86,183,344,0.658833,0.964167,0.915,0.974167,380.97,439.453,325.324,396.635,-15476.4,23574.6,0.0293097,-0.182484,-0.177479,-0.0132153
241,86,183,346,0.658833,0.964167,0.915,0.919,380.97,438.835,325.307,396.635,-15241.8,23543.1,0.0293097,-0.182475,-0.17938,-0.0625064
241,86,183,164,0.658833,0.964167,0.915,0.868167,380.97,439.572,332.897,396.635,-15797.1,20601.2,0.0293097,-0.199714,-0.177793,-0.073411
241,86,183,451,0.658833,0.964167,0.915,0.800667,380.97,439.18,314.215,396.635,-14879.1,27915.5,0.0293097,-0.157202,-0.178058,-0.117457
241,86,467,162,0.658833,0.964167,0.6375,0.98,380.97,439.801,338.616,390.424,-18203.1,18212.9,0.0414811,-0.199711,-0.00470322,-0.0093134
241,86,467,344,0.658833,0.964167,0.6375,0.974167,380.97,439.453,331.035,390.424,-17795.5,21134.7,0.0414811,-0.182484,-0.00470324,0.00316564
241,86,467,346,0.658833,0.964167,0.6375,0.919,380.97,438.835,331.008,390.424,-17561,21106.6,0.0414811,-0.182475,-0.00657032,-0.0460916
241,86,467,164,0.658833,0.964167,0.6375,0.868167,380.97,439.572,338.605,390.424,-18116.3,18202.9,0.0414811,-0.199714,-0.0053785,-0.057391
241,86,467,451,0.658833,0.964167,0.6375,0.800667,380.97,439.18,319.925,390.424,-17198.3,25416.4,0.0414811,-0.157202,-0.00470322,-0.100496
241,86,471,162,0.658833,0.964167,0.578333,0.98,380.97,439.801,367.333,395.811,-16358.8,5435.5,0.11652,-0.199711,0.0650541,-0.0337279
241,86,471,344,0.658833,0.964167,0.578333,0.974167,380.97,439.453,359.753,395.811,-15951.3,8425.31,0.11652,-0.182484,0.0645396,-0.0217633
241,86,471,346,0.658833,0.964167,0.578333,0.919,380.97,438.835,359.742,395.811,-15716.7,8415.07,0.11652,-0.182475,0.0628203,-0.0708728
241,86,471,164,0.658833,0.964167,0.578333,0.868167,380.97,439.572,367.327,395.811,-16272,5432.17,0.11652,-0.199714,0.0644311,-0.0817533
241,86,471,451,0.658833,0.964167,0.578333,0.800667,380.97,439.18,348.647,395.811,-15354,12806.6,0.11652,-0.157202,0.0637454,-0.12622
241,159,182,162,0.658833,0.618857,0.931667,0.98,381.996,417.179,333.01,399.609,-7234.94,20387.6,0.0902992,0.0817027,-0.194048,-0.0288355
241,159,182,344,0.658833,0.618857,0.931667,0.974167,381.996,416.877,325.431,399.609,-6997.72,23372.8,0.0902992,0.0998682,-0.194632,-0.0160029
241,159,182,346,0.658833,0.618857,0.931667,0.919,381.996,416.258,325.421,399.609,-6761.58,23341.3,0.0902992,0.0998877,-0.196533,-0.0652834
241,159,182,164,0.658833,0.618857,0.931667,0.868167,381.996,416.95,333.005,399.609,-7147.54,20376.4,0.0902992,0.0817027,-0.194735,-0.0769223
241,159,182,451,0.658833,0.618857,0.931667,0.800667,381.996,416.684,314.325,399.609,-6650.11,27747.3,0.0902992,0.126522,-0.19554,-0.119201
241,159,181,162,0.658833,0.618857,0.929167,0.98,381.996,417.179,332.784,391.4,-10412.4,20608.4,0.0863513,0.0817027,-0.191265,-0.00374023
241,159,181,344,0.658833,0.618857,0.929167,0.974167,381.996,416.877,325.203,391.4,-10175.2,23530.2,0.0863513,0.0998682,-0.191265,0.00967699
241,159,181,346,0.658833,0.618857,0.929167,0.919,381.996,416.258,325.176,391.4,-9939.07,23498.4,0.0863513,0.0998877,-0.193165,-0.0396035
241,159,181,164,0.658833,0.618857,0.929167,0.868167,381.996,416.95,332.773,391.4,-10325,20597.1,0.0863513,0.0817027,-0.191952,-0.0518268
241,159,181,451,0.658833,0.618857,0.929167,0.800667,381.996,416.684,314.093,391.4,-9827.59,27811.9,0.0863513,0.126522,-0.191265,-0.0926139
241,159,183,162,0.658833,0.618857,0.915,0.98,381.996,417.179,332.904,396.635,-8386.07,20467.6,0.0888879,0.0817027,-0.177106,-0.0197482
241,159,183,344,0.658833,0.618857,0.915,0.974167,381.996,416.877,325.324,396.635,-8148.85,23429.8,0.0888879,0.0998682,-0.177479,-0.00670397
241,159,183,346,0.658833,0.618857,0.915,0.919,381.996,416.258,325.307,396.635,-7912.72,23398.2,0.0888879,0.0998877,-0.17938,-0.0559848
241,159,183,164,0.658833,0.618857,0.915,0.868167,381.996,416.95,332.897,396.635,-8298.67,20456.3,0.0888879,0.0817027,-0.177793,-0.067835
241,159,183,451,0.658833,0.618857,0.915,0.800667,381.996,416.684,314.215,396.635,-7801.24,27770.7,0.0888879,0.126522,-0.178058,-0.109574
241,159,467,162,0.658833,0.618857,0.6375,0.98,381.996,417.179,338.616,390.424,-10594.9,18178.4,0.101059,0.0817027,-0.00470322,-0.00374025
241,159,467,344,0.658833,0.618857,0.6375,0.974167,381.996,416.877,331.035,390.424,-10357.7,21100.2,0.101059,0.0998682,-0.00470324,0.00967697
241,159,467,346,0.658833,0.618857,0.6375,0.919,381.996,416.258,331.008,390.424,-10121.5,21072.1,0.101059,0.0998877,-0.00657032,-0.0395701
241,159,467,164,0.658833,0.618857,0.6375,0.868167,381.996,416.95,338.605,390.424,-10507.5,18168.5,0.101059,0.0817027,-0.0053785,-0.051815
241,159,467,451,0.658833,0.618857,0.6375,0.800667,381.996,416.684,319.925,390.424,-10010.1,25381.9,0.101059,0.126522,-0.00470322,-0.0926139
241,159,471,162,0.658833,0.618857,0.578333,0.98,381.996,417.179,367.333,395.811,-8075.98,6075.64,0.176098,0.0817027,0.0650541,-0.0281548
241,159,471,344,0.658833,0.618857,0.578333,0.974167,381.996,416.877,359.753,395.811,-7838.77,9065.44,0.176098,0.0998682,0.0645396,-0.015252
241,159,471,346,0.658833,0.618857,0.578333,0.919,381.996,416.258,359.742,395.811,-7602.63,9055.21,0.176098,0.0998877,0.0628203,-0.0643512
241,159,471,164,0.658833,0.618857,0.578333,0.868167,381.996,416.95,367.327,395.811,-7988.58,6072.3,0.176098,0.0817027,0.0644311,-0.0761773
241,159,471,451,0.658833,0.618857,0.578333,0.800667,381.996,416.684,348.647,395.811,-7491.15,13446.8,0.176098,0.126522,0.0637454,-0.118337
50,85,182,162,0.608333,0.995556,0.931667,0.98,310.932,439.619,333.01,454.375,4902.61,-10010.4,0.000354777,0.000243555,-0.0213112,-0.0288355
50,85,182,344,0.608333,0.995556,0.931667,0.974167,310.932,439.314,325.431,454.375,4850.12,-6565.59,0.000354777,0.0174812,-0.0218958,-0.0169307
50,85,182,346,0.608333,0.995556,0.931667,0.919,310.932,438.696,325.421,454.375,5042.04,-6552.9,0.000354777,0.0174985,-0.0237964,-0.0662135
50,85,182,164,0.608333,0.995556,0.931667,0.868167,310.932,439.391,333.005,454.375,4973.61,-10005.2,0.000354777,0.000243555,-0.0219984,-0.0769223
50,85,182,451,0.608333,0.995556,0.931667,0.800667,310.932,439.103,314.325,454.375,4773.19,-1517.5,0.000354777,0.0427728,-0.0228033,-0.121491
50,85,181,162,0.608333,0.995556,0.929167,0.98,310.932,439.619,332.784,446.018,2304.23,-9777.75,0.000106822,0.000243555,-0.0148279,-0.00374023
50,85,181,344,0.608333,0.995556,0.929167,0.974167,310.932,439.314,325.203,446.018,2251.74,-6396.29,0.000106822,0.0174812,-0.0148279,0.00874918
50,85,181,346,0.608333,0.995556,0.929167,0.919,310.932,438.696,325.176,446.018,2443.66,-6383.91,0.000106822,0.0174985,-0.0167285,-0.0405336
50,85,181,164,0.608333,0.995556,0.929167,0.868167,310.932,439.391,332.773,446.018,2375.23,-9772.66,0.000106822,0.000243555,-0.015515,-0.0518268
50,85,181,451,0.608333,0.995556,0.929167,0.800667,310.932,439.103,314.093,446.018,2174.81,-1441.04,0.000106822,0.0427728,-0.0148279,-0.0949036
50,85,183,162,0.608333,0.995556,0.915,0.98,310.932,439.619,332.904,451.347,3961.27,-9926.11,0.000265966,0.000243555,-0.00304626,-0.0197482
50,85,183,344,0.608333,0.995556,0.915,0.974167,310.932,439.314,325.324,451.347,3908.78,-6504.25,0.000265966,0.0174812,-0.00341932,-0.00763178
50,85,183,346,0.608333,0.995556,0.915,0.919,310.932,438.696,325.307,451.347,4100.71,-6491.68,0.000265966,0.0174985,-0.00532022,-0.0569149
50,85,183,164,0.608333,0.995556,0.915,0.868167,310.932,439.391,332.897,451.347,4032.28,-9920.94,0.000265966,0.000243555,-0.00373357,-0.067835
50,85,183,451,0.608333,0.995556,0.915,0.800667,310.932,439.103,314.215,451.347,3831.85,-1489.8,0.000265966,0.0427728,-0.00399846,-0.111864
50,85,467,162,0.608333,0.995556,0.6375,0.98,310.932,439.619,338.616,446.062,2344.61,-12338.4,0.0131809,0.000243555,0.1701,-0.00374025
50,85,467,344,0.608333,0.995556,0.6375,0.974167,310.932,439.314,331.035,446.062,2292.12,-8956.94,0.0131809,0.0174812,0.1701,0.00874917
50,85,467,346,0.608333,0.995556,0.6375,0.919,310.932,438.696,331.008,446.062,2484.05,-8940.96,0.0131809,0.0174985,0.168232,-0.0405001
50,85,467,164,0.608333,0.995556,0.6375,0.868167,310.932,439.391,338.605,446.062,2415.61,-12332,0.0131809,0.000243555,0.169424,-0.051815
50,85,467,451,0.608333,0.995556,0.6375,0.800667,310.932,439.103,319.925,446.062,2215.19,-4001.69,0.0131809,0.0427728,0.1701,-0.0949036
50,85,471,162,0.608333,0.995556,0.578333,0.98,310.932,439.619,367.333,456.321,5330.24,-25092.2,0.0756291,0.000243555,0.227266,-0.0281548
50,85,471,344,0.608333,0.995556,0.578333,0.974167,310.932,439.314,359.753,456.321,5277.75,-21642.8,0.0756291,0.0174812,0.226752,-0.0161798
50,85,471,346,0.608333,0.995556,0.578333,0.919,310.932,438.696,359.742,456.321,5469.67,-21608.9,0.0756291,0.0174985,0.225032,-0.0652813
50,85,471,164,0.608333,0.995556,0.578333,0.868167,310.932,439.391,367.327,456.321,5401.24,-25079.2,0.0756291,0.000243555,0.226643,-0.0761773
50,85,471,451,0.608333,0.995556,0.578333,0.800667,310.932,439.103,348.647,456.321,5200.82,-16587.9,0.0756291,0.0427728,0.225957,-0.120627
50,125,182,162,0.608333,0.995,0.931667,0.98,311.253,435.498,333.01,454.375,6274.81,-9916.54,0.0135641,0.0141882,-0.0213112,-0.0288355
50,125,182,344,0.608333,0.995,0.931667,0.974167,311.253,435.193,325.431,454.375,6191.1,-6471.73,0.0135641,0.0315892,-0.0218958,-0.0167673
50,125,182,346,0.608333,0.995,0.931667,0.919,311.253,434.574,325.421,454.375,6383.04,-6459.04,0.0135641,0.0316068,-0.0237964,-0.0660498
50,125,182,164,0.608333,0.995,0.931667,0.868167,311.253,435.269,333.005,454.375,6345.81,-9911.32,0.0135641,0.0141882,-0.0219984,-0.0769223
50,125,182,451,0.608333,0.995,0.931667,0.800667,311.253,434.985,314.325,454.375,6068.44,-1423.64,0.0135641,0.0571202,-0.0228033,-0.121088
50,125,181,162,0.608333,0.995,0.929167,0.98,311.253,435.498,332.784,446.018,3674.25,-9686.07,0.0133162,0.0141882,-0.0148279,-0.00374023
50,125,181,344,0.608333,0.995,0.929167,0.974167,311.253,435.193,325.203,446.018,3590.55,-6304.61,0.0133162,0.0315892,-0.0148279,0.0089125
50,125,181,346,0.608333,0.995,0.929167,0.919,311.253,434.574,325.176,446.018,3782.48,-6292.23,0.0133162,0.0316068,-0.0167285,-0.0403699
50,125,181,164,0.608333,0.995,0.929167,0.868167,311.253,435.269,332.773,446.018,3745.25,-9680.98,0.0133162,0.0141882,-0.015515,-0.0518268
50,125,181,451,0.608333,0.995,0.929167,0.800667,311.253,434.985,314.093,446.018,3467.88,-1349.36,0.0133162,0.0571202,-0.0148279,-0.0945007
50,125,183,162,0.608333,0.995,0.915,0.98,311.253,435.498,332.904,451.347,5332.68,-9833.04,0.0134753,0.0141882,-0.00304626,-0.0197482
50,125,183,344,0.608333,0.995,0.915,0.974167,311.253,435.193,325.324,451.347,5248.98,-6411.18,0.0134753,0.0315892,-0.00341932,-0.00746846
50,125,183,346,0.608333,0.995,0.915,0.919,311.253,434.574,325.307,451.347,5440.92,-6398.61,0.0134753,0.0316068,-0.00532022,-0.0567512
50,125,183,164,0.608333,0.995,0.915,0.868167,311.253,435.269,332.897,451.347,5403.69,-9827.87,0.0134753,0.0141882,-0.00373357,-0.067835
50,125,183,451,0.608333,0.995,0.915,0.800667,311.253,434.985,314.215,451.347,5126.31,-1396.73,0.0134753,0.0571202,-0.00399846,-0.111461
50,125,467,162,0.608333,0.995,0.6375,0.98,311.253,435.498,338.616,446.062,3738.64,-12222.7,0.0263902,0.0141882,0.1701,-0.00374025
50,125,467,344,0.608333,0.995,0.6375,0.974167,311.253,435.193,331.035,446.062,3654.93,-8841.26,0.0263902,0.0315892,0.1701,0.00891248
50,125,467,346,0.608333,0.995,0.6375,0.919,311.253,434.574,331.008,446.062,3846.87,-8825.27,0.0263902,0.0316068,0.168232,-0.0403365
50,125,467,164,0.608333,0.995,0.6375,0.868167,311.253,435.269,338.605,446.062,3809.64,-12216.3,0.0263902,0.0141882,0.169424,-0.051815
50,125,467,451,0.608333,0.995,0.6375,0.800667,311.253,434.985,319.925,446.062,3532.27,-3886.01,0.0263902,0.0571202,0.1701,-0.0945007
50,125,471,162,0.608333,0.995,0.578333,0.98,311.253,435.498,367.333,456.321,6843.84,-24857,0.0888385,0.0141882,0.227266,-0.0281548
50,125,471,344,0.608333,0.995,0.578333,0.974167,311.253,435.193,359.753,456.321,6760.14,-21407.5,0.0888385,0.0315892,0.226752,-0.0160165
50,125,471,346,0.608333,0.995,0.578333,0.919,311.253,434.574,359.742,456.321,6952.08,-21373.6,0.0888385,0.0316068,0.225032,-0.0651176
50,125,471,164,0.608333,0.995,0.578333,0.868167,311.253,435.269,367.327,456.321,6914.84,-24843.9,0.0888385,0.0141882,0.226643,-0.0761773
50,125,471,451,0.608333,0.995,0.578333,0.800667,311.253,434.985,348.647,456.321,6637.47,-16352.6,0.0888385,0.0571202,0.225957,-0.120224
50,126,182,162,0.608333,0.964167,0.931667,0.98,308.665,435.684,333.01,454.375,6235.93,-11092.1,0.0136935,-0.0221398,-0.0213112,-0.0347606
50,126,182,344,0.608333,0.964167,0.931667,0.974167,308.665,435.334,325.431,454.375,6152.61,-7647.26,0.0136935,-0.00474995,-0.0218958,-0.0227035
50,126,182,346,0.608333,0.964167,0.931667,0.919,308.665,434.715,325.421,454.375,6342.96,-7634.57,0.0136935,-0.00474077,-0.0237964,-0.0719945
50,126,182,164,0.608333,0.964167,0.931667,0.868167,308.665,435.455,333.005,454.375,6306.33,-11086.9,0.0136935,-0.0221429,-0.0219984,-0.0828504
50,126,182,451,0.608333,0.964167,0.931667,0.800667,308.665,435.06,314.325,454.375,6030.52,-2599.17,0.0136935,0.0207716,-0.0228033,-0.127034
50,126,181,162,0.608333,0.964167,0.929167,0.98,308.665,435.684,332.784,446.018,3656.99,-10840,0.0134456,-0.0221398,-0.0148279,-0.00966529
50,126,181,344,0.608333,0.964167,0.929167,0.974167,308.665,435.334,325.203,446.018,3573.68,-7458.52,0.0134456,-0.00474995,-0.0148279,0.00297635
50,126,181,346,0.608333,0.964167,0.929167,0.919,308.665,434.715,325.176,446.018,3764.02,-7446.14,0.0134456,-0.00474077,-0.0167285,-0.0463145
50,126,181,164,0.608333,0.964167,0.929167,0.868167,308.665,435.455,332.773,446.018,3727.4,-10834.9,0.0134456,-0.0221429,-0.015515,-0.057755
50,126,181,451,0.608333,0.964167,0.929167,0.800667,308.665,435.06,314.093,446.018,3451.59,-2503.27,0.0134456,0.0207716,-0.0148279,-0.100446
50,126,183,162,0.608333,0.964167,0.915,0.98,308.665,435.684,332.904,451.347,5301.64,-11000.7,0.0136047,-0.0221398,-0.00304626,-0.0256732
50,126,183,344,0.608333,0.964167,0.915,0.974167,308.665,435.334,325.324,451.347,5218.33,-7578.88,0.0136047,-0.00474995,-0.00341932,-0.0134046
50,126,183,346,0.608333,0.964167,0.915,0.919,308.665,434.715,325.307,451.347,5408.67,-7566.31,0.0136047,-0.00474077,-0.00532022,-0.0626958
50,126,183,164,0.608333,0.964167,0.915,0.868167,308.665,435.455,332.897,451.347,5372.05,-10995.6,0.0136047,-0.0221429,-0.00373357,-0.0737631
50,126,183,451,0.608333,0.964167,0.915,0.800667,308.665,435.06,314.215,451.347,5096.23,-2564.43,0.0136047,0.0207716,-0.00399846,-0.117407
50,126,467,162,0.608333,0.964167,0.6375,0.98,308.665,435.684,338.616,446.062,3721.08,-13376.9,0.0265196,-0.0221398,0.1701,-0.00966531
50,126,467,344,0.608333,0.964167,0.6375,0.974167,308.665,435.334,331.035,446.062,3637.77,-9995.46,0.0265196,-0.00474995,0.1701,0.00297634
50,126,467,346,0.608333,0.964167,0.6375,0.919,308.665,434.715,331.008,446.062,3828.11,-9979.48,0.0265196,-0.00474077,0.168232,-0.0462811
50,126,467,164,0.608333,0.964167,0.6375,0.868167,308.665,435.455,338.605,446.062,3791.49,-13370.5,0.0265196,-0.0221429,0.169424,-0.0577432
50,126,467,451,0.608333,0.964167,0.6375,0.800667,308.665,435.06,319.925,446.062,3515.68,-5040.22,0.0265196,0.0207716,0.1701,-0.100446
50,126,471,162,0.608333,0.964167,0.578333,0.98,308.665,435.684,367.333,456.321,6801.6,-26035.8,0.0889679,-0.0221398,0.227266,-0.0340798
50,126,471,344,0.608333,0.964167,0.578333,0.974167,308.665,435.334,359.753,456.321,6718.29,-22586.4,0.0889679,-0.00474995,0.226752,-0.0219526
50,126,471,346,0.608333,0.964167,0.578333,0.919,308.665,434.715,359.742,456.321,6908.63,-22552.5,0.0889679,-0.00474077,0.225032,-0.0710623
50,126,471,164,0.608333,0.964167,0.578333,0.868167,308.665,435.455,367.327,456.321,6872.01,-26022.8,0.0889679,-0.0221429,0.226643,-0.0821055
50,126,471,451,0.608333,0.964167,0.578333,0.800667,308.665,435.06,348.647,456.321,6596.2,-17531.5,0.0889679,0.0207716,0.225957,-0.12617
50,86,182,162,0.608333,0.964167,0.931667,0.98,308.475,439.801,333.01,454.375,4863.86,-11126.7,0.000354786,-0.035862,-0.0213112,-0.0344087
50,86,182,344,0.608333,0.964167,0.931667,0.974167,308.475,439.453,325.431,454.375,4811.79,-7681.86,0.000354786,-0.0186347,-0.0218958,-0.0225142
50,86,182,346,0.608333,0.964167,0.931667,0.919,308.475,438.835,325.421,454.375,5002.2,-7669.18,0.000354786,-0.0186254,-0.0237964,-0.071805
50,86,182,164,0.608333,0.964167,0.931667,0.868167,308.475,439.572,333.005,454.375,4934.3,-11121.5,0.000354786,-0.0358648,-0.0219984,-0.0824983
50,86,182,451,0.608333,0.964167,0.931667,0.800667,308.475,439.18,314.325,454.375,4735.47,-2633.78,0.000354786,0.00664749,-0.0228033,-0.127084
50,86,181,162,0.608333,0.964167,0.929167,0.98,308.475,439.801,332.784,446.018,2286.02,-10873.5,0.000106831,-0.035862,-0.0148279,-0.00931338
50,86,181,344,0.608333,0.964167,0.929167,0.974167,308.475,439.453,325.203,446.018,2233.94,-7492.03,0.000106831,-0.0186347,-0.0148279,0.00316566
50,86,181,346,0.608333,0.964167,0.929167,0.919,308.475,438.835,325.176,446.018,2424.35,-7479.65,0.000106831,-0.0186254,-0.0167285,-0.0461251
50,86,181,164,0.608333,0.964167,0.929167,0.868167,308.475,439.572,332.773,446.018,2356.46,-10868.4,0.000106831,-0.0358648,-0.015515,-0.0574029
50,86,181,451,0.608333,0.964167,0.929167,0.800667,308.475,439.18,314.093,446.018,2157.62,-2536.78,0.000106831,0.00664749,-0.0148279,-0.100496
50,86,183,162,0.608333,0.964167,0.915,0.98,308.475,439.801,332.904,451.347,3929.97,-11034.9,0.000265975,-0.035862,-0.00304626,-0.0253213
50,86,183,344,0.608333,0.964167,0.915,0.974167,308.475,439.453,325.324,451.347,3877.89,-7613.09,0.000265975,-0.0186347,-0.00341932,-0.0132153
50,86,183,346,0.608333,0.964167,0.915,0.919,308.475,438.835,325.307,451.347,4068.3,-7600.52,0.000265975,-0.0186254,-0.00532022,-0.0625064
50,86,183,164,0.608333,0.964167,0.915,0.868167,308.475,439.572,332.897,451.347,4000.41,-11029.8,0.000265975,-0.0358648,-0.00373357,-0.073411
50,86,183,451,0.608333,0.964167,0.915,0.800667,308.475,439.18,314.215,451.347,3801.57,-2598.64,0.000265975,0.00664749,-0.00399846,-0.117457
50,86,467,162,0.608333,0.964167,0.6375,0.98,308.475,439.801,338.616,446.062,2326.08,-13434.5,0.0131809,-0.035862,0.1701,-0.0093134
50,86,467,344,0.608333,0.964167,0.6375,0.974167,308.475,439.453,331.035,446.062,2274.01,-10053,0.0131809,-0.0186347,0.1701,0.00316564
50,86,467,346,0.608333,0.964167,0.6375,0.919,308.475,438.835,331.008,446.062,2464.42,-10037,0.0131809,-0.0186254,0.168232,-0.0460916
50,86,467,164,0.608333,0.964167,0.6375,0.868167,308.475,439.572,338.605,446.062,2396.52,-13428,0.0131809,-0.0358648,0.169424,-0.057391
50,86,467,451,0.608333,0.964167,0.6375,0.800667,308.475,439.18,319.925,446.062,2197.69,-5097.75,0.0131809,0.00664749,0.1701,-0.100496
50,86,471,162,0.608333,0.964167,0.578333,0.98,308.475,439.801,367.333,456.321,5288.12,-26211.9,0.0756291,-0.035862,0.227266,-0.0337279
50,86,471,344,0.608333,0.964167,0.578333,0.974167,308.475,439.453,359.753,456.321,5236.04,-22762.4,0.0756291,-0.0186347,0.226752,-0.0217633
50,86,471,346,0.608333,0.964167,0.578333,0.919,308.475,438.835,359.742,456.321,5426.45,-22728.5,0.0756291,-0.0186254,0.225032,-0.0708728
50,86,471,164,0.608333,0.964167,0.578333,0.868167,308.475,439.572,367.327,456.321,5358.56,-26198.8,0.0756291,-0.0358648,0.226643,-0.0817533
50,86,471,451,0.608333,0.964167,0.578333,0.800667,308.475,439.18,348.647,456.321,5159.72,-17707.6,0.0756291,0.00664749,0.225957,-0.12622
50,159,182,162,0.608333,0.618857,0.931667,0.98,313.329,417.179,333.01,454.375,12373.5,-9499.41,0.0718546,0.257474,-0.0213112,-0.0288355
50,159,182,344,0.608333,0.618857,0.931667,0.974167,313.329,416.877,325.431,454.375,12151,-6054.6,0.0718546,0.275639,-0.0218958,-0.0160029
50,159,182,346,0.608333,0.618857,0.931667,0.919,313.329,416.258,325.421,454.375,12343,-6041.92,0.0718546,0.275659,-0.0237964,-0.0652834
50,159,182,164,0.608333,0.618857,0.931667,0.868167,313.329,416.95,333.005,454.375,12444.5,-9494.2,0.0718546,0.257474,-0.0219984,-0.0769223
50,159,182,451,0.608333,0.618857,0.931667,0.800667,313.329,416.684,314.325,454.375,11825.1,-1006.52,0.0718546,0.302293,-0.0228033,-0.119201
50,159,181,162,0.608333,0.618857,0.929167,0.98,313.329,417.179,332.784,446.018,9763.2,-9278.64,0.0716066,0.257474,-0.0148279,-0.00374023
50,159,181,344,0.608333,0.618857,0.929167,0.974167,313.329,416.877,325.203,446.018,9540.78,-5897.18,0.0716066,0.275639,-0.0148279,0.00967699
50,159,181,346,0.608333,0.618857,0.929167,0.919,313.329,416.258,325.176,446.018,9732.78,-5884.8,0.0716066,0.275659,-0.0167285,-0.0396035
50,159,181,164,0.608333,0.618857,0.929167,0.868167,313.329,416.95,332.773,446.018,9834.21,-9273.55,0.0716066,0.257474,-0.015515,-0.0518268
50,159,181,451,0.608333,0.618857,0.929167,0.800667,313.329,416.684,314.093,446.018,9214.84,-941.933,0.0716066,0.302293,-0.0148279,-0.0926139
50,159,183,162,0.608333,0.618857,0.915,0.98,313.329,417.179,332.904,451.347,11427.8,-9419.43,0.0717658,0.257474,-0.00304626,-0.0197482
50,159,183,344,0.608333,0.618857,0.915,0.974167,313.329,416.877,325.324,451.347,11205.4,-5997.57,0.0717658,0.275639,-0.00341932,-0.00670397
50,159,183,346,0.608333,0.618857,0.915,0.919,313.329,416.258,325.307,451.347,11397.4,-5985,0.0717658,0.275659,-0.00532022,-0.0559848
50,159,183,164,0.608333,0.618857,0.915,0.868167,313.329,416.95,332.897,451.347,11498.8,-9414.26,0.0717658,0.257474,-0.00373357,-0.067835
50,159,183,451,0.608333,0.618857,0.915,0.800667,313.329,416.684,314.215,451.347,10879.5,-983.119,0.0717658,0.302293,-0.00399846,-0.109574
50,159,467,162,0.608333,0.618857,0.6375,0.98,313.329,417.179,338.616,446.062,9934.29,-11708.6,0.0846806,0.257474,0.1701,-0.00374025
50,159,467,344,0.608333,0.618857,0.6375,0.974167,313.329,416.877,331.035,446.062,9711.87,-8327.12,0.0846806,0.275639,0.1701,0.00967697
50,159,467,346,0.608333,0.618857,0.6375,0.919,313.329,416.258,331.008,446.062,9903.87,-8311.14,0.0846806,0.275659,0.168232,-0.0395701
50,159,467,164,0.608333,0.618857,0.6375,0.868167,313.329,416.95,338.605,446.062,10005.3,-11702.2,0.0846806,0.257474,0.169424,-0.051815
50,159,467,451,0.608333,0.618857,0.6375,0.800667,313.329,416.684,319.925,446.062,9385.93,-3371.87,0.0846806,0.302293,0.1701,-0.0926139
50,159,471,162,0.608333,0.618857,0.578333,0.98,313.329,417.179,367.333,456.321,13570.9,-23811.4,0.147129,0.257474,0.227266,-0.0281548
50,159,471,344,0.608333,0.618857,0.578333,0.974167,313.329,416.877,359.753,456.321,13348.5,-20361.9,0.147129,0.275639,0.226752,-0.015252
50,159,471,346,0.608333,0.618857,0.578333,0.919,313.329,416.258,359.742,456.321,13540.5,-20328,0.147129,0.275659,0.225032,-0.0643512
50,159,471,164,0.608333,0.618857,0.578333,0.868167,313.329,416.95,367.327,456.321,13641.9,-23798.3,0.147129,0.257474,0.226643,-0.0761773
50,159,471,451,0.608333,0.618857,0.578333,0.800667,313.329,416.684,348.647,456.321,13022.6,-15307.1,0.147129,0.302293,0.225957,-0.118337
51,85,182,162,0.5675,0.995556,0.931667,0.98,310.868,439.619,333.01,449.569,3302.96,-9904.79,-0.0143634,-0.0152112,-0.0213097,-0.0288355
51,85,182,344,0.5675,0.995556,0.931667,0.974167,310.868,439.314,325.431,449.569,3286.9,-6496.41,-0.0143634,0.00202651,-0.0218943,-0.0169307
51,85,182,346,0.5675,0.995556,0.931667,0.919,310.868,438.696,325.421,449.569,3478.96,-6483.86,-0.0143634,0.00204379,-0.023795,-0.0662135
51,85,182,164,0.5675,0.995556,0.931667,0.868167,310.868,439.391,333.005,449.569,3374.01,-9899.63,-0.0143634,-0.0152112,-0.021997,-0.0769223
51,85,182,451,0.5675,0.995556,0.931667,0.800667,310.868,439.103,314.325,449.569,3263.35,-1501.72,-0.0143634,0.0273181,-0.0228019,-0.121491
51,85,181,162,0.5675,0.995556,0.929167,0.98,310.868,439.619,332.784,441.213,705.117,-9672.15,-0.0146139,-0.0152112,-0.0148291,-0.00374023
51,85,181,344,0.5675,0.995556,0.929167,0.974167,310.868,439.314,325.203,441.213,689.056,-6327.12,-0.0146139,0.00202651,-0.0148291,0.00874918
51,85,181,346,0.5675,0.995556,0.929167,0.919,310.868,438.696,325.176,441.213,881.115,-6314.87,-0.0146139,0.00204379,-0.0167297,-0.0405336
51,85,181,164,0.5675,0.995556,0.929167,0.868167,310.868,439.391,332.773,441.213,776.173,-9667.11,-0.0146139,-0.0152112,-0.0155162,-0.0518268
51,85,181,451,0.5675,0.995556,0.929167,0.800667,310.868,439.103,314.093,441.213,665.513,-1425.26,-0.0146139,0.0273181,-0.0148291,-0.0949036
51,85,183,162,0.5675,0.995556,0.915,0.98,310.868,439.619,332.904,446.542,2361.82,-9820.51,-0.014453,-0.0152112,-0.00304578,-0.0197482
51,85,183,344,0.5675,0.995556,0.915,0.974167,310.868,439.314,325.324,446.542,2345.76,-6435.08,-0.014453,0.00202651,-0.00341884,-0.00763178
51,85,183,346,0.5675,0.995556,0.915,0.919,310.868,438.696,325.307,446.542,2537.82,-6422.64,-0.014453,0.00204379,-0.00531975,-0.0569149
51,85,183,164,0.5675,0.995556,0.915,0.868167,310.868,439.391,332.897,446.542,2432.88,-9815.4,-0.014453,-0.0152112,-0.00373309,-0.067835
51,85,183,451,0.5675,0.995556,0.915,0.800667,310.868,439.103,314.215,446.542,2322.21,-1474.02,-0.014453,0.0273181,-0.00399799,-0.111864
51,85,467,162,0.5675,0.995556,0.6375,0.98,310.868,439.619,338.616,441.257,717.475,-12232.8,-0.00139768,-0.0152112,0.170241,-0.00374025
51,85,467,344,0.5675,0.995556,0.6375,0.974167,310.868,439.314,331.035,441.257,701.414,-8887.77,-0.00139768,0.00202651,0.170241,0.00874917
51,85,467,346,0.5675,0.995556,0.6375,0.919,310.868,438.696,331.008,441.257,893.473,-8871.92,-0.00139768,0.00204379,0.168374,-0.0405001
51,85,467,164,0.5675,0.995556,0.6375,0.868167,310.868,439.391,338.605,441.257,788.531,-12226.4,-0.00139768,-0.0152112,0.169565,-0.051815
51,85,467,451,0.5675,0.995556,0.6375,0.800667,310.868,439.103,319.925,441.257,677.871,-3985.91,-0.00139768,0.0273181,0.170241,-0.0949036
51,85,471,162,0.5675,0.995556,0.578333,0.98,310.868,439.619,367.333,451.529,3565.69,-24986.6,0.0617115,-0.0152112,0.228068,-0.0281548
51,85,471,344,0.5675,0.995556,0.578333,0.974167,310.868,439.314,359.753,451.529,3549.63,-21573.6,0.0617115,0.00202651,0.227553,-0.0161798
51,85,471,346,0.5675,0.995556,0.578333,0.919,310.868,438.696,359.742,451.529,3741.69,-21539.8,0.0617115,0.00204379,0.225834,-0.0652813
51,85,471,164,0.5675,0.995556,0.578333,0.868167,310.868,439.391,367.327,451.529,3636.74,-24973.6,0.0617115,-0.0152112,0.227445,-0.0761773
51,85,471,451,0.5675,0.995556,0.578333,0.800667,310.868,439.103,348.647,451.529,3526.08,-16572.1,0.0617115,0.0273181,0.226759,-0.120627
51,125,182,162,0.5675,0.995,0.931667,0.98,311.125,435.498,333.01,449.569,4675.16,-9811.92,-0.00113559,-0.00124812,-0.0213097,-0.0288355
51,125,182,344,0.5675,0.995,0.931667,0.974167,311.125,435.193,325.431,449.569,4627.88,-6403.54,-0.00113559,0.0161529,-0.0218943,-0.0167673
51,125,182,346,0.5675,0.995,0.931667,0.919,311.125,434.574,325.421,449.569,4819.96,-6390.99,-0.00113559,0.0161705,-0.023795,-0.0660498
51,125,182,164,0.5675,0.995,0.931667,0.868167,311.125,435.269,333.005,449.569,4746.21,-9806.76,-0.00113559,-0.00124812,-0.021997,-0.0769223
51,125,182,451,0.5675,0.995,0.931667,0.800667,311.125,434.985,314.325,449.569,4558.6,-1408.85,-0.00113559,0.0416839,-0.0228019,-0.121088
51,125,181,162,0.5675,0.995,0.929167,0.98,311.125,435.498,332.784,441.213,2075.14,-9581.46,-0.00138617,-0.00124812,-0.0148291,-0.00374023
51,125,181,344,0.5675,0.995,0.929167,0.974167,311.125,435.193,325.203,441.213,2027.86,-6236.43,-0.00138617,0.0161529,-0.0148291,0.0089125
51,125,181,346,0.5675,0.995,0.929167,0.919,311.125,434.574,325.176,441.213,2219.93,-6224.18,-0.00138617,0.0161705,-0.0167297,-0.0403699
51,125,181,164,0.5675,0.995,0.929167,0.868167,311.125,435.269,332.773,441.213,2146.19,-9576.42,-0.00138617,-0.00124812,-0.0155162,-0.0518268
51,125,181,451,0.5675,0.995,0.929167,0.800667,311.125,434.985,314.093,441.213,1958.58,-1334.57,-0.00138617,0.0416839,-0.0148291,-0.0945007
51,125,183,162,0.5675,0.995,0.915,0.98,311.125,435.498,332.904,446.542,3733.23,-9728.43,-0.00122524,-0.00124812,-0.00304578,-0.0197482
51,125,183,344,0.5675,0.995,0.915,0.974167,311.125,435.193,325.324,446.542,3685.96,-6343,-0.00122524,0.0161529,-0.00341884,-0.00746846
51,125,183,346,0.5675,0.995,0.915,0.919,311.125,434.574,325.307,446.542,3878.03,-6330.56,-0.00122524,0.0161705,-0.00531975,-0.0567512
51,125,183,164,0.5675,0.995,0.915,0.868167,311.125,435.269,332.897,446.542,3804.28,-9723.32,-0.00122524,-0.00124812,-0.00373309,-0.067835
51,125,183,451,0.5675,0.995,0.915,0.800667,311.125,434.985,314.215,446.542,3616.67,-1381.94,-0.00122524,0.0416839,-0.00399799,-0.111461
51,125,467,162,0.5675,0.995,0.6375,0.98,311.125,435.498,338.616,441.257,2111.5,-12118.1,0.0118301,-0.00124812,0.170241,-0.00374025
51,125,467,344,0.5675,0.995,0.6375,0.974167,311.125,435.193,331.035,441.257,2064.23,-8773.07,0.0118301,0.0161529,0.170241,0.00891248
51,125,467,346,0.5675,0.995,0.6375,0.919,311.125,434.574,331.008,441.257,2256.3,-8757.22,0.0118301,0.0161705,0.168374,-0.0403365
51,125,467,164,0.5675,0.995,0.6375,0.868167,311.125,435.269,338.605,441.257,2182.56,-12111.7,0.0118301,-0.00124812,0.169565,-0.051815
51,125,467,451,0.5675,0.995,0.6375,0.800667,311.125,434.985,319.925,441.257,1994.95,-3871.21,0.0118301,0.0416839,0.170241,-0.0945007
51,125,471,162,0.5675,0.995,0.578333,0.98,311.125,435.498,367.333,451.529,5079.29,-24752.3,0.0749393,-0.00124812,0.228068,-0.0281548
51,125,471,344,0.5675,0.995,0.578333,0.974167,311.125,435.193,359.753,451.529,5032.02,-21339.3,0.0749393,0.0161529,0.227553,-0.0160165
51,125,471,346,0.5675,0.995,0.578333,0.919,311.125,434.574,359.742,451.529,5224.09,-21305.6,0.0749393,0.0161705,0.225834,-0.0651176
51,125,471,164,0.5675,0.995,0.578333,0.868167,311.125,435.269,367.327,451.529,5150.35,-24739.3,0.0749393,-0.00124812,0.227445,-0.0761773
51,125,471,451,0.5675,0.995,0.578333,0.800667,311.125,434.985,348.647,451.529,4962.74,-16337.8,0.0749393,0.0416839,0.226759,-0.120224
51,126,182,162,0.5675,0.964167,0.931667,0.98,308.537,435.684,333.01,449.569,4636.27,-10975,-0.00113558,-0.0377055,-0.0213097,-0.0347606
51,126,182,344,0.5675,0.964167,0.931667,0.974167,308.537,435.334,325.431,449.569,4589.4,-7566.64,-0.00113558,-0.0203156,-0.0218943,-0.0227035
51,126,182,346,0.5675,0.964167,0.931667,0.919,308.537,434.715,325.421,449.569,4779.87,-7554.09,-0.00113558,-0.0203065,-0.023795,-0.0719945
51,126,182,164,0.5675,0.964167,0.931667,0.868167,308.537,435.455,333.005,449.569,4706.74,-10969.9,-0.00113558,-0.0377086,-0.021997,-0.0828504
51,126,182,451,0.5675,0.964167,0.931667,0.800667,308.537,435.06,314.325,449.569,4520.69,-2571.94,-0.00113558,0.00520588,-0.0228019,-0.127034
51,126,181,162,0.5675,0.964167,0.929167,0.98,308.537,435.684,332.784,441.213,2057.88,-10722.9,-0.00138616,-0.0377055,-0.0148291,-0.00966529
51,126,181,344,0.5675,0.964167,0.929167,0.974167,308.537,435.334,325.203,441.213,2011,-7377.91,-0.00138616,-0.0203156,-0.0148291,0.00297635
51,126,181,346,0.5675,0.964167,0.929167,0.919,308.537,434.715,325.176,441.213,2201.47,-7365.66,-0.00138616,-0.0203065,-0.0167297,-0.0463145
51,126,181,164,0.5675,0.964167,0.929167,0.868167,308.537,435.455,332.773,441.213,2128.34,-10717.9,-0.00138616,-0.0377086,-0.0155162,-0.057755
51,126,181,451,0.5675,0.964167,0.929167,0.800667,308.537,435.06,314.093,441.213,1942.29,-2476.04,-0.00138616,0.00520588,-0.0148291,-0.100446
51,126,183,162,0.5675,0.964167,0.915,0.98,308.537,435.684,332.904,446.542,3702.18,-10883.7,-0.00122523,-0.0377055,-0.00304578,-0.0256732
51,126,183,344,0.5675,0.964167,0.915,0.974167,308.537,435.334,325.324,446.542,3655.3,-7498.27,-0.00122523,-0.0203156,-0.00341884,-0.0134046
51,126,183,346,0.5675,0.964167,0.915,0.919,308.537,434.715,325.307,446.542,3845.78,-7485.83,-0.00122523,-0.0203065,-0.00531975,-0.0626958
51,126,183,164,0.5675,0.964167,0.915,0.868167,308.537,435.455,332.897,446.542,3772.65,-10878.6,-0.00122523,-0.0377086,-0.00373309,-0.0737631
51,126,183,451,0.5675,0.964167,0.915,0.800667,308.537,435.06,314.215,446.542,3586.6,-2537.2,-0.00122523,0.00520588,-0.00399799,-0.117407
51,126,467,162,0.5675,0.964167,0.6375,0.98,308.537,435.684,338.616,441.257,2093.94,-13259.9,0.0118301,-0.0377055,0.170241,-0.00966531
51,126,467,344,0.5675,0.964167,0.6375,0.974167,308.537,435.334,331.035,441.257,2047.06,-9914.85,0.0118301,-0.0203156,0.170241,0.00297634
51,126,467,346,0.5675,0.964167,0.6375,0.919,308.537,434.715,331.008,441.257,2237.54,-9899,0.0118301,-0.0203065,0.168374,-0.0462811
51,126,467,164,0.5675,0.964167,0.6375,0.868167,308.537,435.455,338.605,441.257,2164.41,-13253.5,0.0118301,-0.0377086,0.169565,-0.0577432
51,126,467,451,0.5675,0.964167,0.6375,0.800667,308.537,435.06,319.925,441.257,1978.36,-5012.99,0.0118301,0.00520588,0.170241,-0.100446
51,126,471,162,0.5675,0.964167,0.578333,0.98,308.537,435.684,367.333,451.529,5037.05,-25918.8,0.0749393,-0.0377055,0.228068,-0.0340798
51,126,471,344,0.5675,0.964167,0.578333,0.974167,308.537,435.334,359.753,451.529,4990.17,-22505.8,0.0749393,-0.0203156,0.227553,-0.0219526
51,126,471,346,0.5675,0.964167,0.578333,0.919,308.537,434.715,359.742,451.529,5180.64,-22472,0.0749393,-0.0203065,0.225834,-0.0710623
51,126,471,164,0.5675,0.964167,0.578333,0.868167,308.537,435.455,367.327,451.529,5107.51,-25905.8,0.0749393,-0.0377086,0.227445,-0.0821055
51,126,471,451,0.5675,0.964167,0.578333,0.800667,308.537,435.06,348.647,451.529,4921.46,-17504.3,0.0749393,0.00520588,0.226759,-0.12617
51,86,182,162,0.5675,0.964167,0.931667,0.98,308.411,439.801,333.01,449.569,3264.21,-11009.3,-0.0144865,-0.0514398,-0.0213097,-0.0344087
51,86,182,344,0.5675,0.964167,0.931667,0.974167,308.411,439.453,325.431,449.569,3248.57,-7600.89,-0.0144865,-0.0342125,-0.0218943,-0.0225142
51,86,182,346,0.5675,0.964167,0.931667,0.919,308.411,438.835,325.421,449.569,3439.11,-7588.34,-0.0144865,-0.0342032,-0.023795,-0.071805
51,86,182,164,0.5675,0.964167,0.931667,0.868167,308.411,439.572,333.005,449.569,3334.71,-11004.1,-0.0144865,-0.0514427,-0.021997,-0.0824983
51,86,182,451,0.5675,0.964167,0.931667,0.800667,308.411,439.18,314.325,449.569,3225.63,-2606.19,-0.0144865,-0.00893035,-0.0228019,-0.127084
51,86,181,162,0.5675,0.964167,0.929167,0.98,308.411,439.801,332.784,441.213,686.908,-10756.1,-0.0147371,-0.0514398,-0.0148291,-0.00931338
51,86,181,344,0.5675,0.964167,0.929167,0.974167,308.411,439.453,325.203,441.213,671.261,-7411.06,-0.0147371,-0.0342125,-0.0148291,0.00316566
51,86,181,346,0.5675,0.964167,0.929167,0.919,308.411,438.835,325.176,441.213,861.804,-7398.81,-0.0147371,-0.0342032,-0.0167297,-0.0461251
51,86,181,164,0.5675,0.964167,0.929167,0.868167,308.411,439.572,332.773,441.213,757.403,-10751,-0.0147371,-0.0514427,-0.0155162,-0.0574029
51,86,181,451,0.5675,0.964167,0.929167,0.800667,308.411,439.18,314.093,441.213,648.326,-2509.19,-0.0147371,-0.00893035,-0.0148291,-0.100496
51,86,183,162,0.5675,0.964167,0.915,0.98,308.411,439.801,332.904,446.542,2330.51,-10917.5,-0.0145761,-0.0514398,-0.00304578,-0.0253213
51,86,183,344,0.5675,0.964167,0.915,0.974167,308.411,439.453,325.324,446.542,2314.87,-7532.11,-0.0145761,-0.0342125,-0.00341884,-0.0132153
51,86,183,346,0.5675,0.964167,0.915,0.919,308.411,438.835,325.307,446.542,2505.41,-7519.67,-0.0145761,-0.0342032,-0.00531975,-0.0625064
51,86,183,164,0.5675,0.964167,0.915,0.868167,308.411,439.572,332.897,446.542,2401.01,-10912.4,-0.0145761,-0.0514427,-0.00373309,-0.073411
51,86,183,451,0.5675,0.964167,0.915,0.800667,308.411,439.18,314.215,446.542,2291.93,-2571.05,-0.0145761,-0.00893035,-0.00399799,-0.117457
51,86,467,162,0.5675,0.964167,0.6375,0.98,308.411,439.801,338.616,441.257,698.947,-13317.1,-0.0015208,-0.0514398,0.170241,-0.0093134
51,86,467,344,0.5675,0.964167,0.6375,0.974167,308.411,439.453,331.035,441.257,683.3,-9972.03,-0.0015208,-0.0342125,0.170241,0.00316564
51,86,467,346,0.5675,0.964167,0.6375,0.919,308.411,438.835,331.008,441.257,873.843,-9956.17,-0.0015208,-0.0342032,0.168374,-0.0460916
51,86,467,164,0.5675,0.964167,0.6375,0.868167,308.411,439.572,338.605,441.257,769.442,-13310.7,-0.0015208,-0.0514427,0.169565,-0.057391
51,86,467,451,0.5675,0.964167,0.6375,0.800667,308.411,439.18,319.925,441.257,660.365,-5070.16,-0.0015208,-0.00893035,0.170241,-0.100496
51,86,471,162,0.5675,0.964167,0.578333,0.98,308.411,439.801,367.333,451.529,3523.56,-26094.5,0.0615884,-0.0514398,0.228068,-0.0337279
51,86,471,344,0.5675,0.964167,0.578333,0.974167,308.411,439.453,359.753,451.529,3507.92,-22681.5,0.0615884,-0.0342125,0.227553,-0.0217633
51,86,471,346,0.5675,0.964167,0.578333,0.919,308.411,438.835,359.742,451.529,3698.46,-22647.7,0.0615884,-0.0342032,0.225834,-0.0708728
51,86,471,164,0.5675,0.964167,0.578333,0.868167,308.411,439.572,367.327,451.529,3594.06,-26081.5,0.0615884,-0.0514427,0.227445,-0.0817533
51,86,471,451,0.5675,0.964167,0.578333,0.800667,308.411,439.18,348.647,451.529,3484.98,-17680,0.0615884,-0.00893035,0.226759,-0.12622
51,159,182,162,0.5675,0.618857,0.931667,0.98,312.921,417.179,333.01,449.569,10773.8,-9399.2,0.0573003,0.242183,-0.0213097,-0.0288355
51,159,182,344,0.5675,0.618857,0.931667,0.974167,312.921,416.877,325.431,449.569,10587.8,-5990.82,0.0573003,0.260348,-0.0218943,-0.0160029
51,159,182,346,0.5675,0.618857,0.931667,0.919,312.921,416.258,325.421,449.569,10779.9,-5978.27,0.0573003,0.260368,-0.023795,-0.0652834
51,159,182,164,0.5675,0.618857,0.931667,0.868167,312.921,416.95,333.005,449.569,10844.9,-9394.04,0.0573003,0.242183,-0.021997,-0.0769223
51,159,182,451,0.5675,0.618857,0.931667,0.800667,312.921,416.684,314.325,449.569,10315.3,-996.121,0.0573003,0.287002,-0.0228019,-0.119201
51,159,181,162,0.5675,0.618857,0.929167,0.98,312.921,417.179,332.784,441.213,8164.09,-9178.43,0.0570497,0.242183,-0.0148291,-0.00374023
51,159,181,344,0.5675,0.618857,0.929167,0.974167,312.921,416.877,325.203,441.213,7978.1,-5833.4,0.0570497,0.260348,-0.0148291,0.00967699
51,159,181,346,0.5675,0.618857,0.929167,0.919,312.921,416.258,325.176,441.213,8170.23,-5821.15,0.0570497,0.260368,-0.0167297,-0.0396035
51,159,181,164,0.5675,0.618857,0.929167,0.868167,312.921,416.95,332.773,441.213,8235.15,-9173.39,0.0570497,0.242183,-0.0155162,-0.0518268
51,159,181,451,0.5675,0.618857,0.929167,0.800667,312.921,416.684,314.093,441.213,7705.54,-931.538,0.0570497,0.287002,-0.0148291,-0.0926139
51,159,183,162,0.5675,0.618857,0.915,0.98,312.921,417.179,332.904,446.542,9828.37,-9319.22,0.0572106,0.242183,-0.00304578,-0.0197482
51,159,183,344,0.5675,0.618857,0.915,0.974167,312.921,416.877,325.324,446.542,9642.38,-5933.79,0.0572106,0.260348,-0.00341884,-0.00670397
51,159,183,346,0.5675,0.618857,0.915,0.919,312.921,416.258,325.307,446.542,9834.5,-5921.35,0.0572106,0.260368,-0.00531975,-0.0559848
51,159,183,164,0.5675,0.618857,0.915,0.868167,312.921,416.95,332.897,446.542,9899.42,-9314.1,0.0572106,0.242183,-0.00373309,-0.067835
51,159,183,451,0.5675,0.618857,0.915,0.800667,312.921,416.684,314.215,446.542,9369.82,-972.723,0.0572106,0.287002,-0.00399799,-0.109574
51,159,467,162,0.5675,0.618857,0.6375,0.98,312.921,417.179,338.616,441.257,8307.16,-11608.4,0.0702659,0.242183,0.170241,-0.00374025
51,159,467,344,0.5675,0.618857,0.6375,0.974167,312.921,416.877,331.035,441.257,8121.17,-8263.34,0.0702659,0.260348,0.170241,0.00967697
51,159,467,346,0.5675,0.618857,0.6375,0.919,312.921,416.258,331.008,441.257,8313.3,-8247.49,0.0702659,0.260368,0.168374,-0.0395701
51,159,467,164,0.5675,0.618857,0.6375,0.868167,312.921,416.95,338.605,441.257,8378.21,-11602,0.0702659,0.242183,0.169565,-0.051815
51,159,467,451,0.5675,0.618857,0.6375,0.800667,312.921,416.684,319.925,441.257,7848.61,-3361.48,0.0702659,0.287002,0.170241,-0.0926139
51,159,471,162,0.5675,0.618857,0.578333,0.98,312.921,417.179,367.333,451.529,11806.4,-23711.2,0.133375,0.242183,0.228068,-0.0281548
51,159,471,344,0.5675,0.618857,0.578333,0.974167,312.921,416.877,359.753,451.529,11620.4,-20298.1,0.133375,0.260348,0.227553,-0.015252
51,159,471,346,0.5675,0.618857,0.578333,0.919,312.921,416.258,359.742,451.529,11812.5,-20264.4,0.133375,0.260368,0.225834,-0.0643512
51,159,471,164,0.5675,0.618857,0.578333,0.868167,312.921,416.95,367.327,451.529,11877.5,-23698.1,0.133375,0.242183,0.227445,-0.0761773
51,159,471,451,0.5675,0.618857,0.578333,0.800667,312.921,416.684,348.647,451.529,11347.8,-15296.7,0.133375,0.287002,0.226759,-0.118337
