23,16,55,130,0.980833,0.653667,0.9845,0.9925,393.903,566.912,396.693,550.925,-6333.69,-1680.69,-0.00898261,0.0203018,0.00409138,0.013365
23,16,55,141,0.980833,0.653667,0.9845,0.1305,393.903,569.771,448.684,550.925,-7163.81,-30324.1,-0.00898261,-0.0710714,0.00409143,0.235309
23,16,55,144,0.980833,0.653667,0.9845,0.102167,393.903,572.079,468.326,550.925,-7477.4,-41145.1,-0.00898261,-0.105238,0.00409137,0.298094
23,16,136,130,0.980833,0.653667,0.497833,0.9925,393.903,566.912,396.224,550.927,-6326.2,-1414.97,-0.00983341,0.0203018,-0.0193832,0.013365
23,16,136,141,0.980833,0.653667,0.497833,0.1305,393.903,569.771,448.216,550.927,-7156.32,-30058.4,-0.00983341,-0.0710714,-0.0193832,0.235309
23,16,136,144,0.980833,0.653667,0.497833,0.102167,393.903,572.079,467.857,550.927,-7469.91,-40879.4,-0.00983341,-0.105238,-0.0193832,0.298094
23,16,135,130,0.980833,0.653667,0.325333,0.9925,393.903,566.912,402.121,550.931,-6420.35,-4758.11,0.000871112,0.0203018,-0.105325,0.013365
23,16,135,141,0.980833,0.653667,0.325333,0.1305,393.903,569.771,454.113,550.931,-7250.47,-33401.5,0.000871112,-0.0710714,-0.105325,0.235309
23,16,135,144,0.980833,0.653667,0.325333,0.102167,393.903,572.079,473.755,550.931,-7564.07,-44222.5,0.000871112,-0.105238,-0.105325,0.298094
23,16,147,130,0.980833,0.653667,0.32,0.9925,393.903,566.912,388.626,551.016,-6204.87,2892.46,-0.0236233,0.0203018,0.0281115,0.0133649
23,16,147,141,0.980833,0.653667,0.32,0.1305,393.903,569.771,440.617,551.016,-7034.99,-25750.9,-0.0236233,-0.0710714,0.0281115,0.235309
23,16,147,144,0.980833,0.653667,0.32,0.102167,393.903,572.079,460.259,551.016,-7348.58,-36571.9,-0.0236233,-0.105238,0.0281115,0.298094
23,16,137,130,0.980833,0.653667,0.280333,0.9925,393.903,566.912,402.758,550.935,-6430.53,-5118.93,0.00202637,0.0203018,-0.120614,0.013365
23,16,137,141,0.980833,0.653667,0.280333,0.1305,393.903,569.771,454.75,550.935,-7260.65,-33762.3,0.00202637,-0.0710714,-0.120614,0.235309
23,16,137,144,0.980833,0.653667,0.280333,0.102167,393.903,572.079,474.391,550.935,-7574.24,-44583.3,0.00202637,-0.105238,-0.120614,0.298094
23,25,55,130,0.980833,0.405333,0.9845,0.9925,393.712,563.219,396.693,550.925,-4868.65,-1721.43,0.00038397,-0.0262123,0.00409138,0.0131986
23,25,55,141,0.980833,0.405333,0.9845,0.1305,393.712,566.103,448.684,550.925,-5506.76,-30364.8,0.00038397,-0.118179,0.00409143,0.234548
23,25,55,144,0.980833,0.405333,0.9845,0.102167,393.712,568.428,468.326,550.925,-5747.82,-41185.8,0.00038397,-0.152563,0.00409137,0.297117
23,25,136,130,0.980833,0.405333,0.497833,0.9925,393.712,563.219,396.224,550.927,-4862.89,-1457.44,-0.000466826,-0.0262123,-0.0193832,0.0131986
23,25,136,141,0.980833,0.405333,0.497833,0.1305,393.712,566.103,448.216,550.927,-5501,-30100.8,-0.000466826,-0.118179,-0.0193832,0.234548
23,25,136,144,0.980833,0.405333,0.497833,0.102167,393.712,568.428,467.857,550.927,-5742.06,-40921.8,-0.000466826,-0.152563,-0.0193832,0.297117
23,25,135,130,0.980833,0.405333,0.325333,0.9925,393.712,563.219,402.121,550.931,-4935.27,-4778.8,0.0102377,-0.0262123,-0.105325,0.0131985
23,25,135,141,0.980833,0.405333,0.325333,0.1305,393.712,566.103,454.113,550.931,-5573.38,-33422.2,0.0102377,-0.118179,-0.105325,0.234548
23,25,135,144,0.980833,0.405333,0.325333,0.102167,393.712,568.428,473.755,550.931,-5814.43,-44243.2,0.0102377,-0.152563,-0.105325,0.297117
23,25,147,130,0.980833,0.405333,0.32,0.9925,393.712,563.219,388.626,551.016,-4769.63,2821.93,-0.0142567,-0.0262123,0.0281115,0.0131985
23,25,147,141,0.980833,0.405333,0.32,0.1305,393.712,566.103,440.617,551.016,-5407.74,-25821.4,-0.0142567,-0.118179,0.0281115,0.234548
23,25,147,144,0.980833,0.405333,0.32,0.102167,393.712,568.428,460.259,551.016,-5648.79,-36642.5,-0.0142567,-0.152563,0.0281115,0.297117
23,25,137,130,0.980833,0.405333,0.280333,0.9925,393.712,563.219,402.758,550.935,-4943.09,-5137.28,0.0113929,-0.0262123,-0.120614,0.0131986
23,25,137,141,0.980833,0.405333,0.280333,0.1305,393.712,566.103,454.75,550.935,-5581.2,-33780.7,0.0113929,-0.118179,-0.120614,0.234548
23,25,137,144,0.980833,0.405333,0.280333,0.102167,393.712,568.428,474.391,550.935,-5822.25,-44601.7,0.0113929,-0.152563,-0.120614,0.297117
23,4,55,130,0.980833,0.403667,0.9845,0.9925,393.694,562.851,396.693,550.925,-4722.65,-1725.48,0.00131789,-0.04834,0.00409138,0.0131819
23,4,55,141,0.980833,0.403667,0.9845,0.1305,393.694,565.738,448.684,550.925,-5341.63,-30368.9,0.00131789,-0.140366,0.00409143,0.234472
23,4,55,144,0.980833,0.403667,0.9845,0.102167,393.694,568.064,468.326,550.925,-5575.45,-41189.9,0.00131789,-0.174772,0.00409137,0.297019
23,4,136,130,0.980833,0.403667,0.497833,0.9925,393.694,562.851,396.224,550.927,-4717.07,-1461.67,0.000467093,-0.04834,-0.0193832,0.0131819
23,4,136,141,0.980833,0.403667,0.497833,0.1305,393.694,565.738,448.216,550.927,-5336.04,-30105,0.000467093,-0.140366,-0.0193832,0.234472
23,4,136,144,0.980833,0.403667,0.497833,0.102167,393.694,568.064,467.857,550.927,-5569.86,-40926.1,0.000467093,-0.174772,-0.0193832,0.297019
23,4,135,130,0.980833,0.403667,0.325333,0.9925,393.694,562.851,402.121,550.931,-4787.27,-4780.86,0.0111716,-0.04834,-0.105325,0.0131819
23,4,135,141,0.980833,0.403667,0.325333,0.1305,393.694,565.738,454.113,550.931,-5406.24,-33424.2,0.0111716,-0.140366,-0.105325,0.234472
23,4,135,144,0.980833,0.403667,0.325333,0.102167,393.694,568.064,473.755,550.931,-5640.07,-44245.2,0.0111716,-0.174772,-0.105325,0.297019
23,4,147,130,0.980833,0.403667,0.32,0.9925,393.694,562.851,388.626,551.016,-4626.6,2814.91,-0.0133228,-0.04834,0.0281115,0.0131818
23,4,147,141,0.980833,0.403667,0.32,0.1305,393.694,565.738,440.617,551.016,-5245.57,-25828.5,-0.0133228,-0.140366,0.0281115,0.234472
23,4,147,144,0.980833,0.403667,0.32,0.102167,393.694,568.064,460.259,551.016,-5479.4,-36649.5,-0.0133228,-0.174772,0.0281115,0.297019
23,4,137,130,0.980833,0.403667,0.280333,0.9925,393.694,562.851,402.758,550.935,-4794.86,-5139.1,0.0123269,-0.04834,-0.120614,0.0131819
23,4,137,141,0.980833,0.403667,0.280333,0.1305,393.694,565.738,454.75,550.935,-5413.83,-33782.5,0.0123269,-0.140366,-0.120614,0.234472
23,4,137,144,0.980833,0.403667,0.280333,0.102167,393.694,568.064,474.391,550.935,-5647.66,-44603.5,0.0123269,-0.174772,-0.120614,0.297019
23,7,55,130,0.980833,0.312167,0.9845,0.9925,386.492,562.934,396.693,550.925,-4709.93,-5694.77,0.000837171,-0.025916,0.00409138,0.000383141
23,7,55,141,0.980833,0.312167,0.9845,0.1305,386.492,566.481,448.684,550.925,-5327.23,-34338.1,0.000837171,-0.117803,0.00409143,0.221813
23,7,55,144,0.980833,0.312167,0.9845,0.102167,386.492,569.053,468.326,550.925,-5560.43,-45159.2,0.000837171,-0.152101,0.00409137,0.284467
23,7,136,130,0.980833,0.312167,0.497833,0.9925,386.492,562.934,396.224,550.927,-4704.35,-5430.97,-1.36262e-05,-0.025916,-0.0193832,0.000383097
23,7,136,141,0.980833,0.312167,0.497833,0.1305,386.492,566.481,448.216,550.927,-5321.66,-34074.4,-1.36262e-05,-0.117803,-0.0193832,0.221813
23,7,136,144,0.980833,0.312167,0.497833,0.102167,386.492,569.053,467.857,550.927,-5554.85,-44895.4,-1.36262e-05,-0.152101,-0.0193832,0.284467
23,7,135,130,0.980833,0.312167,0.325333,0.9925,386.492,562.934,402.121,550.931,-4774.37,-8749.97,0.0106909,-0.025916,-0.105325,0.000383071
23,7,135,141,0.980833,0.312167,0.325333,0.1305,386.492,566.481,454.113,550.931,-5391.67,-37393.3,0.0106909,-0.117803,-0.105325,0.221813
23,7,135,144,0.980833,0.312167,0.325333,0.102167,386.492,569.053,473.755,550.931,-5624.87,-48214.4,0.0106909,-0.152101,-0.105325,0.284467
23,7,147,130,0.980833,0.312167,0.32,0.9925,386.492,562.934,388.626,551.016,-4614.13,-1154.64,-0.0138035,-0.025916,0.0281115,0.000383037
23,7,147,141,0.980833,0.312167,0.32,0.1305,386.492,566.481,440.617,551.016,-5231.43,-29798,-0.0138035,-0.117803,0.0281115,0.221813
23,7,147,144,0.980833,0.312167,0.32,0.102167,386.492,569.053,460.259,551.016,-5464.63,-40619,-0.0138035,-0.152101,0.0281115,0.284467
23,7,137,130,0.980833,0.312167,0.280333,0.9925,386.492,562.934,402.758,550.935,-4781.94,-9108.19,0.0118461,-0.025916,-0.120614,0.000383137
23,7,137,141,0.980833,0.312167,0.280333,0.1305,386.492,566.481,454.75,550.935,-5399.24,-37751.6,0.0118461,-0.117803,-0.120614,0.221813
23,7,137,144,0.980833,0.312167,0.280333,0.102167,386.492,569.053,474.391,550.935,-5632.44,-48572.6,0.0118461,-0.152101,-0.120614,0.284467
23,28,55,130,0.980833,0.277167,0.9845,0.9925,386.493,563.109,396.693,550.925,-4779.4,-5696.54,0.00038397,-0.00332427,0.00409138,0.000383141
23,28,55,141,0.980833,0.277167,0.9845,0.1305,386.493,566.656,448.684,550.925,-5405.81,-34339.9,0.00038397,-0.0951827,0.00409143,0.221842
23,28,55,144,0.980833,0.277167,0.9845,0.102167,386.493,569.227,468.326,550.925,-5642.44,-45160.9,0.00038397,-0.129471,0.00409137,0.284505
23,28,136,130,0.980833,0.277167,0.497833,0.9925,386.493,563.109,396.224,550.927,-4773.74,-5432.66,-0.000466826,-0.00332427,-0.0193832,0.000383097
23,28,136,141,0.980833,0.277167,0.497833,0.1305,386.493,566.656,448.216,550.927,-5400.15,-34076,-0.000466826,-0.0951827,-0.0193832,0.221842
23,28,136,144,0.980833,0.277167,0.497833,0.102167,386.493,569.227,467.857,550.927,-5636.79,-44897,-0.000466826,-0.129471,-0.0193832,0.284505
23,28,135,130,0.980833,0.277167,0.325333,0.9925,386.493,563.109,402.121,550.931,-4844.79,-8752.69,0.0102377,-0.00332427,-0.105325,0.000383071
23,28,135,141,0.980833,0.277167,0.325333,0.1305,386.493,566.656,454.113,550.931,-5471.2,-37396.1,0.0102377,-0.0951827,-0.105325,0.221842
23,28,135,144,0.980833,0.277167,0.325333,0.102167,386.493,569.227,473.755,550.931,-5707.83,-48217.1,0.0102377,-0.129471,-0.105325,0.284505
23,28,147,130,0.980833,0.277167,0.32,0.9925,386.493,563.109,388.626,551.016,-4682.19,-1154.99,-0.0142567,-0.00332427,0.0281115,0.000383037
23,28,147,141,0.980833,0.277167,0.32,0.1305,386.493,566.656,440.617,551.016,-5308.6,-29798.4,-0.0142567,-0.0951827,0.0281115,0.221842
23,28,147,144,0.980833,0.277167,0.32,0.102167,386.493,569.227,460.259,551.016,-5545.23,-40619.4,-0.0142567,-0.129471,0.0281115,0.284505
23,28,137,130,0.980833,0.277167,0.280333,0.9925,386.493,563.109,402.758,550.935,-4852.47,-9111.02,0.0113929,-0.00332427,-0.120614,0.000383137
23,28,137,141,0.980833,0.277167,0.280333,0.1305,386.493,566.656,454.75,550.935,-5478.88,-37754.4,0.0113929,-0.0951827,-0.120614,0.221842
23,28,137,144,0.980833,0.277167,0.280333,0.102167,386.493,569.227,474.391,550.935,-5715.51,-48575.4,0.0113929,-0.129471,-0.120614,0.284505
2,16,55,130,0.9145,0.653667,0.9845,0.9925,393.662,566.912,396.693,561.078,-2306.33,-1711.66,-0.0062523,0.046077,0.00409138,0.013365
2,16,55,141,0.9145,0.653667,0.9845,0.1305,393.662,569.771,448.684,561.078,-2608.61,-30882.9,-0.0062523,-0.0452962,0.00409143,0.235309
2,16,55,144,0.9145,0.653667,0.9845,0.102167,393.662,572.079,468.326,561.078,-2722.8,-41903.3,-0.0062523,-0.079463,0.00409137,0.298094
2,16,136,130,0.9145,0.653667,0.497833,0.9925,393.662,566.912,396.224,561.08,-2303.6,-1445.95,-0.0070876,0.046077,-0.0193677,0.013365
2,16,136,141,0.9145,0.653667,0.497833,0.1305,393.662,569.771,448.216,561.08,-2605.88,-30617.2,-0.0070876,-0.0452962,-0.0193677,0.235309
2,16,136,144,0.9145,0.653667,0.497833,0.102167,393.662,572.079,467.857,561.08,-2720.06,-41637.6,-0.0070876,-0.079463,-0.0193677,0.298094
2,16,135,130,0.9145,0.653667,0.325333,0.9925,393.662,566.912,402.121,561.083,-2337.88,-4789.08,0.00342308,0.046077,-0.105503,0.013365
2,16,135,141,0.9145,0.653667,0.325333,0.1305,393.662,569.771,454.113,561.083,-2640.16,-33960.3,0.00342308,-0.0452962,-0.105503,0.235309
2,16,135,144,0.9145,0.653667,0.325333,0.102167,393.662,572.079,473.755,561.083,-2754.35,-44980.7,0.00342308,-0.079463,-0.105503,0.298094
2,16,147,130,0.9145,0.653667,0.32,0.9925,393.662,566.912,388.626,561.167,-2259.41,2861.49,-0.0206281,0.046077,0.0283764,0.0133649
2,16,147,141,0.9145,0.653667,0.32,0.1305,393.662,569.771,440.617,561.167,-2561.7,-26309.7,-0.0206281,-0.0452962,0.0283764,0.235309
2,16,147,144,0.9145,0.653667,0.32,0.102167,393.662,572.079,460.259,561.167,-2675.88,-37330.1,-0.0206281,-0.079463,0.0283764,0.298094
2,16,137,130,0.9145,0.653667,0.280333,0.9925,393.662,566.912,402.758,561.087,-2341.59,-5149.91,0.00455748,0.046077,-0.120813,0.013365
2,16,137,141,0.9145,0.653667,0.280333,0.1305,393.662,569.771,454.75,561.087,-2643.87,-34321.1,0.00455748,-0.0452962,-0.120813,0.235309
2,16,137,144,0.9145,0.653667,0.280333,0.102167,393.662,572.079,474.391,561.087,-2758.06,-45341.5,0.00455748,-0.079463,-0.120813,0.298094
2,25,55,130,0.9145,0.405333,0.9845,0.9925,393.566,563.219,396.693,561.078,-841.294,-1753.15,0.00312834,-0.00042307,0.00409138,0.0131986
2,25,55,141,0.9145,0.405333,0.9845,0.1305,393.566,566.103,448.684,561.078,-951.565,-30924.4,0.00312834,-0.0923898,0.00409143,0.234548
2,25,55,144,0.9145,0.405333,0.9845,0.102167,393.566,568.428,468.326,561.078,-993.209,-41944.8,0.00312834,-0.126774,0.00409137,0.297117
2,25,136,130,0.9145,0.405333,0.497833,0.9925,393.566,563.219,396.224,561.08,-840.293,-1489.17,0.00229304,-0.00042307,-0.0193677,0.0131986
2,25,136,141,0.9145,0.405333,0.497833,0.1305,393.566,566.103,448.216,561.08,-950.564,-30660.4,0.00229304,-0.0923898,-0.0193677,0.234548
2,25,136,144,0.9145,0.405333,0.497833,0.102167,393.566,568.428,467.857,561.08,-992.208,-41680.8,0.00229304,-0.126774,-0.0193677,0.297117
2,25,135,130,0.9145,0.405333,0.325333,0.9925,393.566,563.219,402.121,561.083,-852.796,-4810.52,0.0128037,-0.00042307,-0.105503,0.0131985
2,25,135,141,0.9145,0.405333,0.325333,0.1305,393.566,566.103,454.113,561.083,-963.067,-33981.7,0.0128037,-0.0923898,-0.105503,0.234548
2,25,135,144,0.9145,0.405333,0.325333,0.102167,393.566,568.428,473.755,561.083,-1004.71,-45002.2,0.0128037,-0.126774,-0.105503,0.297117
2,25,147,130,0.9145,0.405333,0.32,0.9925,393.566,563.219,388.626,561.167,-824.17,2790.21,-0.0112475,-0.00042307,0.0283764,0.0131985
2,25,147,141,0.9145,0.405333,0.32,0.1305,393.566,566.103,440.617,561.167,-934.441,-26381,-0.0112475,-0.0923898,0.0283764,0.234548
2,25,147,144,0.9145,0.405333,0.32,0.102167,393.566,568.428,460.259,561.167,-976.085,-37401.4,-0.0112475,-0.126774,0.0283764,0.297117
2,25,137,130,0.9145,0.405333,0.280333,0.9925,393.566,563.219,402.758,561.087,-854.156,-5169,0.0139381,-0.00042307,-0.120813,0.0131986
2,25,137,141,0.9145,0.405333,0.280333,0.1305,393.566,566.103,454.75,561.087,-964.427,-34340.2,0.0139381,-0.0923898,-0.120813,0.234548
2,25,137,144,0.9145,0.405333,0.280333,0.102167,393.566,568.428,474.391,561.087,-1006.07,-45360.6,0.0139381,-0.126774,-0.120813,0.297117
2,4,55,130,0.9145,0.403667,0.9845,0.9925,393.558,562.851,396.693,561.078,-695.295,-1757.28,0.00406341,-0.0225496,0.00409138,0.0131819
2,4,55,141,0.9145,0.403667,0.9845,0.1305,393.558,565.738,448.684,561.078,-786.43,-30928.5,0.00406341,-0.114576,0.00409143,0.234472
2,4,55,144,0.9145,0.403667,0.9845,0.102167,393.558,568.064,468.326,561.078,-820.846,-41948.9,0.00406341,-0.148981,0.00409137,0.297019
2,4,136,130,0.9145,0.403667,0.497833,0.9925,393.558,562.851,396.224,561.08,-694.466,-1493.47,0.00322811,-0.0225496,-0.0193677,0.0131819
2,4,136,141,0.9145,0.403667,0.497833,0.1305,393.558,565.738,448.216,561.08,-785.602,-30664.7,0.00322811,-0.114576,-0.0193677,0.234472
2,4,136,144,0.9145,0.403667,0.497833,0.102167,393.558,568.064,467.857,561.08,-820.017,-41685.1,0.00322811,-0.148981,-0.0193677,0.297019
2,4,135,130,0.9145,0.403667,0.325333,0.9925,393.558,562.851,402.121,561.083,-704.798,-4812.65,0.0137388,-0.0225496,-0.105503,0.0131819
2,4,135,141,0.9145,0.403667,0.325333,0.1305,393.558,565.738,454.113,561.083,-795.934,-33983.9,0.0137388,-0.114576,-0.105503,0.234472
2,4,135,144,0.9145,0.403667,0.325333,0.102167,393.558,568.064,473.755,561.083,-830.349,-45004.3,0.0137388,-0.148981,-0.105503,0.297019
2,4,147,130,0.9145,0.403667,0.32,0.9925,393.558,562.851,388.626,561.167,-681.139,2783.11,-0.0103124,-0.0225496,0.0283764,0.0131818
2,4,147,141,0.9145,0.403667,0.32,0.1305,393.558,565.738,440.617,561.167,-772.275,-26388.1,-0.0103124,-0.114576,0.0283764,0.234472
2,4,147,144,0.9145,0.403667,0.32,0.102167,393.558,568.064,460.259,561.167,-806.69,-37408.5,-0.0103124,-0.148981,0.0283764,0.297019
2,4,137,130,0.9145,0.403667,0.280333,0.9925,393.558,562.851,402.758,561.087,-705.925,-5170.89,0.0148732,-0.0225496,-0.120813,0.0131819
2,4,137,141,0.9145,0.403667,0.280333,0.1305,393.558,565.738,454.75,561.087,-797.06,-34342.1,0.0148732,-0.114576,-0.120813,0.234472
2,4,137,144,0.9145,0.403667,0.280333,0.102167,393.558,568.064,474.391,561.087,-831.476,-45362.5,0.0148732,-0.148981,-0.120813,0.297019
2,7,55,130,0.9145,0.312167,0.9845,0.9925,386.353,562.934,396.693,561.078,-682.566,-5799.71,0.00406341,0.000355166,0.00409138,0.000383141
2,7,55,141,0.9145,0.312167,0.9845,0.1305,386.353,566.481,448.684,561.078,-772.034,-34970.9,0.00406341,-0.0915316,0.00409143,0.221813
2,7,55,144,0.9145,0.312167,0.9845,0.102167,386.353,569.053,468.326,561.078,-805.819,-45991.3,0.00406341,-0.12583,0.00409137,0.284467
2,7,136,130,0.9145,0.312167,0.497833,0.9925,386.353,562.934,396.224,561.08,-681.753,-5535.91,0.00322811,0.000355166,-0.0193677,0.000383097
2,7,136,141,0.9145,0.312167,0.497833,0.1305,386.353,566.481,448.216,561.08,-771.22,-34707.1,0.00322811,-0.0915316,-0.0193677,0.221813
2,7,136,144,0.9145,0.312167,0.497833,0.102167,386.353,569.053,467.857,561.08,-805.005,-45727.5,0.00322811,-0.12583,-0.0193677,0.284467
2,7,135,130,0.9145,0.312167,0.325333,0.9925,386.353,562.934,402.121,561.083,-691.896,-8854.91,0.0137388,0.000355166,-0.105503,0.000383071
2,7,135,141,0.9145,0.312167,0.325333,0.1305,386.353,566.481,454.113,561.083,-781.363,-38026.1,0.0137388,-0.0915316,-0.105503,0.221813
2,7,135,144,0.9145,0.312167,0.325333,0.102167,386.353,569.053,473.755,561.083,-815.148,-49046.5,0.0137388,-0.12583,-0.105503,0.284467
2,7,147,130,0.9145,0.312167,0.32,0.9925,386.353,562.934,388.626,561.167,-668.67,-1259.58,-0.0103124,0.000355166,0.0283764,0.000383037
2,7,147,141,0.9145,0.312167,0.32,0.1305,386.353,566.481,440.617,561.167,-758.137,-30430.8,-0.0103124,-0.0915316,0.0283764,0.221813
2,7,147,144,0.9145,0.312167,0.32,0.102167,386.353,569.053,460.259,561.167,-791.923,-41451.2,-0.0103124,-0.12583,0.0283764,0.284467
2,7,137,130,0.9145,0.312167,0.280333,0.9925,386.353,562.934,402.758,561.087,-693.002,-9213.13,0.0148732,0.000355166,-0.120813,0.000383137
2,7,137,141,0.9145,0.312167,0.280333,0.1305,386.353,566.481,454.75,561.087,-782.469,-38384.3,0.0148732,-0.0915316,-0.120813,0.221813
2,7,137,144,0.9145,0.312167,0.280333,0.102167,386.353,569.053,474.391,561.087,-816.254,-49404.8,0.0148732,-0.12583,-0.120813,0.284467
2,28,55,130,0.9145,0.277167,0.9845,0.9925,386.35,563.109,396.693,561.078,-752.036,-5801.51,0.0036101,0.0229468,0.00409138,0.000383141
2,28,55,141,0.9145,0.277167,0.9845,0.1305,386.35,566.656,448.684,561.078,-850.608,-34972.7,0.0036101,-0.0689116,0.00409143,0.221842
2,28,55,144,0.9145,0.277167,0.9845,0.102167,386.35,569.227,468.326,561.078,-887.833,-45993.1,0.0036101,-0.1032,0.00409137,0.284505
2,28,136,130,0.9145,0.277167,0.497833,0.9925,386.35,563.109,396.224,561.08,-751.141,-5537.63,0.0027748,0.0229468,-0.0193677,0.000383097
2,28,136,141,0.9145,0.277167,0.497833,0.1305,386.35,566.656,448.216,561.08,-849.713,-34708.8,0.0027748,-0.0689116,-0.0193677,0.221842
2,28,136,144,0.9145,0.277167,0.497833,0.102167,386.35,569.227,467.857,561.08,-886.938,-45729.3,0.0027748,-0.1032,-0.0193677,0.284505
2,28,135,130,0.9145,0.277167,0.325333,0.9925,386.35,563.109,402.121,561.083,-762.316,-8857.66,0.0132855,0.0229468,-0.105503,0.000383071
2,28,135,141,0.9145,0.277167,0.325333,0.1305,386.35,566.656,454.113,561.083,-860.888,-38028.9,0.0132855,-0.0689116,-0.105503,0.221842
2,28,135,144,0.9145,0.277167,0.325333,0.102167,386.35,569.227,473.755,561.083,-898.113,-49049.3,0.0132855,-0.1032,-0.105503,0.284505
2,28,147,130,0.9145,0.277167,0.32,0.9925,386.35,563.109,388.626,561.167,-736.727,-1259.97,-0.0107657,0.0229468,0.0283764,0.000383037
2,28,147,141,0.9145,0.277167,0.32,0.1305,386.35,566.656,440.617,561.167,-835.299,-30431.2,-0.0107657,-0.0689116,0.0283764,0.221842
2,28,147,144,0.9145,0.277167,0.32,0.102167,386.35,569.227,460.259,561.167,-872.524,-41451.6,-0.0107657,-0.1032,0.0283764,0.284505
2,28,137,130,0.9145,0.277167,0.280333,0.9925,386.35,563.109,402.758,561.087,-763.533,-9215.99,0.0144199,0.0229468,-0.120813,0.000383137
2,28,137,141,0.9145,0.277167,0.280333,0.1305,386.35,566.656,454.75,561.087,-862.105,-38387.2,0.0144199,-0.0689116,-0.120813,0.221842
2,28,137,144,0.9145,0.277167,0.280333,0.102167,386.35,569.227,474.391,561.087,-899.33,-49407.6,0.0144199,-0.1032,-0.120813,0.284505
24,16,55,130,0.880833,0.653667,0.9845,0.9925,392.461,566.912,396.693,550.967,-6315.85,-2498.3,0.00658806,0.0202674,0.00670874,0.013365
24,16,55,141,0.880833,0.653667,0.9845,0.1305,392.461,569.771,448.684,550.967,-7143.63,-31144,0.00658806,-0.0711058,0.00670879,0.235309
24,16,55,144,0.880833,0.653667,0.9845,0.102167,392.461,572.079,468.326,550.967,-7456.34,-41965.9,0.00658806,-0.105273,0.00670873,0.298094
24,16,136,130,0.880833,0.653667,0.497833,0.9925,392.461,566.912,396.224,550.967,-6308.38,-2232.59,0.00573738,0.0202674,-0.0167659,0.013365
24,16,136,141,0.880833,0.653667,0.497833,0.1305,392.461,569.771,448.216,550.967,-7136.16,-30878.3,0.00573738,-0.0711058,-0.0167658,0.235309
24,16,136,144,0.880833,0.653667,0.497833,0.102167,392.461,572.079,467.857,550.967,-7448.87,-41700.2,0.00573738,-0.105273,-0.0167659,0.298094
24,16,135,130,0.880833,0.653667,0.325333,0.9925,392.461,566.912,402.121,550.986,-6402.27,-5575.72,0.0164407,0.0202674,-0.102708,0.013365
24,16,135,141,0.880833,0.653667,0.325333,0.1305,392.461,569.771,454.113,550.986,-7230.05,-34221.4,0.0164407,-0.0711058,-0.102708,0.235309
24,16,135,144,0.880833,0.653667,0.325333,0.102167,392.461,572.079,473.755,550.986,-7542.76,-45043.3,0.0164407,-0.105273,-0.102708,0.298094
24,16,147,130,0.880833,0.653667,0.32,0.9925,392.461,566.912,388.626,551.036,-6187.4,2074.85,-0.00805227,0.0202674,0.0307292,0.0133649
24,16,147,141,0.880833,0.653667,0.32,0.1305,392.461,569.771,440.617,551.036,-7015.18,-26570.9,-0.00805227,-0.0711058,0.0307293,0.235309
24,16,147,144,0.880833,0.653667,0.32,0.102167,392.461,572.079,460.259,551.036,-7327.89,-37392.8,-0.00805227,-0.105273,0.0307292,0.298094
24,16,137,130,0.880833,0.653667,0.280333,0.9925,392.461,566.912,402.758,550.992,-6412.41,-5936.55,0.0175958,0.0202674,-0.117998,0.013365
24,16,137,141,0.880833,0.653667,0.280333,0.1305,392.461,569.771,454.75,550.992,-7240.2,-34582.3,0.0175958,-0.0711058,-0.117997,0.235309
24,16,137,144,0.880833,0.653667,0.280333,0.102167,392.461,572.079,474.391,550.992,-7552.91,-45404.2,0.0175958,-0.105273,-0.117998,0.298094
24,25,55,130,0.880833,0.405333,0.9845,0.9925,392.269,563.219,396.693,550.967,-4850.81,-2533.72,0.0159891,-0.0262123,0.00670874,0.0131986
24,25,55,141,0.880833,0.405333,0.9845,0.1305,392.269,566.103,448.684,550.967,-5486.59,-31179.4,0.0159891,-0.118179,0.00670879,0.234548
24,25,55,144,0.880833,0.405333,0.9845,0.102167,392.269,568.428,468.326,550.967,-5726.76,-42001.3,0.0159891,-0.152563,0.00670873,0.297117
24,25,136,130,0.880833,0.405333,0.497833,0.9925,392.269,563.219,396.224,550.967,-4845.08,-2269.73,0.0151384,-0.0262123,-0.0167659,0.0131986
24,25,136,141,0.880833,0.405333,0.497833,0.1305,392.269,566.103,448.216,550.967,-5480.85,-30915.5,0.0151384,-0.118179,-0.0167658,0.234548
24,25,136,144,0.880833,0.405333,0.497833,0.102167,392.269,568.428,467.857,550.967,-5721.02,-41737.3,0.0151384,-0.152563,-0.0167659,0.297117
24,25,135,130,0.880833,0.405333,0.325333,0.9925,392.269,563.219,402.121,550.986,-4917.19,-5591.09,0.0258417,-0.0262123,-0.102708,0.0131985
24,25,135,141,0.880833,0.405333,0.325333,0.1305,392.269,566.103,454.113,550.986,-5552.96,-34236.8,0.0258417,-0.118179,-0.102708,0.234548
24,25,135,144,0.880833,0.405333,0.325333,0.102167,392.269,568.428,473.755,550.986,-5793.13,-45058.7,0.0258417,-0.152563,-0.102708,0.297117
24,25,147,130,0.880833,0.405333,0.32,0.9925,392.269,563.219,388.626,551.036,-4752.15,2009.64,0.00134873,-0.0262123,0.0307292,0.0131985
24,25,147,141,0.880833,0.405333,0.32,0.1305,392.269,566.103,440.617,551.036,-5387.92,-26636.1,0.00134873,-0.118179,0.0307293,0.234548
24,25,147,144,0.880833,0.405333,0.32,0.102167,392.269,568.428,460.259,551.036,-5628.09,-37458,0.00134873,-0.152563,0.0307292,0.297117
24,25,137,130,0.880833,0.405333,0.280333,0.9925,392.269,563.219,402.758,550.992,-4924.98,-5949.57,0.0269969,-0.0262123,-0.117998,0.0131986
24,25,137,141,0.880833,0.405333,0.280333,0.1305,392.269,566.103,454.75,550.992,-5560.75,-34595.3,0.0269969,-0.118179,-0.117997,0.234548
24,25,137,144,0.880833,0.405333,0.280333,0.102167,392.269,568.428,474.391,550.992,-5800.92,-45417.2,0.0269969,-0.152563,-0.117998,0.297117
24,4,55,130,0.880833,0.403667,0.9845,0.9925,392.252,562.851,396.693,550.967,-4704.81,-2537.24,0.0169264,-0.0483366,0.00670874,0.0131819
24,4,55,141,0.880833,0.403667,0.9845,0.1305,392.252,565.738,448.684,550.967,-5321.45,-31183,0.0169264,-0.140363,0.00670879,0.234472
24,4,55,144,0.880833,0.403667,0.9845,0.102167,392.252,568.064,468.326,550.967,-5554.39,-42004.9,0.0169264,-0.174768,0.00670873,0.297019
24,4,136,130,0.880833,0.403667,0.497833,0.9925,392.252,562.851,396.224,550.967,-4699.25,-2273.43,0.0160757,-0.0483366,-0.0167659,0.0131819
24,4,136,141,0.880833,0.403667,0.497833,0.1305,392.252,565.738,448.216,550.967,-5315.88,-30919.1,0.0160757,-0.140363,-0.0167658,0.234472
24,4,136,144,0.880833,0.403667,0.497833,0.102167,392.252,568.064,467.857,550.967,-5548.83,-41741,0.0160757,-0.174768,-0.0167659,0.297019
24,4,135,130,0.880833,0.403667,0.325333,0.9925,392.252,562.851,402.121,550.986,-4769.19,-5592.62,0.0267791,-0.0483366,-0.102708,0.0131819
24,4,135,141,0.880833,0.403667,0.325333,0.1305,392.252,565.738,454.113,550.986,-5385.82,-34238.3,0.0267791,-0.140363,-0.102708,0.234472
24,4,135,144,0.880833,0.403667,0.325333,0.102167,392.252,568.064,473.755,550.986,-5618.76,-45060.2,0.0267791,-0.174768,-0.102708,0.297019
24,4,147,130,0.880833,0.403667,0.32,0.9925,392.252,562.851,388.626,551.036,-4609.12,2003.15,0.00228609,-0.0483366,0.0307292,0.0131818
24,4,147,141,0.880833,0.403667,0.32,0.1305,392.252,565.738,440.617,551.036,-5225.76,-26642.6,0.00228609,-0.140363,0.0307293,0.234472
24,4,147,144,0.880833,0.403667,0.32,0.102167,392.252,568.064,460.259,551.036,-5458.7,-37464.5,0.00228609,-0.174768,0.0307292,0.297019
24,4,137,130,0.880833,0.403667,0.280333,0.9925,392.252,562.851,402.758,550.992,-4776.75,-5950.86,0.0279342,-0.0483366,-0.117998,0.0131819
24,4,137,141,0.880833,0.403667,0.280333,0.1305,392.252,565.738,454.75,550.992,-5393.38,-34596.6,0.0279342,-0.140363,-0.117997,0.234472
24,4,137,144,0.880833,0.403667,0.280333,0.102167,392.252,568.064,474.391,550.992,-5626.32,-45418.5,0.0279342,-0.174768,-0.117998,0.297019
24,7,55,130,0.880833,0.312167,0.9845,0.9925,385.049,562.934,396.693,550.967,-4692.09,-6506.81,0.016444,-0.0259143,0.00670874,0.000383141
24,7,55,141,0.880833,0.312167,0.9845,0.1305,385.049,566.481,448.684,550.967,-5307.05,-35152.5,0.016444,-0.117801,0.00670879,0.221813
24,7,55,144,0.880833,0.312167,0.9845,0.102167,385.049,569.053,468.326,550.967,-5539.36,-45974.4,0.016444,-0.1521,0.00670873,0.284467
24,7,136,130,0.880833,0.312167,0.497833,0.9925,385.049,562.934,396.224,550.967,-4686.54,-6243.01,0.0155933,-0.0259143,-0.0167659,0.000383097
24,7,136,141,0.880833,0.312167,0.497833,0.1305,385.049,566.481,448.216,550.967,-5301.5,-34888.7,0.0155933,-0.117801,-0.0167658,0.221813
24,7,136,144,0.880833,0.312167,0.497833,0.102167,385.049,569.053,467.857,550.967,-5533.81,-45710.6,0.0155933,-0.1521,-0.0167659,0.284467
24,7,135,130,0.880833,0.312167,0.325333,0.9925,385.049,562.934,402.121,550.986,-4756.29,-9562.01,0.0262966,-0.0259143,-0.102708,0.000383071
24,7,135,141,0.880833,0.312167,0.325333,0.1305,385.049,566.481,454.113,550.986,-5371.25,-38207.7,0.0262966,-0.117801,-0.102708,0.221813
24,7,135,144,0.880833,0.312167,0.325333,0.102167,385.049,569.053,473.755,550.986,-5603.56,-49029.6,0.0262966,-0.1521,-0.102708,0.284467
24,7,147,130,0.880833,0.312167,0.32,0.9925,385.049,562.934,388.626,551.036,-4596.65,-1966.67,0.00180363,-0.0259143,0.0307292,0.000383037
24,7,147,141,0.880833,0.312167,0.32,0.1305,385.049,566.481,440.617,551.036,-5211.62,-30612.4,0.00180363,-0.117801,0.0307293,0.221813
24,7,147,144,0.880833,0.312167,0.32,0.102167,385.049,569.053,460.259,551.036,-5443.93,-41434.3,0.00180363,-0.1521,0.0307292,0.284467
24,7,137,130,0.880833,0.312167,0.280333,0.9925,385.049,562.934,402.758,550.992,-4763.82,-9920.23,0.0274517,-0.0259143,-0.117998,0.000383137
24,7,137,141,0.880833,0.312167,0.280333,0.1305,385.049,566.481,454.75,550.992,-5378.79,-38565.9,0.0274517,-0.117801,-0.117997,0.221813
24,7,137,144,0.880833,0.312167,0.280333,0.102167,385.049,569.053,474.391,550.992,-5611.1,-49387.8,0.0274517,-0.1521,-0.117998,0.284467
24,28,55,130,0.880833,0.277167,0.9845,0.9925,385.051,563.109,396.693,550.967,-4761.56,-6508.83,0.0159891,-0.00332427,0.00670874,0.000383141
24,28,55,141,0.880833,0.277167,0.9845,0.1305,385.051,566.656,448.684,550.967,-5385.63,-35154.5,0.0159891,-0.0951827,0.00670879,0.221842
24,28,55,144,0.880833,0.277167,0.9845,0.102167,385.051,569.227,468.326,550.967,-5621.38,-45976.4,0.0159891,-0.129471,0.00670873,0.284505
24,28,136,130,0.880833,0.277167,0.497833,0.9925,385.051,563.109,396.224,550.967,-4755.92,-6244.95,0.0151384,-0.00332427,-0.0167659,0.000383097
24,28,136,141,0.880833,0.277167,0.497833,0.1305,385.051,566.656,448.216,550.967,-5380,-34890.7,0.0151384,-0.0951827,-0.0167658,0.221842
24,28,136,144,0.880833,0.277167,0.497833,0.102167,385.051,569.227,467.857,550.967,-5615.75,-45712.6,0.0151384,-0.129471,-0.0167659,0.284505
24,28,135,130,0.880833,0.277167,0.325333,0.9925,385.051,563.109,402.121,550.986,-4826.71,-9564.98,0.0258417,-0.00332427,-0.102708,0.000383071
24,28,135,141,0.880833,0.277167,0.325333,0.1305,385.051,566.656,454.113,550.986,-5450.78,-38210.7,0.0258417,-0.0951827,-0.102708,0.221842
24,28,135,144,0.880833,0.277167,0.325333,0.102167,385.051,569.227,473.755,550.986,-5686.53,-49032.6,0.0258417,-0.129471,-0.102708,0.284505
24,28,147,130,0.880833,0.277167,0.32,0.9925,385.051,563.109,388.626,551.036,-4664.71,-1967.28,0.00134873,-0.00332427,0.0307292,0.000383037
24,28,147,141,0.880833,0.277167,0.32,0.1305,385.051,566.656,440.617,551.036,-5288.78,-30613,0.00134873,-0.0951827,0.0307293,0.221842
24,28,147,144,0.880833,0.277167,0.32,0.102167,385.051,569.227,460.259,551.036,-5524.53,-41434.9,0.00134873,-0.129471,0.0307292,0.284505
24,28,137,130,0.880833,0.277167,0.280333,0.9925,385.051,563.109,402.758,550.992,-4834.36,-9923.31,0.0269969,-0.00332427,-0.117998,0.000383137
24,28,137,141,0.880833,0.277167,0.280333,0.1305,385.051,566.656,454.75,550.992,-5458.43,-38569,0.0269969,-0.0951827,-0.117997,0.221842
24,28,137,144,0.880833,0.277167,0.280333,0.102167,385.051,569.227,474.391,550.992,-5694.18,-49390.9,0.0269969,-0.129471,-0.117998,0.284505
3,16,55,130,0.757667,0.653667,0.9845,0.9925,392.389,566.912,396.693,561.08,-2304.08,-2433.43,0.00897123,0.0460435,0.00636053,0.013365
3,16,55,141,0.757667,0.653667,0.9845,0.1305,392.389,569.771,448.684,561.08,-2606.07,-31604.9,0.00897123,-0.0453297,0.00636058,0.235309
3,16,55,144,0.757667,0.653667,0.9845,0.102167,392.389,572.079,468.326,561.08,-2720.14,-42625.5,0.00897123,-0.0794965,0.00636052,0.298094
3,16,136,130,0.757667,0.653667,0.497833,0.9925,392.389,566.912,396.224,561.081,-2301.35,-2167.71,0.00813581,0.0460435,-0.0170986,0.013365
3,16,136,141,0.757667,0.653667,0.497833,0.1305,392.389,569.771,448.216,561.081,-2603.34,-31339.2,0.00813581,-0.0453297,-0.0170985,0.235309
3,16,136,144,0.757667,0.653667,0.497833,0.102167,392.389,572.079,467.857,561.081,-2717.41,-42359.8,0.00813581,-0.0794965,-0.0170986,0.298094
3,16,135,130,0.757667,0.653667,0.325333,0.9925,392.389,566.912,402.121,561.097,-2335.6,-5510.85,0.0186463,0.0460435,-0.103234,0.013365
3,16,135,141,0.757667,0.653667,0.325333,0.1305,392.389,569.771,454.113,561.097,-2637.59,-34682.4,0.0186463,-0.0453297,-0.103234,0.235309
3,16,135,144,0.757667,0.653667,0.325333,0.102167,392.389,572.079,473.755,561.097,-2751.66,-45702.9,0.0186463,-0.0794965,-0.103234,0.298094
3,16,147,130,0.757667,0.653667,0.32,0.9925,392.389,566.912,388.626,561.151,-2257.21,2139.72,-0.00540517,0.0460435,0.030645,0.0133649
3,16,147,141,0.757667,0.653667,0.32,0.1305,392.389,569.771,440.617,561.151,-2559.2,-27031.8,-0.00540517,-0.0453297,0.0306451,0.235309
3,16,147,144,0.757667,0.653667,0.32,0.102167,392.389,572.079,460.259,561.151,-2673.27,-38052.3,-0.00540517,-0.0794965,0.030645,0.298094
3,16,137,130,0.757667,0.653667,0.280333,0.9925,392.389,566.912,402.758,561.103,-2339.31,-5871.68,0.0197807,0.0460435,-0.118544,0.013365
3,16,137,141,0.757667,0.653667,0.280333,0.1305,392.389,569.771,454.75,561.103,-2641.3,-35043.2,0.0197807,-0.0453297,-0.118544,0.235309
3,16,137,144,0.757667,0.653667,0.280333,0.102167,392.389,572.079,474.391,561.103,-2755.37,-46063.7,0.0197807,-0.0794965,-0.118544,0.298094
3,25,55,130,0.757667,0.405333,0.9845,0.9925,392.292,563.219,396.693,561.08,-839.045,-2470.22,0.0183823,-0.000426106,0.00636053,0.0131986
3,25,55,141,0.757667,0.405333,0.9845,0.1305,392.292,566.103,448.684,561.08,-949.021,-31641.7,0.0183823,-0.0923929,0.00636058,0.234548
3,25,55,144,0.757667,0.405333,0.9845,0.102167,392.292,568.428,468.326,561.08,-990.554,-42662.3,0.0183823,-0.126777,0.00636052,0.297117
3,25,136,130,0.757667,0.405333,0.497833,0.9925,392.292,563.219,396.224,561.081,-838.047,-2206.23,0.0175469,-0.000426106,-0.0170986,0.0131986
3,25,136,141,0.757667,0.405333,0.497833,0.1305,392.292,566.103,448.216,561.081,-948.023,-31377.7,0.0175469,-0.0923929,-0.0170985,0.234548
3,25,136,144,0.757667,0.405333,0.497833,0.102167,392.292,568.428,467.857,561.081,-989.556,-42398.3,0.0175469,-0.126777,-0.0170986,0.297117
3,25,135,130,0.757667,0.405333,0.325333,0.9925,392.292,563.219,402.121,561.097,-850.516,-5527.59,0.0280573,-0.000426106,-0.103234,0.0131985
3,25,135,141,0.757667,0.405333,0.325333,0.1305,392.292,566.103,454.113,561.097,-960.492,-34699.1,0.0280573,-0.0923929,-0.103234,0.234548
3,25,135,144,0.757667,0.405333,0.325333,0.102167,392.292,568.428,473.755,561.097,-1002.02,-45719.6,0.0280573,-0.126777,-0.103234,0.297117
3,25,147,130,0.757667,0.405333,0.32,0.9925,392.292,563.219,388.626,561.151,-821.966,2073.14,0.0040059,-0.000426106,0.030645,0.0131985
3,25,147,141,0.757667,0.405333,0.32,0.1305,392.292,566.103,440.617,561.151,-931.942,-27098.4,0.0040059,-0.0923929,0.0306451,0.234548
3,25,147,144,0.757667,0.405333,0.32,0.102167,392.292,568.428,460.259,561.151,-973.475,-38118.9,0.0040059,-0.126777,0.030645,0.297117
3,25,137,130,0.757667,0.405333,0.280333,0.9925,392.292,563.219,402.758,561.103,-851.873,-5886.06,0.0291917,-0.000426106,-0.118544,0.0131986
3,25,137,141,0.757667,0.405333,0.280333,0.1305,392.292,566.103,454.75,561.103,-961.849,-35057.6,0.0291917,-0.0923929,-0.118544,0.234548
3,25,137,144,0.757667,0.405333,0.280333,0.102167,392.292,568.428,474.391,561.103,-1003.38,-46078.1,0.0291917,-0.126777,-0.118544,0.297117
3,4,55,130,0.757667,0.403667,0.9845,0.9925,392.285,562.851,396.693,561.08,-693.046,-2473.88,0.0193204,-0.0225496,0.00636053,0.0131819
3,4,55,141,0.757667,0.403667,0.9845,0.1305,392.285,565.738,448.684,561.08,-783.886,-31645.4,0.0193204,-0.114576,0.00636058,0.234472
3,4,55,144,0.757667,0.403667,0.9845,0.102167,392.285,568.064,468.326,561.08,-818.19,-42665.9,0.0193204,-0.148981,0.00636052,0.297019
3,4,136,130,0.757667,0.403667,0.497833,0.9925,392.285,562.851,396.224,561.081,-692.22,-2210.07,0.018485,-0.0225496,-0.0170986,0.0131819
3,4,136,141,0.757667,0.403667,0.497833,0.1305,392.285,565.738,448.216,561.081,-783.061,-31381.6,0.018485,-0.114576,-0.0170985,0.234472
3,4,136,144,0.757667,0.403667,0.497833,0.102167,392.285,568.064,467.857,561.081,-817.365,-42402.1,0.018485,-0.148981,-0.0170986,0.297019
3,4,135,130,0.757667,0.403667,0.325333,0.9925,392.285,562.851,402.121,561.097,-702.518,-5529.25,0.0289954,-0.0225496,-0.103234,0.0131819
3,4,135,141,0.757667,0.403667,0.325333,0.1305,392.285,565.738,454.113,561.097,-793.359,-34700.8,0.0289954,-0.114576,-0.103234,0.234472
3,4,135,144,0.757667,0.403667,0.325333,0.102167,392.285,568.064,473.755,561.097,-827.663,-45721.3,0.0289954,-0.148981,-0.103234,0.297019
3,4,147,130,0.757667,0.403667,0.32,0.9925,392.285,562.851,388.626,561.151,-678.936,2066.51,0.00494401,-0.0225496,0.030645,0.0131818
3,4,147,141,0.757667,0.403667,0.32,0.1305,392.285,565.738,440.617,561.151,-769.777,-27105,0.00494401,-0.114576,0.0306451,0.234472
3,4,147,144,0.757667,0.403667,0.32,0.102167,392.285,568.064,460.259,561.151,-804.081,-38125.5,0.00494401,-0.148981,0.030645,0.297019
3,4,137,130,0.757667,0.403667,0.280333,0.9925,392.285,562.851,402.758,561.103,-703.641,-5887.49,0.0301298,-0.0225496,-0.118544,0.0131819
3,4,137,141,0.757667,0.403667,0.280333,0.1305,392.285,565.738,454.75,561.103,-794.482,-35059,0.0301298,-0.114576,-0.118544,0.234472
3,4,137,144,0.757667,0.403667,0.280333,0.102167,392.285,568.064,474.391,561.103,-828.786,-46079.5,0.0301298,-0.148981,-0.118544,0.297019
3,7,55,130,0.757667,0.312167,0.9845,0.9925,385.08,562.934,396.693,561.08,-680.317,-6516.31,0.0193204,0.000355165,0.00636053,0.000383141
3,7,55,141,0.757667,0.312167,0.9845,0.1305,385.08,566.481,448.684,561.08,-769.49,-35687.8,0.0193204,-0.0915316,0.00636058,0.221813
3,7,55,144,0.757667,0.312167,0.9845,0.102167,385.08,569.053,468.326,561.08,-803.164,-46708.4,0.0193204,-0.12583,0.00636052,0.284467
3,7,136,130,0.757667,0.312167,0.497833,0.9925,385.08,562.934,396.224,561.081,-679.507,-6252.51,0.018485,0.000355165,-0.0170986,0.000383097
3,7,136,141,0.757667,0.312167,0.497833,0.1305,385.08,566.481,448.216,561.081,-768.679,-35424,0.018485,-0.0915316,-0.0170985,0.221813
3,7,136,144,0.757667,0.312167,0.497833,0.102167,385.08,569.053,467.857,561.081,-802.353,-46444.6,0.018485,-0.12583,-0.0170986,0.284467
3,7,135,130,0.757667,0.312167,0.325333,0.9925,385.08,562.934,402.121,561.097,-689.616,-9571.51,0.0289954,0.000355165,-0.103234,0.000383071
3,7,135,141,0.757667,0.312167,0.325333,0.1305,385.08,566.481,454.113,561.097,-778.789,-38743,0.0289954,-0.0915316,-0.103234,0.221813
3,7,135,144,0.757667,0.312167,0.325333,0.102167,385.08,569.053,473.755,561.097,-812.463,-49763.6,0.0289954,-0.12583,-0.103234,0.284467
3,7,147,130,0.757667,0.312167,0.32,0.9925,385.08,562.934,388.626,561.151,-666.467,-1976.18,0.00494401,0.000355165,0.030645,0.000383037
3,7,147,141,0.757667,0.312167,0.32,0.1305,385.08,566.481,440.617,561.151,-755.639,-31147.7,0.00494401,-0.0915316,0.0306451,0.221813
3,7,147,144,0.757667,0.312167,0.32,0.102167,385.08,569.053,460.259,561.151,-789.313,-42168.2,0.00494401,-0.12583,0.030645,0.284467
3,7,137,130,0.757667,0.312167,0.280333,0.9925,385.08,562.934,402.758,561.103,-690.718,-9929.73,0.0301298,0.000355165,-0.118544,0.000383137
3,7,137,141,0.757667,0.312167,0.280333,0.1305,385.08,566.481,454.75,561.103,-779.891,-39101.2,0.0301298,-0.0915316,-0.118544,0.221813
3,7,137,144,0.757667,0.312167,0.280333,0.102167,385.08,569.053,474.391,561.103,-813.565,-50121.8,0.0301298,-0.12583,-0.118544,0.284467
3,28,55,130,0.757667,0.277167,0.9845,0.9925,385.077,563.109,396.693,561.08,-749.787,-6518.33,0.0188656,0.0229453,0.00636053,0.000383141
3,28,55,141,0.757667,0.277167,0.9845,0.1305,385.077,566.656,448.684,561.08,-848.064,-35689.8,0.0188656,-0.0689131,0.00636058,0.221842
3,28,55,144,0.757667,0.277167,0.9845,0.102167,385.077,569.227,468.326,561.08,-885.178,-46710.4,0.0188656,-0.103201,0.00636052,0.284505
3,28,136,130,0.757667,0.277167,0.497833,0.9925,385.077,563.109,396.224,561.081,-748.894,-6254.45,0.0180302,0.0229453,-0.0170986,0.000383097
3,28,136,141,0.757667,0.277167,0.497833,0.1305,385.077,566.656,448.216,561.081,-847.172,-35426,0.0180302,-0.0689131,-0.0170985,0.221842
3,28,136,144,0.757667,0.277167,0.497833,0.102167,385.077,569.227,467.857,561.081,-884.285,-46446.5,0.0180302,-0.103201,-0.0170986,0.284505
3,28,135,130,0.757667,0.277167,0.325333,0.9925,385.077,563.109,402.121,561.097,-760.036,-9574.48,0.0285406,0.0229453,-0.103234,0.000383071
3,28,135,141,0.757667,0.277167,0.325333,0.1305,385.077,566.656,454.113,561.097,-858.314,-38746,0.0285406,-0.0689131,-0.103234,0.221842
3,28,135,144,0.757667,0.277167,0.325333,0.102167,385.077,569.227,473.755,561.097,-895.427,-49766.5,0.0285406,-0.103201,-0.103234,0.284505
3,28,147,130,0.757667,0.277167,0.32,0.9925,385.077,563.109,388.626,561.151,-734.524,-1976.79,0.0044892,0.0229453,0.030645,0.000383037
3,28,147,141,0.757667,0.277167,0.32,0.1305,385.077,566.656,440.617,561.151,-832.801,-31148.3,0.0044892,-0.0689131,0.0306451,0.221842
3,28,147,144,0.757667,0.277167,0.32,0.102167,385.077,569.227,460.259,561.151,-869.915,-42168.8,0.0044892,-0.103201,0.030645,0.284505
3,28,137,130,0.757667,0.277167,0.280333,0.9925,385.077,563.109,402.758,561.103,-761.25,-9932.81,0.029675,0.0229453,-0.118544,0.000383137
3,28,137,141,0.757667,0.277167,0.280333,0.1305,385.077,566.656,454.75,561.103,-859.527,-39104.3,0.029675,-0.0689131,-0.118544,0.221842
3,28,137,144,0.757667,0.277167,0.280333,0.102167,385.077,569.227,474.391,561.103,-896.641,-50124.9,0.029675,-0.103201,-0.118544,0.284505
37,16,55,130,0.443833,0.653667,0.9845,0.9925,394.114,566.912,396.693,546.022,-8278.83,-1665.73,-0.0775328,0.00786814,0.00409138,0.013365
37,16,55,141,0.443833,0.653667,0.9845,0.1305,394.114,569.771,448.684,546.022,-9363.89,-30054.2,-0.0775328,-0.0835051,0.00409143,0.235309
37,16,55,144,0.443833,0.653667,0.9845,0.102167,394.114,572.079,468.326,546.022,-9773.79,-40778.9,-0.0775328,-0.117672,0.00409137,0.298094
37,16,136,130,0.443833,0.653667,0.497833,0.9925,394.114,566.912,396.224,546.024,-8269.04,-1400.01,-0.0783912,0.00786814,-0.0193909,0.013365
37,16,136,141,0.443833,0.653667,0.497833,0.1305,394.114,569.771,448.216,546.024,-9354.1,-29788.5,-0.0783912,-0.0835051,-0.0193908,0.235309
37,16,136,144,0.443833,0.653667,0.497833,0.102167,394.114,572.079,467.857,546.024,-9764,-40513.2,-0.0783912,-0.117672,-0.0193909,0.298094
37,16,135,130,0.443833,0.653667,0.325333,0.9925,394.114,566.912,402.121,546.028,-8392.11,-4743.15,-0.0675906,0.00786814,-0.105236,0.013365
37,16,135,141,0.443833,0.653667,0.325333,0.1305,394.114,569.771,454.113,546.028,-9477.17,-33131.6,-0.0675906,-0.0835051,-0.105236,0.235309
37,16,135,144,0.443833,0.653667,0.325333,0.102167,394.114,572.079,473.755,546.028,-9887.07,-43856.3,-0.0675906,-0.117672,-0.105236,0.298094
37,16,147,130,0.443833,0.653667,0.32,0.9925,394.114,566.912,388.626,546.113,-8110.46,2907.42,-0.0923051,0.00786814,0.02798,0.0133649
37,16,147,141,0.443833,0.653667,0.32,0.1305,394.114,569.771,440.617,546.113,-9195.51,-25481,-0.0923051,-0.0835051,0.02798,0.235309
37,16,147,144,0.443833,0.653667,0.32,0.102167,394.114,572.079,460.259,546.113,-9605.42,-36205.7,-0.0923051,-0.117672,0.02798,0.298094
37,16,137,130,0.443833,0.653667,0.280333,0.9925,394.114,566.912,402.758,546.032,-8405.41,-5103.98,-0.066425,0.00786814,-0.120515,0.013365
37,16,137,141,0.443833,0.653667,0.280333,0.1305,394.114,569.771,454.75,546.032,-9490.46,-33492.4,-0.066425,-0.0835051,-0.120515,0.235309
37,16,137,144,0.443833,0.653667,0.280333,0.102167,394.114,572.079,474.391,546.032,-9900.37,-44217.1,-0.066425,-0.117672,-0.120515,0.298094
37,25,55,130,0.443833,0.405333,0.9845,0.9925,393.876,563.219,396.693,546.022,-6813.79,-1706.11,-0.0681774,-0.0386572,0.00409138,0.0131986
37,25,55,141,0.443833,0.405333,0.9845,0.1305,393.876,566.103,448.684,546.022,-7706.84,-30094.5,-0.0681774,-0.130624,0.00409143,0.234548
37,25,55,144,0.443833,0.405333,0.9845,0.102167,393.876,568.428,468.326,546.022,-8044.2,-40819.2,-0.0681774,-0.165008,0.00409137,0.297117
37,25,136,130,0.443833,0.405333,0.497833,0.9925,393.876,563.219,396.224,546.024,-6805.74,-1442.12,-0.0690359,-0.0386572,-0.0193909,0.0131986
37,25,136,141,0.443833,0.405333,0.497833,0.1305,393.876,566.103,448.216,546.024,-7698.78,-29830.6,-0.0690359,-0.130624,-0.0193908,0.234548
37,25,136,144,0.443833,0.405333,0.497833,0.102167,393.876,568.428,467.857,546.024,-8036.15,-40555.3,-0.0690359,-0.165008,-0.0193909,0.297117
37,25,135,130,0.443833,0.405333,0.325333,0.9925,393.876,563.219,402.121,546.028,-6907.03,-4763.48,-0.0582353,-0.0386572,-0.105236,0.0131985
37,25,135,141,0.443833,0.405333,0.325333,0.1305,393.876,566.103,454.113,546.028,-7800.07,-33151.9,-0.0582353,-0.130624,-0.105236,0.234548
37,25,135,144,0.443833,0.405333,0.325333,0.102167,393.876,568.428,473.755,546.028,-8137.44,-43876.6,-0.0582353,-0.165008,-0.105236,0.297117
37,25,147,130,0.443833,0.405333,0.32,0.9925,393.876,563.219,388.626,546.113,-6675.21,2837.25,-0.0829497,-0.0386572,0.02798,0.0131985
37,25,147,141,0.443833,0.405333,0.32,0.1305,393.876,566.103,440.617,546.113,-7568.26,-25551.2,-0.0829497,-0.130624,0.02798,0.234548
37,25,147,144,0.443833,0.405333,0.32,0.102167,393.876,568.428,460.259,546.113,-7905.62,-36275.9,-0.0829497,-0.165008,0.02798,0.297117
37,25,137,130,0.443833,0.405333,0.280333,0.9925,393.876,563.219,402.758,546.032,-6917.97,-5121.95,-0.0570696,-0.0386572,-0.120515,0.0131986
37,25,137,141,0.443833,0.405333,0.280333,0.1305,393.876,566.103,454.75,546.032,-7811.02,-33510.4,-0.0570696,-0.130624,-0.120515,0.234548
37,25,137,144,0.443833,0.405333,0.280333,0.102167,393.876,568.428,474.391,546.032,-8148.38,-44235.1,-0.0570696,-0.165008,-0.120515,0.297117
37,4,55,130,0.443833,0.403667,0.9845,0.9925,393.854,562.851,396.693,546.022,-6667.79,-1710.13,-0.0672445,-0.0607859,0.00409138,0.0131819
37,4,55,141,0.443833,0.403667,0.9845,0.1305,393.854,565.738,448.684,546.022,-7541.7,-30098.6,-0.0672445,-0.152812,0.00409143,0.234472
37,4,55,144,0.443833,0.403667,0.9845,0.102167,393.854,568.064,468.326,546.022,-7871.84,-40823.3,-0.0672445,-0.187218,0.00409137,0.297019
37,4,136,130,0.443833,0.403667,0.497833,0.9925,393.854,562.851,396.224,546.024,-6659.91,-1446.31,-0.0681029,-0.0607859,-0.0193909,0.0131819
37,4,136,141,0.443833,0.403667,0.497833,0.1305,393.854,565.738,448.216,546.024,-7533.82,-29834.8,-0.0681029,-0.152812,-0.0193908,0.234472
37,4,136,144,0.443833,0.403667,0.497833,0.102167,393.854,568.064,467.857,546.024,-7863.95,-40559.5,-0.0681029,-0.187218,-0.0193909,0.297019
37,4,135,130,0.443833,0.403667,0.325333,0.9925,393.854,562.851,402.121,546.028,-6759.03,-4765.5,-0.0573023,-0.0607859,-0.105236,0.0131819
37,4,135,141,0.443833,0.403667,0.325333,0.1305,393.854,565.738,454.113,546.028,-7632.94,-33153.9,-0.0573023,-0.152812,-0.105236,0.234472
37,4,135,144,0.443833,0.403667,0.325333,0.102167,393.854,568.064,473.755,546.028,-7963.08,-43878.6,-0.0573023,-0.187218,-0.105236,0.297019
37,4,147,130,0.443833,0.403667,0.32,0.9925,393.854,562.851,388.626,546.113,-6532.18,2830.27,-0.0820168,-0.0607859,0.02798,0.0131818
37,4,147,141,0.443833,0.403667,0.32,0.1305,393.854,565.738,440.617,546.113,-7406.09,-25558.2,-0.0820168,-0.152812,0.02798,0.234472
37,4,147,144,0.443833,0.403667,0.32,0.102167,393.854,568.064,460.259,546.113,-7736.23,-36282.9,-0.0820168,-0.187218,0.02798,0.297019
37,4,137,130,0.443833,0.403667,0.280333,0.9925,393.854,562.851,402.758,546.032,-6769.74,-5123.74,-0.0561367,-0.0607859,-0.120515,0.0131819
37,4,137,141,0.443833,0.403667,0.280333,0.1305,393.854,565.738,454.75,546.032,-7643.65,-33512.2,-0.0561367,-0.152812,-0.120515,0.234472
37,4,137,144,0.443833,0.403667,0.280333,0.102167,393.854,568.064,474.391,546.032,-7973.78,-44236.9,-0.0561367,-0.187218,-0.120515,0.297019
37,7,55,130,0.443833,0.312167,0.9845,0.9925,386.655,562.934,396.693,546.022,-6655.07,-5644.08,-0.0679568,-0.0385934,0.00409138,0.000383141
37,7,55,141,0.443833,0.312167,0.9845,0.1305,386.655,566.481,448.684,546.022,-7527.31,-34032.5,-0.0679568,-0.13048,0.00409143,0.221813
37,7,55,144,0.443833,0.312167,0.9845,0.102167,386.655,569.053,468.326,546.022,-7856.81,-44757.2,-0.0679568,-0.164779,0.00409137,0.284467
37,7,136,130,0.443833,0.312167,0.497833,0.9925,386.655,562.934,396.224,546.024,-6647.2,-5380.29,-0.0688152,-0.0385934,-0.0193909,0.000383097
37,7,136,141,0.443833,0.312167,0.497833,0.1305,386.655,566.481,448.216,546.024,-7519.44,-33768.7,-0.0688152,-0.13048,-0.0193908,0.221813
37,7,136,144,0.443833,0.312167,0.497833,0.102167,386.655,569.053,467.857,546.024,-7848.94,-44493.4,-0.0688152,-0.164779,-0.0193909,0.284467
37,7,135,130,0.443833,0.312167,0.325333,0.9925,386.655,562.934,402.121,546.028,-6746.13,-8699.28,-0.0580146,-0.0385934,-0.105236,0.000383071
37,7,135,141,0.443833,0.312167,0.325333,0.1305,386.655,566.481,454.113,546.028,-7618.37,-37087.7,-0.0580146,-0.13048,-0.105236,0.221813
37,7,135,144,0.443833,0.312167,0.325333,0.102167,386.655,569.053,473.755,546.028,-7947.88,-47812.4,-0.0580146,-0.164779,-0.105236,0.284467
37,7,147,130,0.443833,0.312167,0.32,0.9925,386.655,562.934,388.626,546.113,-6519.71,-1103.95,-0.0827291,-0.0385934,0.02798,0.000383037
37,7,147,141,0.443833,0.312167,0.32,0.1305,386.655,566.481,440.617,546.113,-7391.96,-29492.4,-0.0827291,-0.13048,0.02798,0.221813
37,7,147,144,0.443833,0.312167,0.32,0.102167,386.655,569.053,460.259,546.113,-7721.46,-40217.1,-0.0827291,-0.164779,0.02798,0.284467
37,7,137,130,0.443833,0.312167,0.280333,0.9925,386.655,562.934,402.758,546.032,-6756.82,-9057.5,-0.056849,-0.0385934,-0.120515,0.000383137
37,7,137,141,0.443833,0.312167,0.280333,0.1305,386.655,566.481,454.75,546.032,-7629.06,-37445.9,-0.056849,-0.13048,-0.120515,0.221813
37,7,137,144,0.443833,0.312167,0.280333,0.102167,386.655,569.053,474.391,546.032,-7958.56,-48170.6,-0.056849,-0.164779,-0.120515,0.284467
37,28,55,130,0.443833,0.277167,0.9845,0.9925,386.658,563.109,396.693,546.022,-6724.54,-5645.83,-0.0684097,-0.0160015,0.00409138,0.000383141
37,28,55,141,0.443833,0.277167,0.9845,0.1305,386.658,566.656,448.684,546.022,-7605.88,-34034.3,-0.0684097,-0.10786,0.00409143,0.221842
37,28,55,144,0.443833,0.277167,0.9845,0.102167,386.658,569.227,468.326,546.022,-7938.83,-44759,-0.0684097,-0.142148,0.00409137,0.284505
37,28,136,130,0.443833,0.277167,0.497833,0.9925,386.658,563.109,396.224,546.024,-6716.58,-5381.95,-0.0692682,-0.0160015,-0.0193909,0.000383097
37,28,136,141,0.443833,0.277167,0.497833,0.1305,386.658,566.656,448.216,546.024,-7597.93,-33770.4,-0.0692682,-0.10786,-0.0193908,0.221842
37,28,136,144,0.443833,0.277167,0.497833,0.102167,386.658,569.227,467.857,546.024,-7930.88,-44495.1,-0.0692682,-0.142148,-0.0193909,0.284505
37,28,135,130,0.443833,0.277167,0.325333,0.9925,386.658,563.109,402.121,546.028,-6816.55,-8701.99,-0.0584676,-0.0160015,-0.105236,0.000383071
37,28,135,141,0.443833,0.277167,0.325333,0.1305,386.658,566.656,454.113,546.028,-7697.9,-37090.4,-0.0584676,-0.10786,-0.105236,0.221842
37,28,135,144,0.443833,0.277167,0.325333,0.102167,386.658,569.227,473.755,546.028,-8030.84,-47815.1,-0.0584676,-0.142148,-0.105236,0.284505
37,28,147,130,0.443833,0.277167,0.32,0.9925,386.658,563.109,388.626,546.113,-6587.77,-1104.29,-0.083182,-0.0160015,0.02798,0.000383037
37,28,147,141,0.443833,0.277167,0.32,0.1305,386.658,566.656,440.617,546.113,-7469.12,-29492.7,-0.083182,-0.10786,0.02798,0.221842
37,28,147,144,0.443833,0.277167,0.32,0.102167,386.658,569.227,460.259,546.113,-7802.06,-40217.4,-0.083182,-0.142148,0.02798,0.284505
37,28,137,130,0.443833,0.277167,0.280333,0.9925,386.658,563.109,402.758,546.032,-6827.35,-9060.32,-0.0573019,-0.0160015,-0.120515,0.000383137
37,28,137,141,0.443833,0.277167,0.280333,0.1305,386.658,566.656,454.75,546.032,-7708.7,-37448.8,-0.0573019,-0.10786,-0.120515,0.221842
37,28,137,144,0.443833,0.277167,0.280333,0.102167,386.658,569.227,474.391,546.032,-8041.64,-48173.5,-0.0573019,-0.142148,-0.120515,0.284505
