26,16,173,248,0,-0.0477907,-0.0373558,-0.0100503,411.512,576.232,382.102,541.142,-13772.7,16201.5,-0.0358944,0.116207,0.0502382,-0.00385279
26,16,173,103,0,-0.0477907,-0.0373558,-0.34976,411.512,433.833,362.651,541.142,47338,38286.1,-0.0358944,0.22804,-0.360245,-0.216654
26,16,173,137,0,-0.0477907,-0.0373558,-0.403895,411.512,436.303,348.888,541.142,47582.1,46275.2,-0.0358944,0.2615,-0.37527,-0.205328
26,16,173,263,0,-0.0477907,-0.0373558,-0.44187,411.512,432.7,370.131,541.142,47206,33963,-0.0358944,0.209786,-0.352581,-0.23313
26,16,173,270,0,-0.0477907,-0.0373558,-0.741987,411.512,578.264,321.957,541.142,-11349.7,48669.6,-0.0358944,0.220393,0.0483051,-0.0874469
26,16,193,248,0,-0.0477907,-0.245261,-0.0100503,411.512,576.232,384.611,541.055,-13839.5,14755.2,-0.0312582,0.116207,0.151488,-0.00400298
26,16,193,103,0,-0.0477907,-0.245261,-0.34976,411.512,433.833,364.977,541.055,47271.2,37205.8,-0.0312582,0.22804,-0.256246,-0.214055
26,16,193,137,0,-0.0477907,-0.245261,-0.403895,411.512,436.303,351.199,541.055,47515.3,45194.1,-0.0312582,0.2615,-0.271071,-0.202528
26,16,193,263,0,-0.0477907,-0.245261,-0.44187,411.512,432.7,372.464,541.055,47139.2,32883.3,-0.0312582,0.209786,-0.248683,-0.230631
26,16,193,270,0,-0.0477907,-0.245261,-0.741987,411.512,578.264,324.467,541.055,-11416.5,47228.4,-0.0312582,0.220393,0.149542,-0.08761
26,16,174,248,0,-0.0477907,-0.649449,-0.0100503,411.512,576.232,382.472,537.171,-15407.6,16018.3,-0.0356865,0.116207,0.0283797,0.00649439
26,16,174,103,0,-0.0477907,-0.649449,-0.34976,411.512,433.833,361.412,537.171,45703.2,37957.3,-0.0356865,0.22804,-0.382024,-0.206227
26,16,174,137,0,-0.0477907,-0.649449,-0.403895,411.512,436.303,347.593,537.171,45947.2,45887.8,-0.0356865,0.2615,-0.396691,-0.194542
26,16,174,263,0,-0.0477907,-0.649449,-0.44187,411.512,432.7,368.921,537.171,45571.1,33666,-0.0356865,0.209786,-0.374547,-0.22289
26,16,174,270,0,-0.0477907,-0.649449,-0.741987,411.512,578.264,322.323,537.171,-12984.6,48248.7,-0.0356865,0.220393,0.0283796,-0.0751667
26,16,272,248,0,-0.0477907,-0.863936,-0.0100503,411.512,576.232,385.383,536.975,-15524.9,14340.9,-0.030278,0.116207,0.130552,0.00649446
26,16,272,103,0,-0.0477907,-0.863936,-0.34976,411.512,433.833,364.084,536.975,45585.9,36699.7,-0.030278,0.22804,-0.276661,-0.203037
26,16,272,137,0,-0.0477907,-0.863936,-0.403895,411.512,436.303,350.248,536.975,45829.9,44627.8,-0.030278,0.2615,-0.291091,-0.191114
26,16,272,263,0,-0.0477907,-0.863936,-0.44187,411.512,432.7,371.601,536.975,45453.8,32409.8,-0.030278,0.209786,-0.269302,-0.219818
26,16,272,270,0,-0.0477907,-0.863936,-0.741987,411.512,578.264,325.235,536.975,-13101.9,46571.3,-0.030278,0.220393,0.130552,-0.0751666
26,16,50,248,0,-0.0477907,-0.961027,-0.0100503,411.512,576.232,389.451,540.92,-13968.3,11965.9,-0.022313,0.116207,0.0221294,-0.00428731
26,16,50,103,0,-0.0477907,-0.961027,-0.34976,411.512,433.833,369.468,540.92,47142.5,35122.5,-0.022313,0.22804,-0.380401,-0.209136
26,16,50,137,0,-0.0477907,-0.961027,-0.403895,411.512,436.303,355.664,540.92,47386.5,43108.9,-0.022313,0.2615,-0.394848,-0.197231
26,16,50,263,0,-0.0477907,-0.961027,-0.44187,411.512,432.7,376.968,540.92,47010.4,30800.8,-0.022313,0.209786,-0.373026,-0.2259
26,16,50,270,0,-0.0477907,-0.961027,-0.741987,411.512,578.264,329.307,540.92,-11545.2,44448.8,-0.022313,0.220393,0.0201601,-0.0879176
26,73,173,248,0,-0.0583356,-0.0373558,-0.0100503,348.771,524.025,382.102,541.142,7781.05,-18986.1,0.11023,0.00697175,0.0502382,-0.122837
26,73,173,103,0,-0.0583356,-0.0373558,-0.34976,348.771,375.464,362.651,541.142,57158.5,3098.53,0.11023,0.089226,-0.360245,-0.365217
26,73,173,137,0,-0.0583356,-0.0373558,-0.403895,348.771,375.795,348.888,541.142,56613.9,11087.7,0.11023,0.128525,-0.37527,-0.348052
26,73,173,263,0,-0.0583356,-0.0373558,-0.44187,348.771,375.526,370.131,541.142,57453.1,-1224.53,0.11023,0.0679493,-0.352581,-0.384716
26,73,173,270,0,-0.0583356,-0.0373558,-0.741987,348.771,519.22,321.957,541.142,6772.97,13482.1,0.11023,0.121977,0.0483051,-0.195611
26,73,193,248,0,-0.0583356,-0.245261,-0.0100503,348.771,524.025,384.611,541.055,7852.26,-20294.3,0.114866,0.00697175,0.151488,-0.122987
26,73,193,103,0,-0.0583356,-0.245261,-0.34976,348.771,375.464,364.977,541.055,57229.7,2156.3,0.114866,0.089226,-0.256246,-0.362618
26,73,193,137,0,-0.0583356,-0.245261,-0.403895,348.771,375.795,351.199,541.055,56685.1,10144.5,0.114866,0.128525,-0.271071,-0.345252
26,73,193,263,0,-0.0583356,-0.245261,-0.44187,348.771,375.526,372.464,541.055,57524.3,-2166.27,0.114866,0.0679493,-0.248683,-0.382217
26,73,193,270,0,-0.0583356,-0.245261,-0.741987,348.771,519.22,324.467,541.055,6844.18,12178.9,0.114866,0.121977,0.149542,-0.195774
26,73,174,248,0,-0.0583356,-0.649449,-0.0100503,348.771,524.025,382.472,537.171,6410.28,-18905.1,0.110437,0.00697175,0.0283797,-0.112489
26,73,174,103,0,-0.0583356,-0.649449,-0.34976,348.771,375.464,361.412,537.171,55787.7,3033.87,0.110437,0.089226,-0.382024,-0.354791
26,73,174,137,0,-0.0583356,-0.649449,-0.403895,348.771,375.795,347.593,537.171,55243.2,10964.4,0.110437,0.128525,-0.396691,-0.337266
26,73,174,263,0,-0.0583356,-0.649449,-0.44187,348.771,375.526,368.921,537.171,56082.4,-1257.47,0.110437,0.0679493,-0.374547,-0.374476
26,73,174,270,0,-0.0583356,-0.649449,-0.741987,348.771,519.22,322.323,537.171,5402.2,13325.3,0.110437,0.121977,0.0283796,-0.183331
26,73,272,248,0,-0.0583356,-0.863936,-0.0100503,348.771,524.025,385.383,536.975,6459.07,-20416.4,0.115846,0.00697175,0.130552,-0.112489
26,73,272,103,0,-0.0583356,-0.863936,-0.34976,348.771,375.464,364.084,536.975,55836.5,1942.4,0.115846,0.089226,-0.276661,-0.3516
26,73,272,137,0,-0.0583356,-0.863936,-0.403895,348.771,375.795,350.248,536.975,55291.9,9870.44,0.115846,0.128525,-0.291091,-0.333838
26,73,272,263,0,-0.0583356,-0.863936,-0.44187,348.771,375.526,371.601,536.975,56131.1,-2347.6,0.115846,0.0679493,-0.269302,-0.371404
26,73,272,270,0,-0.0583356,-0.863936,-0.741987,348.771,519.22,325.235,536.975,5450.99,11814,0.115846,0.121977,0.130552,-0.183331
26,73,50,248,0,-0.0583356,-0.961027,-0.0100503,348.771,524.025,389.451,540.92,7989.63,-22817.5,0.123811,0.00697175,0.0221294,-0.123271
26,73,50,103,0,-0.0583356,-0.961027,-0.34976,348.771,375.464,369.468,540.92,57367,339.049,0.123811,0.089226,-0.380401,-0.357699
26,73,50,137,0,-0.0583356,-0.961027,-0.403895,348.771,375.795,355.664,540.92,56822.5,8325.52,0.123811,0.128525,-0.394848,-0.339955
26,73,50,263,0,-0.0583356,-0.961027,-0.44187,348.771,375.526,376.968,540.92,57661.7,-3982.57,0.123811,0.0679493,-0.373026,-0.377486
26,73,50,270,0,-0.0583356,-0.961027,-0.741987,348.771,519.22,329.307,540.92,6981.55,9665.42,0.123811,0.121977,0.0201601,-0.196082
26,72,173,248,0,-0.151404,-0.0373558,-0.0100503,366.697,522.584,382.102,541.142,7576.84,-9254.21,0.105911,0.0262346,0.0502382,-0.0885633
26,72,173,103,0,-0.151404,-0.0373558,-0.34976,366.697,375.624,362.651,541.142,59583.4,12830.4,0.105911,0.122128,-0.360245,-0.317305
26,72,173,137,0,-0.151404,-0.0373558,-0.403895,366.697,376.661,348.888,541.142,59034.1,20819.5,0.105911,0.161286,-0.37527,-0.30028
26,72,173,263,0,-0.151404,-0.0373558,-0.44187,366.697,375.304,370.131,541.142,59880.6,8507.34,0.105911,0.100866,-0.352581,-0.336789
26,72,173,270,0,-0.151404,-0.0373558,-0.741987,366.697,519.85,321.957,541.142,6612.1,23214,0.105911,0.141579,0.0483051,-0.160999
26,72,193,248,0,-0.151404,-0.245261,-0.0100503,366.697,522.584,384.611,541.055,7647.75,-10562.8,0.110547,0.0262346,0.151488,-0.0887135
26,72,193,103,0,-0.151404,-0.245261,-0.34976,366.697,375.624,364.977,541.055,59654.3,11887.9,0.110547,0.122128,-0.256246,-0.314706
26,72,193,137,0,-0.151404,-0.245261,-0.403895,366.697,376.661,351.199,541.055,59105,19876.1,0.110547,0.161286,-0.271071,-0.29748
26,72,193,263,0,-0.151404,-0.245261,-0.44187,366.697,375.304,372.464,541.055,59951.5,7565.3,0.110547,0.100866,-0.248683,-0.33429
26,72,193,270,0,-0.151404,-0.245261,-0.741987,366.697,519.85,324.467,541.055,6683.01,21910.5,0.110547,0.141579,0.149542,-0.161162
26,72,174,248,0,-0.151404,-0.649449,-0.0100503,366.697,522.584,382.472,537.171,6134.72,-9244.61,0.106119,0.0262346,0.0283797,-0.0782161
26,72,174,103,0,-0.151404,-0.649449,-0.34976,366.697,375.624,361.412,537.171,58141.2,12694.4,0.106119,0.122128,-0.382024,-0.306878
26,72,174,137,0,-0.151404,-0.649449,-0.403895,366.697,376.661,347.593,537.171,57592,20624.9,0.106119,0.161286,-0.396691,-0.289495
26,72,174,263,0,-0.151404,-0.649449,-0.44187,366.697,375.304,368.921,537.171,58438.5,8403.04,0.106119,0.100866,-0.374547,-0.326549
26,72,174,270,0,-0.151404,-0.649449,-0.741987,366.697,519.85,322.323,537.171,5169.97,22985.8,0.106119,0.141579,0.0283796,-0.148719
26,72,272,248,0,-0.151404,-0.863936,-0.0100503,366.697,522.584,385.383,536.975,6181.4,-10758,0.111527,0.0262346,0.130552,-0.078216
26,72,272,103,0,-0.151404,-0.863936,-0.34976,366.697,375.624,364.084,536.975,58187.9,11600.8,0.111527,0.122128,-0.276661,-0.303688
26,72,272,137,0,-0.151404,-0.863936,-0.403895,366.697,376.661,350.248,536.975,57638.7,19528.9,0.111527,0.161286,-0.291091,-0.286067
26,72,272,263,0,-0.151404,-0.863936,-0.44187,366.697,375.304,371.601,536.975,58485.2,7310.82,0.111527,0.100866,-0.269302,-0.323477
26,72,272,270,0,-0.151404,-0.863936,-0.741987,366.697,519.85,325.235,536.975,5216.66,21472.4,0.111527,0.141579,0.130552,-0.148719
26,72,50,248,0,-0.151404,-0.961027,-0.0100503,366.697,522.584,389.451,540.92,7784.54,-13086.5,0.119492,0.0262346,0.0221294,-0.0889978
26,72,50,103,0,-0.151404,-0.961027,-0.34976,366.697,375.624,369.468,540.92,59791.1,10070,0.119492,0.122128,-0.380401,-0.309787
26,72,50,137,0,-0.151404,-0.961027,-0.403895,366.697,376.661,355.664,540.92,59241.8,18056.5,0.119492,0.161286,-0.394848,-0.292183
26,72,50,263,0,-0.151404,-0.961027,-0.44187,366.697,375.304,376.968,540.92,60088.3,5748.42,0.119492,0.100866,-0.373026,-0.329559
26,72,50,270,0,-0.151404,-0.961027,-0.741987,366.697,519.85,329.307,540.92,6819.79,19396.4,0.119492,0.141579,0.0201601,-0.16147
26,80,173,248,0,-0.33361,-0.0373558,-0.0100503,337.188,525.282,382.102,541.142,7913.05,-25276.7,0.113265,-0.019138,0.0502382,-0.144874
26,80,173,103,0,-0.33361,-0.0373558,-0.34976,337.188,375.818,362.651,541.142,55591,-3192.08,0.113265,0.0542066,-0.360245,-0.396164
26,80,173,137,0,-0.33361,-0.0373558,-0.403895,337.188,375.693,348.888,541.142,55049.5,4797.06,0.113265,0.0935009,-0.37527,-0.379003
26,80,173,263,0,-0.33361,-0.0373558,-0.44187,337.188,376.128,370.131,541.142,55884,-7515.14,0.113265,0.0329723,-0.352581,-0.415621
26,80,173,270,0,-0.33361,-0.0373558,-0.741987,337.188,519.144,321.957,541.142,6876.95,7191.49,0.113265,0.0955045,0.0483051,-0.218012
26,80,193,248,0,-0.33361,-0.245261,-0.0100503,337.188,525.282,384.611,541.055,7984.46,-26584.7,0.117901,-0.019138,0.151488,-0.145025
26,80,193,103,0,-0.33361,-0.245261,-0.34976,337.188,375.818,364.977,541.055,55662.4,-4134.11,0.117901,0.0542066,-0.256246,-0.393566
26,80,193,137,0,-0.33361,-0.245261,-0.403895,337.188,375.693,351.199,541.055,55120.9,3854.11,0.117901,0.0935009,-0.271071,-0.376204
26,80,193,263,0,-0.33361,-0.245261,-0.44187,337.188,376.128,372.464,541.055,55955.4,-8456.68,0.117901,0.0329723,-0.248683,-0.413122
26,80,193,270,0,-0.33361,-0.245261,-0.741987,337.188,519.144,324.467,541.055,6948.36,5888.47,0.117901,0.0955045,0.149542,-0.218175
26,80,174,248,0,-0.33361,-0.649449,-0.0100503,337.188,525.282,382.472,537.171,6588.41,-25149.6,0.113473,-0.019138,0.0283797,-0.134527
26,80,174,103,0,-0.33361,-0.649449,-0.34976,337.188,375.818,361.412,537.171,54266.4,-3210.61,0.113473,0.0542066,-0.382024,-0.385738
26,80,174,137,0,-0.33361,-0.649449,-0.403895,337.188,375.693,347.593,537.171,53724.9,4719.91,0.113473,0.0935009,-0.396691,-0.368218
26,80,174,263,0,-0.33361,-0.649449,-0.44187,337.188,376.128,368.921,537.171,54559.4,-7501.96,0.113473,0.0329723,-0.374547,-0.405381
26,80,174,270,0,-0.33361,-0.649449,-0.741987,337.188,519.144,322.323,537.171,5552.31,7080.77,0.113473,0.0955045,0.0283796,-0.205731
26,80,272,248,0,-0.33361,-0.863936,-0.0100503,337.188,525.282,385.383,536.975,6638.55,-26659.5,0.118882,-0.019138,0.130552,-0.134527
26,80,272,103,0,-0.33361,-0.863936,-0.34976,337.188,375.818,364.084,536.975,54316.5,-4300.73,0.118882,0.0542066,-0.276661,-0.382547
26,80,272,137,0,-0.33361,-0.863936,-0.403895,337.188,375.693,350.248,536.975,53775,3627.31,0.118882,0.0935009,-0.291091,-0.36479
26,80,272,263,0,-0.33361,-0.863936,-0.44187,337.188,376.128,371.601,536.975,54609.5,-8590.72,0.118882,0.0329723,-0.269302,-0.402308
26,80,272,270,0,-0.33361,-0.863936,-0.741987,337.188,519.144,325.235,536.975,5602.46,5570.84,0.118882,0.0955045,0.130552,-0.205731
26,80,50,248,0,-0.33361,-0.961027,-0.0100503,337.188,525.282,389.451,540.92,8122.2,-29107.6,0.126847,-0.019138,0.0221294,-0.145309
26,80,50,103,0,-0.33361,-0.961027,-0.34976,337.188,375.818,369.468,540.92,55800.2,-5950.99,0.126847,0.0542066,-0.380401,-0.388646
26,80,50,137,0,-0.33361,-0.961027,-0.403895,337.188,375.693,355.664,540.92,55258.7,2035.49,0.126847,0.0935009,-0.394848,-0.370907
26,80,50,263,0,-0.33361,-0.961027,-0.44187,337.188,376.128,376.968,540.92,56093.2,-10272.6,0.126847,0.0329723,-0.373026,-0.408391
26,80,50,270,0,-0.33361,-0.961027,-0.741987,337.188,519.144,329.307,540.92,7086.1,3375.38,0.126847,0.0955045,0.0201601,-0.218482
26,0,173,248,0,-0.448895,-0.0373558,-0.0100503,361.764,592.391,382.102,541.142,-18933.7,-11219.8,-0.0855949,-0.255434,0.0502382,-0.0908402
26,0,173,103,0,-0.448895,-0.0373558,-0.34976,361.764,445.052,362.651,541.142,35382.8,10864.8,-0.0855949,-0.175299,-0.360245,-0.33534
26,0,173,137,0,-0.448895,-0.0373558,-0.403895,361.764,445.779,348.888,541.142,35862.2,18853.9,-0.0855949,-0.14219,-0.37527,-0.324364
26,0,173,263,0,-0.448895,-0.0373558,-0.44187,361.764,444.863,370.131,541.142,35123.4,6541.74,-0.0855949,-0.19325,-0.352581,-0.351512
26,0,173,270,0,-0.448895,-0.0373558,-0.741987,361.764,589.111,321.957,541.142,-15730.4,21248.4,-0.0855949,-0.153725,0.0483051,-0.176911
26,0,193,248,0,-0.448895,-0.245261,-0.0100503,361.764,592.391,384.611,541.055,-19037.4,-12702.9,-0.0809588,-0.255434,0.151488,-0.0909904
26,0,193,103,0,-0.448895,-0.245261,-0.34976,361.764,445.052,364.977,541.055,35279.2,9747.71,-0.0809588,-0.175299,-0.256246,-0.332741
26,0,193,137,0,-0.448895,-0.245261,-0.403895,361.764,445.779,351.199,541.055,35758.6,17735.9,-0.0809588,-0.14219,-0.271071,-0.321564
26,0,193,263,0,-0.448895,-0.245261,-0.44187,361.764,444.863,372.464,541.055,35019.7,5425.14,-0.0809588,-0.19325,-0.248683,-0.349014
26,0,193,270,0,-0.448895,-0.245261,-0.741987,361.764,589.111,324.467,541.055,-15834.1,19770.3,-0.0809588,-0.153725,0.149542,-0.177074
26,0,174,248,0,-0.448895,-0.649449,-0.0100503,361.764,592.391,382.472,537.171,-20369.2,-11203.6,-0.085387,-0.255434,0.0283797,-0.080493
26,0,174,103,0,-0.448895,-0.649449,-0.34976,361.764,445.052,361.412,537.171,33947.3,10735.4,-0.085387,-0.175299,-0.382024,-0.324914
26,0,174,137,0,-0.448895,-0.649449,-0.403895,361.764,445.779,347.593,537.171,34426.8,18665.9,-0.085387,-0.14219,-0.396691,-0.313579
26,0,174,263,0,-0.448895,-0.649449,-0.44187,361.764,444.863,368.921,537.171,33687.9,6444.08,-0.085387,-0.19325,-0.374547,-0.341272
26,0,174,270,0,-0.448895,-0.649449,-0.741987,361.764,589.111,322.323,537.171,-17165.9,21026.8,-0.085387,-0.153725,0.0283796,-0.164631
26,0,272,248,0,-0.448895,-0.863936,-0.0100503,361.764,592.391,385.383,536.975,-20524.3,-12918.7,-0.0799785,-0.255434,0.130552,-0.0804929
26,0,272,103,0,-0.448895,-0.863936,-0.34976,361.764,445.052,364.084,536.975,33792.3,9440.1,-0.0799785,-0.175299,-0.276661,-0.321723
26,0,272,137,0,-0.448895,-0.863936,-0.403895,361.764,445.779,350.248,536.975,34271.7,17368.1,-0.0799785,-0.14219,-0.291091,-0.310151
26,0,272,263,0,-0.448895,-0.863936,-0.44187,361.764,444.863,371.601,536.975,33532.8,5150.1,-0.0799785,-0.19325,-0.269302,-0.3382
26,0,272,270,0,-0.448895,-0.863936,-0.741987,361.764,589.111,325.235,536.975,-17321,19311.7,-0.0799785,-0.153725,0.130552,-0.164631
26,0,50,248,0,-0.448895,-0.961027,-0.0100503,361.764,592.391,389.451,540.92,-19237.3,-15563.4,-0.0720135,-0.255434,0.0221294,-0.0912747
26,0,50,103,0,-0.448895,-0.961027,-0.34976,361.764,445.052,369.468,540.92,35079.3,7593.21,-0.0720135,-0.175299,-0.380401,-0.327822
26,0,50,137,0,-0.448895,-0.961027,-0.403895,361.764,445.779,355.664,540.92,35558.7,15579.7,-0.0720135,-0.14219,-0.394848,-0.316268
26,0,50,263,0,-0.448895,-0.961027,-0.44187,361.764,444.863,376.968,540.92,34819.9,3271.59,-0.0720135,-0.19325,-0.373026,-0.344283
26,0,50,270,0,-0.448895,-0.961027,-0.741987,361.764,589.111,329.307,540.92,-16034,16919.6,-0.0720135,-0.153725,0.0201601,-0.177382
28,16,173,248,-0.0583356,-0.0477907,-0.0373558,-0.0100503,417.565,576.232,382.102,541.13,-13928.9,19684.1,-0.139112,0.116499,0.0390495,-0.00385279
28,16,173,103,-0.0583356,-0.0477907,-0.0373558,-0.34976,417.565,433.833,362.651,541.13,48076.3,40874.3,-0.139112,0.228332,-0.371434,-0.216654
28,16,173,137,-0.0583356,-0.0477907,-0.0373558,-0.403895,417.565,436.303,348.888,541.13,48322.2,48861.6,-0.139112,0.261792,-0.386459,-0.205328
28,16,173,263,-0.0583356,-0.0477907,-0.0373558,-0.44187,417.565,432.7,370.131,541.13,47943.3,36552.2,-0.139112,0.210078,-0.36377,-0.23313
28,16,173,270,-0.0583356,-0.0477907,-0.0373558,-0.741987,417.565,578.264,321.957,541.13,-11477.5,52124,-0.139112,0.220685,0.0371164,-0.0874469
28,16,193,248,-0.0583356,-0.0477907,-0.245261,-0.0100503,417.565,576.232,384.611,541.015,-13996.4,18237.9,-0.134478,0.116499,0.140297,-0.00400298
28,16,193,103,-0.0583356,-0.0477907,-0.245261,-0.34976,417.565,433.833,364.977,541.015,48008.9,39794.1,-0.134478,0.228332,-0.267437,-0.214055
28,16,193,137,-0.0583356,-0.0477907,-0.245261,-0.403895,417.565,436.303,351.199,541.015,48254.7,47780.5,-0.134478,0.261792,-0.282262,-0.202528
28,16,193,263,-0.0583356,-0.0477907,-0.245261,-0.44187,417.565,432.7,372.464,541.015,47875.8,35472.5,-0.134478,0.210078,-0.259873,-0.230631
28,16,193,270,-0.0583356,-0.0477907,-0.245261,-0.741987,417.565,578.264,324.467,541.015,-11545,50682.8,-0.134478,0.220685,0.138351,-0.08761
28,16,174,248,-0.0583356,-0.0477907,-0.649449,-0.0100503,417.565,576.232,382.472,537.158,-15587.8,19501,-0.138987,0.116499,0.0171081,0.00649439
28,16,174,103,-0.0583356,-0.0477907,-0.649449,-0.34976,417.565,433.833,361.412,537.158,46417.4,40545.5,-0.138987,0.228332,-0.393296,-0.206227
28,16,174,137,-0.0583356,-0.0477907,-0.649449,-0.403895,417.565,436.303,347.593,537.158,46663.2,48474.3,-0.138987,0.261792,-0.407962,-0.194542
28,16,174,263,-0.0583356,-0.0477907,-0.649449,-0.44187,417.565,432.7,368.921,537.158,46284.4,36255.1,-0.138987,0.210078,-0.385818,-0.22289
28,16,174,270,-0.0583356,-0.0477907,-0.649449,-0.741987,417.565,578.264,322.323,537.158,-13136.5,51703,-0.138987,0.220685,0.017108,-0.0751667
28,16,272,248,-0.0583356,-0.0477907,-0.863936,-0.0100503,417.565,576.232,385.383,536.929,-15706.5,17823.6,-0.133582,0.116499,0.119276,0.00649446
28,16,272,103,-0.0583356,-0.0477907,-0.863936,-0.34976,417.565,433.833,364.084,536.929,46298.7,39288,-0.133582,0.228332,-0.287937,-0.203037
28,16,272,137,-0.0583356,-0.0477907,-0.863936,-0.403895,417.565,436.303,350.248,536.929,46544.6,47214.2,-0.133582,0.261792,-0.302366,-0.191114
28,16,272,263,-0.0583356,-0.0477907,-0.863936,-0.44187,417.565,432.7,371.601,536.929,46165.7,34998.9,-0.133582,0.210078,-0.280578,-0.219818
28,16,272,270,-0.0583356,-0.0477907,-0.863936,-0.741987,417.565,578.264,325.235,536.929,-13255.1,50025.7,-0.133582,0.220685,0.119276,-0.0751666
28,16,50,248,-0.0583356,-0.0477907,-0.961027,-0.0100503,417.565,576.232,389.451,540.826,-14126.4,15448.6,-0.125535,0.116499,0.0109365,-0.00428731
28,16,50,103,-0.0583356,-0.0477907,-0.961027,-0.34976,417.565,433.833,369.468,540.826,47878.8,37710.7,-0.125535,0.228332,-0.391594,-0.209136
28,16,50,137,-0.0583356,-0.0477907,-0.961027,-0.403895,417.565,436.303,355.664,540.826,48124.6,45695.4,-0.125535,0.261792,-0.406041,-0.197231
28,16,50,263,-0.0583356,-0.0477907,-0.961027,-0.44187,417.565,432.7,376.968,540.826,47745.8,33390,-0.125535,0.210078,-0.384219,-0.2259
28,16,50,270,-0.0583356,-0.0477907,-0.961027,-0.741987,417.565,578.264,329.307,540.826,-11675.1,47903.2,-0.125535,0.220685,0.00896716,-0.0879176
28,73,173,248,-0.0583356,-0.0583356,-0.0373558,-0.0100503,354.779,524.025,382.102,541.13,7624.87,-15818.9,0.00457586,0.00482745,0.0390495,-0.122837
28,73,173,103,-0.0583356,-0.0583356,-0.0373558,-0.34976,354.779,375.464,362.651,541.13,57896.8,5371.24,0.00457586,0.0870817,-0.371434,-0.365217
28,73,173,137,-0.0583356,-0.0583356,-0.0373558,-0.403895,354.779,375.795,348.888,541.13,57354,13358.6,0.00457586,0.126381,-0.386459,-0.348052
28,73,173,263,-0.0583356,-0.0583356,-0.0373558,-0.44187,354.779,375.526,370.131,541.13,58190.4,1049.15,0.00457586,0.065805,-0.36377,-0.384716
28,73,173,270,-0.0583356,-0.0583356,-0.0373558,-0.741987,354.779,519.22,321.957,541.13,6645.13,16620.9,0.00457586,0.119833,0.0371164,-0.195611
28,73,193,248,-0.0583356,-0.0583356,-0.245261,-0.0100503,354.779,524.025,384.611,541.015,7695.41,-17127.1,0.00921,0.00482745,0.140297,-0.122987
28,73,193,103,-0.0583356,-0.0583356,-0.245261,-0.34976,354.779,375.464,364.977,541.015,57967.3,4429,0.00921,0.0870817,-0.267437,-0.362618
28,73,193,137,-0.0583356,-0.0583356,-0.245261,-0.403895,354.779,375.795,351.199,541.015,57424.5,12415.4,0.00921,0.126381,-0.282262,-0.345252
28,73,193,263,-0.0583356,-0.0583356,-0.245261,-0.44187,354.779,375.526,372.464,541.015,58261,107.408,0.00921,0.065805,-0.259873,-0.382217
28,73,193,270,-0.0583356,-0.0583356,-0.245261,-0.741987,354.779,519.22,324.467,541.015,6715.67,15317.7,0.00921,0.119833,0.138351,-0.195774
28,73,174,248,-0.0583356,-0.0583356,-0.649449,-0.0100503,354.779,524.025,382.472,537.158,6230.06,-15737.9,0.00470079,0.00482745,0.0171081,-0.112489
28,73,174,103,-0.0583356,-0.0583356,-0.649449,-0.34976,354.779,375.464,361.412,537.158,56501.9,5306.58,0.00470079,0.0870817,-0.393296,-0.354791
28,73,174,137,-0.0583356,-0.0583356,-0.649449,-0.403895,354.779,375.795,347.593,537.158,55959.2,13235.3,0.00470079,0.126381,-0.407962,-0.337266
28,73,174,263,-0.0583356,-0.0583356,-0.649449,-0.44187,354.779,375.526,368.921,537.158,56795.6,1016.2,0.00470079,0.065805,-0.385818,-0.374476
28,73,174,270,-0.0583356,-0.0583356,-0.649449,-0.741987,354.779,519.22,322.323,537.158,5250.32,16464.1,0.00470079,0.119833,0.017108,-0.183331
28,73,272,248,-0.0583356,-0.0583356,-0.863936,-0.0100503,354.779,524.025,385.383,536.929,6277.47,-17249.2,0.0101053,0.00482745,0.119276,-0.112489
28,73,272,103,-0.0583356,-0.0583356,-0.863936,-0.34976,354.779,375.464,364.084,536.929,56549.4,4215.11,0.0101053,0.0870817,-0.287937,-0.3516
28,73,272,137,-0.0583356,-0.0583356,-0.863936,-0.403895,354.779,375.795,350.248,536.929,56006.6,12141.4,0.0101053,0.126381,-0.302366,-0.333838
28,73,272,263,-0.0583356,-0.0583356,-0.863936,-0.44187,354.779,375.526,371.601,536.929,56843,-73.9207,0.0101053,0.065805,-0.280578,-0.371404
28,73,272,270,-0.0583356,-0.0583356,-0.863936,-0.741987,354.779,519.22,325.235,536.929,5297.73,14952.8,0.0101053,0.119833,0.119276,-0.183331
28,73,50,248,-0.0583356,-0.0583356,-0.961027,-0.0100503,354.779,524.025,389.451,540.826,7831.47,-19650.3,0.0181528,0.00482745,0.0109365,-0.123271
28,73,50,103,-0.0583356,-0.0583356,-0.961027,-0.34976,354.779,375.464,369.468,540.826,58103.4,2611.76,0.0181528,0.0870817,-0.391594,-0.357699
28,73,50,137,-0.0583356,-0.0583356,-0.961027,-0.403895,354.779,375.795,355.664,540.826,57560.6,10596.4,0.0181528,0.126381,-0.406041,-0.339955
28,73,50,263,-0.0583356,-0.0583356,-0.961027,-0.44187,354.779,375.526,376.968,540.826,58397,-1708.89,0.0181528,0.065805,-0.384219,-0.377486
28,73,50,270,-0.0583356,-0.0583356,-0.961027,-0.741987,354.779,519.22,329.307,540.826,6851.73,12804.3,0.0181528,0.119833,0.00896716,-0.196082
28,72,173,248,-0.0583356,-0.151404,-0.0373558,-0.0100503,372.708,522.584,382.102,541.13,7420.66,-6091.15,0.000430115,0.0242631,0.0390495,-0.0885633
28,72,173,103,-0.0583356,-0.151404,-0.0373558,-0.34976,372.708,375.624,362.651,541.13,60321.7,15099,0.000430115,0.120156,-0.371434,-0.317305
28,72,173,137,-0.0583356,-0.151404,-0.0373558,-0.403895,372.708,376.661,348.888,541.13,59774.2,23086.3,0.000430115,0.159315,-0.386459,-0.30028
28,72,173,263,-0.0583356,-0.151404,-0.0373558,-0.44187,372.708,375.304,370.131,541.13,60617.9,10776.9,0.000430115,0.0988943,-0.36377,-0.336789
28,72,173,270,-0.0583356,-0.151404,-0.0373558,-0.741987,372.708,519.85,321.957,541.13,6484.26,26348.7,0.000430115,0.139607,0.0371164,-0.160999
28,72,193,248,-0.0583356,-0.151404,-0.245261,-0.0100503,372.708,522.584,384.611,541.015,7490.9,-7399.7,0.00506426,0.0242631,0.140297,-0.0887135
28,72,193,103,-0.0583356,-0.151404,-0.245261,-0.34976,372.708,375.624,364.977,541.015,60391.9,14156.4,0.00506426,0.120156,-0.267437,-0.314706
28,72,193,137,-0.0583356,-0.151404,-0.245261,-0.403895,372.708,376.661,351.199,541.015,59844.4,22142.9,0.00506426,0.159315,-0.282262,-0.29748
28,72,193,263,-0.0583356,-0.151404,-0.245261,-0.44187,372.708,375.304,372.464,541.015,60688.2,9834.85,0.00506426,0.0988943,-0.259873,-0.33429
28,72,193,270,-0.0583356,-0.151404,-0.245261,-0.741987,372.708,519.85,324.467,541.015,6554.49,25045.2,0.00506426,0.139607,0.138351,-0.161162
28,72,174,248,-0.0583356,-0.151404,-0.649449,-0.0100503,372.708,522.584,382.472,537.158,5954.49,-6081.55,0.000555046,0.0242631,0.0171081,-0.0782161
28,72,174,103,-0.0583356,-0.151404,-0.649449,-0.34976,372.708,375.624,361.412,537.158,58855.5,14963,0.000555046,0.120156,-0.393296,-0.306878
28,72,174,137,-0.0583356,-0.151404,-0.649449,-0.403895,372.708,376.661,347.593,537.158,58308,22891.7,0.000555046,0.159315,-0.407962,-0.289495
28,72,174,263,-0.0583356,-0.151404,-0.649449,-0.44187,372.708,375.304,368.921,537.158,59151.7,10672.6,0.000555046,0.0988943,-0.385818,-0.326549
28,72,174,270,-0.0583356,-0.151404,-0.649449,-0.741987,372.708,519.85,322.323,537.158,5018.09,26120.5,0.000555046,0.139607,0.017108,-0.148719
28,72,272,248,-0.0583356,-0.151404,-0.863936,-0.0100503,372.708,522.584,385.383,536.929,5999.8,-7594.94,0.00595952,0.0242631,0.119276,-0.078216
28,72,272,103,-0.0583356,-0.151404,-0.863936,-0.34976,372.708,375.624,364.084,536.929,58900.8,13869.4,0.00595952,0.120156,-0.287937,-0.303688
28,72,272,137,-0.0583356,-0.151404,-0.863936,-0.403895,372.708,376.661,350.248,536.929,58353.3,21795.6,0.00595952,0.159315,-0.302366,-0.286067
28,72,272,263,-0.0583356,-0.151404,-0.863936,-0.44187,372.708,375.304,371.601,536.929,59197.1,9580.37,0.00595952,0.0988943,-0.280578,-0.323477
28,72,272,270,-0.0583356,-0.151404,-0.863936,-0.741987,372.708,519.85,325.235,536.929,5063.4,24607.1,0.00595952,0.139607,0.119276,-0.148719
28,72,50,248,-0.0583356,-0.151404,-0.961027,-0.0100503,372.708,522.584,389.451,540.826,7626.37,-9923.47,0.0140071,0.0242631,0.0109365,-0.0889978
28,72,50,103,-0.0583356,-0.151404,-0.961027,-0.34976,372.708,375.624,369.468,540.826,60527.4,12338.6,0.0140071,0.120156,-0.391594,-0.309787
28,72,50,137,-0.0583356,-0.151404,-0.961027,-0.403895,372.708,376.661,355.664,540.826,59979.9,20323.3,0.0140071,0.159315,-0.406041,-0.292183
28,72,50,263,-0.0583356,-0.151404,-0.961027,-0.44187,372.708,375.304,376.968,540.826,60823.6,8017.97,0.0140071,0.0988943,-0.384219,-0.329559
28,72,50,270,-0.0583356,-0.151404,-0.961027,-0.741987,372.708,519.85,329.307,540.826,6689.97,22531.1,0.0140071,0.139607,0.00896716,-0.16147
28,80,173,248,-0.0583356,-0.33361,-0.0373558,-0.0100503,343.193,525.282,382.102,541.13,7756.87,-22106.8,0.00748609,-0.0214078,0.0390495,-0.144874
28,80,173,103,-0.0583356,-0.33361,-0.0373558,-0.34976,343.193,375.818,362.651,541.13,56329.3,-916.708,0.00748609,0.0519368,-0.371434,-0.396164
28,80,173,137,-0.0583356,-0.33361,-0.0373558,-0.403895,343.193,375.693,348.888,541.13,55789.6,7070.64,0.00748609,0.0912312,-0.386459,-0.379003
28,80,173,263,-0.0583356,-0.33361,-0.0373558,-0.44187,343.193,376.128,370.131,541.13,56621.3,-5238.8,0.00748609,0.0307025,-0.36377,-0.415621
28,80,173,270,-0.0583356,-0.33361,-0.0373558,-0.741987,343.193,519.144,321.957,541.13,6749.12,10333,0.00748609,0.0932347,0.0371164,-0.218012
28,80,193,248,-0.0583356,-0.33361,-0.245261,-0.0100503,343.193,525.282,384.611,541.015,7827.6,-23414.9,0.0121202,-0.0214078,0.140297,-0.145025
28,80,193,103,-0.0583356,-0.33361,-0.245261,-0.34976,343.193,375.818,364.977,541.015,56400,-1858.74,0.0121202,0.0519368,-0.267437,-0.393566
28,80,193,137,-0.0583356,-0.33361,-0.245261,-0.403895,343.193,375.693,351.199,541.015,55860.4,6127.69,0.0121202,0.0912312,-0.282262,-0.376204
28,80,193,263,-0.0583356,-0.33361,-0.245261,-0.44187,343.193,376.128,372.464,541.015,56692.1,-6180.34,0.0121202,0.0307025,-0.259873,-0.413122
28,80,193,270,-0.0583356,-0.33361,-0.245261,-0.741987,343.193,519.144,324.467,541.015,6819.85,9029.97,0.0121202,0.0932347,0.138351,-0.218175
28,80,174,248,-0.0583356,-0.33361,-0.649449,-0.0100503,343.193,525.282,382.472,537.158,6408.18,-21979.8,0.00761102,-0.0214078,0.0171081,-0.134527
28,80,174,103,-0.0583356,-0.33361,-0.649449,-0.34976,343.193,375.818,361.412,537.158,54980.6,-935.24,0.00761102,0.0519368,-0.393296,-0.385738
28,80,174,137,-0.0583356,-0.33361,-0.649449,-0.403895,343.193,375.693,347.593,537.158,54440.9,6993.49,0.00761102,0.0912312,-0.407962,-0.368218
28,80,174,263,-0.0583356,-0.33361,-0.649449,-0.44187,343.193,376.128,368.921,537.158,55272.7,-5225.61,0.00761102,0.0307025,-0.385818,-0.405381
28,80,174,270,-0.0583356,-0.33361,-0.649449,-0.741987,343.193,519.144,322.323,537.158,5400.43,10222.3,0.00761102,0.0932347,0.017108,-0.205731
28,80,272,248,-0.0583356,-0.33361,-0.863936,-0.0100503,343.193,525.282,385.383,536.929,6456.95,-23489.7,0.0130155,-0.0214078,0.119276,-0.134527
28,80,272,103,-0.0583356,-0.33361,-0.863936,-0.34976,343.193,375.818,364.084,536.929,55029.4,-2025.35,0.0130155,0.0519368,-0.287937,-0.382547
28,80,272,137,-0.0583356,-0.33361,-0.863936,-0.403895,343.193,375.693,350.248,536.929,54489.7,5900.89,0.0130155,0.0912312,-0.302366,-0.36479
28,80,272,263,-0.0583356,-0.33361,-0.863936,-0.44187,343.193,376.128,371.601,536.929,55321.4,-6314.38,0.0130155,0.0307025,-0.280578,-0.402308
28,80,272,270,-0.0583356,-0.33361,-0.863936,-0.741987,343.193,519.144,325.235,536.929,5449.2,8712.34,0.0130155,0.0932347,0.119276,-0.205731
28,80,50,248,-0.0583356,-0.33361,-0.961027,-0.0100503,343.193,525.282,389.451,540.826,7964.04,-25937.7,0.0210631,-0.0214078,0.0109365,-0.145309
28,80,50,103,-0.0583356,-0.33361,-0.961027,-0.34976,343.193,375.818,369.468,540.826,56536.5,-3675.62,0.0210631,0.0519368,-0.391594,-0.388646
28,80,50,137,-0.0583356,-0.33361,-0.961027,-0.403895,343.193,375.693,355.664,540.826,55996.8,4309.07,0.0210631,0.0912312,-0.406041,-0.370907
28,80,50,263,-0.0583356,-0.33361,-0.961027,-0.44187,343.193,376.128,376.968,540.826,56828.5,-7996.27,0.0210631,0.0307025,-0.384219,-0.408391
28,80,50,270,-0.0583356,-0.33361,-0.961027,-0.741987,343.193,519.144,329.307,540.826,6956.29,6516.88,0.0210631,0.0932347,0.00896716,-0.218482
28,0,173,248,-0.0583356,-0.448895,-0.0373558,-0.0100503,367.804,592.391,382.102,541.13,-19089.9,-7634.44,-0.187956,-0.254285,0.0390495,-0.0908402
28,0,173,103,-0.0583356,-0.448895,-0.0373558,-0.34976,367.804,445.052,362.651,541.13,36121.1,13555.7,-0.187956,-0.17415,-0.371434,-0.33534
28,0,173,137,-0.0583356,-0.448895,-0.0373558,-0.403895,367.804,445.779,348.888,541.13,36602.3,21543,-0.187956,-0.141041,-0.386459,-0.324364
28,0,173,263,-0.0583356,-0.448895,-0.0373558,-0.44187,367.804,444.863,370.131,541.13,35860.7,9233.6,-0.187956,-0.192101,-0.36377,-0.351512
28,0,173,270,-0.0583356,-0.448895,-0.0373558,-0.741987,367.804,589.111,321.957,541.13,-15858.3,24805.4,-0.187956,-0.152576,0.0371164,-0.176911
28,0,193,248,-0.0583356,-0.448895,-0.245261,-0.0100503,367.804,592.391,384.611,541.015,-19194.2,-9117.55,-0.183321,-0.254285,0.140297,-0.0909904
28,0,193,103,-0.0583356,-0.448895,-0.245261,-0.34976,367.804,445.052,364.977,541.015,36016.8,12438.6,-0.183321,-0.17415,-0.267437,-0.332741
28,0,193,137,-0.0583356,-0.448895,-0.245261,-0.403895,367.804,445.779,351.199,541.015,36498,20425,-0.183321,-0.141041,-0.282262,-0.321564
28,0,193,263,-0.0583356,-0.448895,-0.245261,-0.44187,367.804,444.863,372.464,541.015,35756.4,8117,-0.183321,-0.192101,-0.259873,-0.349014
28,0,193,270,-0.0583356,-0.448895,-0.245261,-0.741987,367.804,589.111,324.467,541.015,-15962.6,23327.3,-0.183321,-0.152576,0.138351,-0.177074
28,0,174,248,-0.0583356,-0.448895,-0.649449,-0.0100503,367.804,592.391,382.472,537.158,-20549.4,-7618.21,-0.187831,-0.254285,0.0171081,-0.080493
28,0,174,103,-0.0583356,-0.448895,-0.649449,-0.34976,367.804,445.052,361.412,537.158,34661.6,13426.3,-0.187831,-0.17415,-0.393296,-0.324914
28,0,174,137,-0.0583356,-0.448895,-0.649449,-0.403895,367.804,445.779,347.593,537.158,35142.8,21355,-0.187831,-0.141041,-0.407962,-0.313579
28,0,174,263,-0.0583356,-0.448895,-0.649449,-0.44187,367.804,444.863,368.921,537.158,34401.2,9135.94,-0.187831,-0.192101,-0.385818,-0.341272
28,0,174,270,-0.0583356,-0.448895,-0.649449,-0.741987,367.804,589.111,322.323,537.158,-17317.8,24583.8,-0.187831,-0.152576,0.017108,-0.164631
28,0,272,248,-0.0583356,-0.448895,-0.863936,-0.0100503,367.804,592.391,385.383,536.929,-20705.9,-9333.34,-0.182426,-0.254285,0.119276,-0.0804929
28,0,272,103,-0.0583356,-0.448895,-0.863936,-0.34976,367.804,445.052,364.084,536.929,34505.1,12131,-0.182426,-0.17415,-0.287937,-0.321723
28,0,272,137,-0.0583356,-0.448895,-0.863936,-0.403895,367.804,445.779,350.248,536.929,34986.4,20057.2,-0.182426,-0.141041,-0.302366,-0.310151
28,0,272,263,-0.0583356,-0.448895,-0.863936,-0.44187,367.804,444.863,371.601,536.929,34244.7,7841.97,-0.182426,-0.192101,-0.280578,-0.3382
28,0,272,270,-0.0583356,-0.448895,-0.863936,-0.741987,367.804,589.111,325.235,536.929,-17474.2,22868.7,-0.182426,-0.152576,0.119276,-0.164631
28,0,50,248,-0.0583356,-0.448895,-0.961027,-0.0100503,367.804,592.391,389.451,540.826,-19395.4,-11978,-0.174379,-0.254285,0.0109365,-0.0912747
28,0,50,103,-0.0583356,-0.448895,-0.961027,-0.34976,367.804,445.052,369.468,540.826,35815.6,10284.1,-0.174379,-0.17415,-0.391594,-0.327822
28,0,50,137,-0.0583356,-0.448895,-0.961027,-0.403895,367.804,445.779,355.664,540.826,36296.8,18268.8,-0.174379,-0.141041,-0.406041,-0.316268
28,0,50,263,-0.0583356,-0.448895,-0.961027,-0.44187,367.804,444.863,376.968,540.826,35555.2,5963.45,-0.174379,-0.192101,-0.384219,-0.344283
28,0,50,270,-0.0583356,-0.448895,-0.961027,-0.741987,367.804,589.111,329.307,540.826,-16163.8,20476.6,-0.174379,-0.152576,0.00896716,-0.177382
77,16,173,248,-0.110559,-0.0477907,-0.0373558,-0.0100503,383.308,576.232,382.102,510.418,-25140.4,-2279.62,-0.107703,0.0314051,0.109969,-0.00385279
77,16,173,103,-0.110559,-0.0477907,-0.0373558,-0.34976,383.308,433.833,362.651,510.418,32769.3,23006.1,-0.107703,0.143239,-0.300514,-0.216654
77,16,173,137,-0.110559,-0.0477907,-0.0373558,-0.403895,383.308,436.303,348.888,510.418,33474.8,30533.8,-0.107703,0.176698,-0.315539,-0.205328
77,16,173,263,-0.110559,-0.0477907,-0.0373558,-0.44187,383.308,432.7,370.131,510.418,32387.5,18932.7,-0.107703,0.124985,-0.29285,-0.23313
77,16,173,270,-0.110559,-0.0477907,-0.0373558,-0.741987,383.308,578.264,321.957,510.418,-20948.1,28419.3,-0.107703,0.135591,0.108036,-0.0874469
77,16,193,248,-0.110559,-0.0477907,-0.245261,-0.0100503,383.308,576.232,384.611,510.482,-25283.7,-3725.86,-0.102787,0.0314051,0.211499,-0.00400298
77,16,193,103,-0.110559,-0.0477907,-0.245261,-0.34976,383.308,433.833,364.977,510.482,32626,21925.9,-0.102787,0.143239,-0.196235,-0.214055
77,16,193,137,-0.110559,-0.0477907,-0.245261,-0.403895,383.308,436.303,351.199,510.482,33331.5,29452.7,-0.102787,0.176698,-0.21106,-0.202528
77,16,193,263,-0.110559,-0.0477907,-0.245261,-0.44187,383.308,432.7,372.464,510.482,32244.2,17853,-0.102787,0.124985,-0.188672,-0.230631
77,16,193,270,-0.110559,-0.0477907,-0.245261,-0.741987,383.308,578.264,324.467,510.482,-21091.4,26978.1,-0.102787,0.135591,0.209553,-0.08761
77,16,174,248,-0.110559,-0.0477907,-0.649449,-0.0100503,383.308,576.232,382.472,506.461,-26657.8,-2462.77,-0.107015,0.0314051,0.0885911,0.00649439
77,16,174,103,-0.110559,-0.0477907,-0.649449,-0.34976,383.308,433.833,361.412,506.461,31251.9,22677.3,-0.107015,0.143239,-0.321813,-0.206227
77,16,174,137,-0.110559,-0.0477907,-0.649449,-0.403895,383.308,436.303,347.593,506.461,31957.4,30146.4,-0.107015,0.176698,-0.336479,-0.194542
77,16,174,263,-0.110559,-0.0477907,-0.649449,-0.44187,383.308,432.7,368.921,506.461,30870.1,18635.7,-0.107015,0.124985,-0.314335,-0.22289
77,16,174,270,-0.110559,-0.0477907,-0.649449,-0.741987,383.308,578.264,322.323,506.461,-22465.5,27998.4,-0.107015,0.135591,0.088591,-0.0751667
77,16,272,248,-0.110559,-0.0477907,-0.863936,-0.0100503,383.308,576.232,385.383,506.441,-26860.7,-4140.13,-0.101266,0.0314051,0.191104,0.00649446
77,16,272,103,-0.110559,-0.0477907,-0.863936,-0.34976,383.308,433.833,364.084,506.441,31049,21419.8,-0.101266,0.143239,-0.21611,-0.203037
77,16,272,137,-0.110559,-0.0477907,-0.863936,-0.403895,383.308,436.303,350.248,506.441,31754.4,28886.4,-0.101266,0.176698,-0.230539,-0.191114
77,16,272,263,-0.110559,-0.0477907,-0.863936,-0.44187,383.308,432.7,371.601,506.441,30667.2,17379.5,-0.101266,0.124985,-0.208751,-0.219818
77,16,272,270,-0.110559,-0.0477907,-0.863936,-0.741987,383.308,578.264,325.235,506.441,-22668.4,26321,-0.101266,0.135591,0.191103,-0.0751666
77,16,50,248,-0.110559,-0.0477907,-0.961027,-0.0100503,383.308,576.232,389.451,510.639,-25560,-6515.17,-0.09331,0.0314051,0.0826721,-0.00428731
77,16,50,103,-0.110559,-0.0477907,-0.961027,-0.34976,383.308,433.833,369.468,510.639,32349.6,19842.5,-0.09331,0.143239,-0.319859,-0.209136
77,16,50,137,-0.110559,-0.0477907,-0.961027,-0.403895,383.308,436.303,355.664,510.639,33055.1,27367.6,-0.09331,0.176698,-0.334306,-0.197231
77,16,50,263,-0.110559,-0.0477907,-0.961027,-0.44187,383.308,432.7,376.968,510.639,31967.9,15770.6,-0.09331,0.124985,-0.312483,-0.2259
77,16,50,270,-0.110559,-0.0477907,-0.961027,-0.741987,383.308,578.264,329.307,510.639,-21367.8,24198.5,-0.09331,0.135591,0.0807028,-0.0879176
77,73,173,248,-0.110559,-0.0583356,-0.0373558,-0.0100503,316.004,524.025,382.102,510.418,-3586.58,-33807.3,0.035094,-0.0811568,0.109969,-0.122837
77,73,173,103,-0.110559,-0.0583356,-0.0373558,-0.34976,316.004,375.464,362.651,510.418,42589.7,-8521.58,0.035094,0.00109751,-0.300514,-0.365217
77,73,173,137,-0.110559,-0.0583356,-0.0373558,-0.403895,316.004,375.795,348.888,510.418,42506.6,-993.87,0.035094,0.0403963,-0.315539,-0.348052
77,73,173,263,-0.110559,-0.0583356,-0.0373558,-0.44187,316.004,375.526,370.131,510.418,42634.7,-12595,0.035094,-0.0201792,-0.29285,-0.384716
77,73,173,270,-0.110559,-0.0583356,-0.0373558,-0.741987,316.004,519.22,321.957,510.418,-2825.44,-3108.34,0.035094,0.0338488,0.108036,-0.195611
77,73,193,248,-0.110559,-0.0583356,-0.245261,-0.0100503,316.004,524.025,384.611,510.482,-3591.89,-35115.6,0.0400099,-0.0811568,0.211499,-0.122987
77,73,193,103,-0.110559,-0.0583356,-0.245261,-0.34976,316.004,375.464,364.977,510.482,42584.4,-9463.82,0.0400099,0.00109751,-0.196235,-0.362618
77,73,193,137,-0.110559,-0.0583356,-0.245261,-0.403895,316.004,375.795,351.199,510.482,42501.3,-1937.01,0.0400099,0.0403963,-0.21106,-0.345252
77,73,193,263,-0.110559,-0.0583356,-0.245261,-0.44187,316.004,375.526,372.464,510.482,42629.4,-13536.7,0.0400099,-0.0201792,-0.188672,-0.382217
77,73,193,270,-0.110559,-0.0583356,-0.245261,-0.741987,316.004,519.22,324.467,510.482,-2830.75,-4411.56,0.0400099,0.0338488,0.209553,-0.195774
77,73,174,248,-0.110559,-0.0583356,-0.649449,-0.0100503,316.004,524.025,382.472,506.461,-4839.87,-33726.4,0.0357822,-0.0811568,0.0885911,-0.112489
77,73,174,103,-0.110559,-0.0583356,-0.649449,-0.34976,316.004,375.464,361.412,506.461,41336.4,-8586.24,0.0357822,0.00109751,-0.321813,-0.354791
77,73,174,137,-0.110559,-0.0583356,-0.649449,-0.403895,316.004,375.795,347.593,506.461,41253.3,-1117.14,0.0357822,0.0403963,-0.336479,-0.337266
77,73,174,263,-0.110559,-0.0583356,-0.649449,-0.44187,316.004,375.526,368.921,506.461,41381.4,-12627.9,0.0357822,-0.0201792,-0.314335,-0.374476
77,73,174,270,-0.110559,-0.0583356,-0.649449,-0.741987,316.004,519.22,322.323,506.461,-4078.74,-3265.19,0.0357822,0.0338488,0.088591,-0.183331
77,73,272,248,-0.110559,-0.0583356,-0.863936,-0.0100503,316.004,524.025,385.383,506.441,-4876.72,-35237.6,0.0415307,-0.0811568,0.191104,-0.112489
77,73,272,103,-0.110559,-0.0583356,-0.863936,-0.34976,316.004,375.464,364.084,506.441,41299.6,-9677.71,0.0415307,0.00109751,-0.21611,-0.3516
77,73,272,137,-0.110559,-0.0583356,-0.863936,-0.403895,316.004,375.795,350.248,506.441,41216.5,-2211.09,0.0415307,0.0403963,-0.230539,-0.333838
77,73,272,263,-0.110559,-0.0583356,-0.863936,-0.44187,316.004,375.526,371.601,506.441,41344.6,-13718,0.0415307,-0.0201792,-0.208751,-0.371404
77,73,272,270,-0.110559,-0.0583356,-0.863936,-0.741987,316.004,519.22,325.235,506.441,-4115.59,-4776.48,0.0415307,0.0338488,0.191103,-0.183331
77,73,50,248,-0.110559,-0.0583356,-0.961027,-0.0100503,316.004,524.025,389.451,510.639,-3602.11,-37638.7,0.049487,-0.0811568,0.0826721,-0.123271
77,73,50,103,-0.110559,-0.0583356,-0.961027,-0.34976,316.004,375.464,369.468,510.639,42574.2,-11281.1,0.049487,0.00109751,-0.319859,-0.357699
77,73,50,137,-0.110559,-0.0583356,-0.961027,-0.403895,316.004,375.795,355.664,510.639,42491.1,-3756.01,0.049487,0.0403963,-0.334306,-0.339955
77,73,50,263,-0.110559,-0.0583356,-0.961027,-0.44187,316.004,375.526,376.968,510.639,42619.2,-15353,0.049487,-0.0201792,-0.312483,-0.377486
77,73,50,270,-0.110559,-0.0583356,-0.961027,-0.741987,316.004,519.22,329.307,510.639,-2840.97,-6925.03,0.049487,0.0338488,0.0807028,-0.196082
77,72,173,248,-0.110559,-0.151404,-0.0373558,-0.0100503,333.996,522.584,382.102,510.418,-3790.79,-24627.7,0.035094,-0.0575754,0.109969,-0.0885633
77,72,173,103,-0.110559,-0.151404,-0.0373558,-0.34976,333.996,375.624,362.651,510.418,45014.6,657.979,0.035094,0.0383179,-0.300514,-0.317305
77,72,173,137,-0.110559,-0.151404,-0.0373558,-0.403895,333.996,376.661,348.888,510.418,44926.8,8185.69,0.035094,0.0774762,-0.315539,-0.30028
77,72,173,263,-0.110559,-0.151404,-0.0373558,-0.44187,333.996,375.304,370.131,510.418,45062.2,-3415.4,0.035094,0.0170558,-0.29285,-0.336789
77,72,173,270,-0.110559,-0.151404,-0.0373558,-0.741987,333.996,519.85,321.957,510.418,-2986.31,6071.22,0.035094,0.0577688,0.108036,-0.160999
77,72,193,248,-0.110559,-0.151404,-0.245261,-0.0100503,333.996,522.584,384.611,510.482,-3796.4,-25936.3,0.0400099,-0.0575754,0.211499,-0.0887135
77,72,193,103,-0.110559,-0.151404,-0.245261,-0.34976,333.996,375.624,364.977,510.482,45009,-284.554,0.0400099,0.0383179,-0.196235,-0.314706
77,72,193,137,-0.110559,-0.151404,-0.245261,-0.403895,333.996,376.661,351.199,510.482,44921.2,7242.25,0.0400099,0.0774762,-0.21106,-0.29748
77,72,193,263,-0.110559,-0.151404,-0.245261,-0.44187,333.996,375.304,372.464,510.482,45056.6,-4357.44,0.0400099,0.0170558,-0.188672,-0.33429
77,72,193,270,-0.110559,-0.151404,-0.245261,-0.741987,333.996,519.85,324.467,510.482,-2991.93,4767.7,0.0400099,0.0577688,0.209553,-0.161162
77,72,174,248,-0.110559,-0.151404,-0.649449,-0.0100503,333.996,522.584,382.472,506.461,-5115.44,-24618.1,0.0357822,-0.0575754,0.0885911,-0.0782161
77,72,174,103,-0.110559,-0.151404,-0.649449,-0.34976,333.996,375.624,361.412,506.461,43690,521.962,0.0357822,0.0383179,-0.321813,-0.306878
77,72,174,137,-0.110559,-0.151404,-0.649449,-0.403895,333.996,376.661,347.593,506.461,43602.1,7991.07,0.0357822,0.0774762,-0.336479,-0.289495
77,72,174,263,-0.110559,-0.151404,-0.649449,-0.44187,333.996,375.304,368.921,506.461,43737.5,-3519.7,0.0357822,0.0170558,-0.314335,-0.326549
77,72,174,270,-0.110559,-0.151404,-0.649449,-0.741987,333.996,519.85,322.323,506.461,-4310.97,5843.01,0.0357822,0.0577688,0.088591,-0.148719
77,72,272,248,-0.110559,-0.151404,-0.863936,-0.0100503,333.996,522.584,385.383,506.441,-5154.39,-26131.5,0.0415307,-0.0575754,0.191104,-0.078216
77,72,272,103,-0.110559,-0.151404,-0.863936,-0.34976,333.996,375.624,364.084,506.441,43651,-571.606,0.0415307,0.0383179,-0.21611,-0.303688
77,72,272,137,-0.110559,-0.151404,-0.863936,-0.403895,333.996,376.661,350.248,506.441,43563.2,6895.01,0.0415307,0.0774762,-0.230539,-0.286067
77,72,272,263,-0.110559,-0.151404,-0.863936,-0.44187,333.996,375.304,371.601,506.441,43698.6,-4611.92,0.0415307,0.0170558,-0.208751,-0.323477
77,72,272,270,-0.110559,-0.151404,-0.863936,-0.741987,333.996,519.85,325.235,506.441,-4349.92,4329.63,0.0415307,0.0577688,0.191103,-0.148719
77,72,50,248,-0.110559,-0.151404,-0.961027,-0.0100503,333.996,522.584,389.451,510.639,-3807.2,-28460.1,0.0494869,-0.0575754,0.0826721,-0.0889978
77,72,50,103,-0.110559,-0.151404,-0.961027,-0.34976,333.996,375.624,369.468,510.639,44998.2,-2102.39,0.0494869,0.0383179,-0.319859,-0.309787
77,72,50,137,-0.110559,-0.151404,-0.961027,-0.403895,333.996,376.661,355.664,510.639,44910.4,5422.67,0.0494869,0.0774762,-0.334306,-0.292183
77,72,50,263,-0.110559,-0.151404,-0.961027,-0.44187,333.996,375.304,376.968,510.639,45045.8,-6174.32,0.0494869,0.0170558,-0.312483,-0.329559
77,72,50,270,-0.110559,-0.151404,-0.961027,-0.741987,333.996,519.85,329.307,510.639,-3002.73,2253.65,0.0494869,0.0577688,0.0807028,-0.16147
77,80,173,248,-0.110559,-0.33361,-0.0373558,-0.0100503,304.374,525.282,382.102,510.418,-3454.58,-39740.9,0.035094,-0.110302,0.109969,-0.144874
77,80,173,103,-0.110559,-0.33361,-0.0373558,-0.34976,304.374,375.818,362.651,510.418,41022.3,-14455.2,0.035094,-0.0369577,-0.300514,-0.396164
77,80,173,137,-0.110559,-0.33361,-0.0373558,-0.403895,304.374,375.693,348.888,510.418,40942.2,-6927.47,0.035094,0.00233669,-0.315539,-0.379003
77,80,173,263,-0.110559,-0.33361,-0.0373558,-0.44187,304.374,376.128,370.131,510.418,41065.6,-18528.6,0.035094,-0.0581919,-0.29285,-0.415621
77,80,173,270,-0.110559,-0.33361,-0.0373558,-0.741987,304.374,519.144,321.957,510.418,-2721.46,-9041.95,0.035094,0.00434024,0.108036,-0.218012
77,80,193,248,-0.110559,-0.33361,-0.245261,-0.0100503,304.374,525.282,384.611,510.482,-3459.69,-41049,0.0400099,-0.110302,0.211499,-0.145025
77,80,193,103,-0.110559,-0.33361,-0.245261,-0.34976,304.374,375.818,364.977,510.482,41017.2,-15397.2,0.0400099,-0.0369577,-0.196235,-0.393566
77,80,193,137,-0.110559,-0.33361,-0.245261,-0.403895,304.374,375.693,351.199,510.482,40937.1,-7870.42,0.0400099,0.00233669,-0.21106,-0.376204
77,80,193,263,-0.110559,-0.33361,-0.245261,-0.44187,304.374,376.128,372.464,510.482,41060.5,-19470.1,0.0400099,-0.0581919,-0.188672,-0.413122
77,80,193,270,-0.110559,-0.33361,-0.245261,-0.741987,304.374,519.144,324.467,510.482,-2726.57,-10345,0.0400099,0.00434024,0.209553,-0.218175
77,80,174,248,-0.110559,-0.33361,-0.649449,-0.0100503,304.374,525.282,382.472,506.461,-4661.75,-39613.8,0.0357822,-0.110302,0.0885911,-0.134527
77,80,174,103,-0.110559,-0.33361,-0.649449,-0.34976,304.374,375.818,361.412,506.461,39815.1,-14473.7,0.0357822,-0.0369577,-0.321813,-0.385738
77,80,174,137,-0.110559,-0.33361,-0.649449,-0.403895,304.374,375.693,347.593,506.461,39735,-7004.61,0.0357822,0.00233669,-0.336479,-0.368218
77,80,174,263,-0.110559,-0.33361,-0.649449,-0.44187,304.374,376.128,368.921,506.461,39858.4,-18515.4,0.0357822,-0.0581919,-0.314335,-0.405381
77,80,174,270,-0.110559,-0.33361,-0.649449,-0.741987,304.374,519.144,322.323,506.461,-3928.63,-9152.67,0.0357822,0.00434024,0.088591,-0.205731
77,80,272,248,-0.110559,-0.33361,-0.863936,-0.0100503,304.374,525.282,385.383,506.441,-4697.24,-41123.8,0.0415307,-0.110302,0.191104,-0.134527
77,80,272,103,-0.110559,-0.33361,-0.863936,-0.34976,304.374,375.818,364.084,506.441,39779.6,-15563.8,0.0415307,-0.0369577,-0.21611,-0.382547
77,80,272,137,-0.110559,-0.33361,-0.863936,-0.403895,304.374,375.693,350.248,506.441,39699.6,-8097.21,0.0415307,0.00233669,-0.230539,-0.36479
77,80,272,263,-0.110559,-0.33361,-0.863936,-0.44187,304.374,376.128,371.601,506.441,39822.9,-19604.2,0.0415307,-0.0581919,-0.208751,-0.402308
77,80,272,270,-0.110559,-0.33361,-0.863936,-0.741987,304.374,519.144,325.235,506.441,-3964.12,-10662.6,0.0415307,0.00434024,0.191103,-0.205731
77,80,50,248,-0.110559,-0.33361,-0.961027,-0.0100503,304.374,525.282,389.451,510.639,-3469.54,-43571.8,0.0494869,-0.110302,0.0826721,-0.145309
77,80,50,103,-0.110559,-0.33361,-0.961027,-0.34976,304.374,375.818,369.468,510.639,41007.3,-17214.1,0.0494869,-0.0369577,-0.319859,-0.388646
77,80,50,137,-0.110559,-0.33361,-0.961027,-0.403895,304.374,375.693,355.664,510.639,40927.3,-9689.04,0.0494869,0.00233669,-0.334306,-0.370907
77,80,50,263,-0.110559,-0.33361,-0.961027,-0.44187,304.374,376.128,376.968,510.639,41050.6,-21286,0.0494869,-0.0581919,-0.312483,-0.408391
77,80,50,270,-0.110559,-0.33361,-0.961027,-0.741987,304.374,519.144,329.307,510.639,-2736.42,-12858.1,0.0494869,0.00434024,0.0807028,-0.218482
77,0,173,248,-0.110559,-0.448895,-0.0373558,-0.0100503,335.549,592.391,382.102,510.418,-30301.4,-28602.9,-0.17379,-0.356622,0.109969,-0.0908402
77,0,173,103,-0.110559,-0.448895,-0.0373558,-0.34976,335.549,445.052,362.651,510.418,20814.1,-3317.2,-0.17379,-0.276487,-0.300514,-0.33534
77,0,173,137,-0.110559,-0.448895,-0.0373558,-0.403895,335.549,445.779,348.888,510.418,21754.9,4210.52,-0.17379,-0.243378,-0.315539,-0.324364
77,0,173,263,-0.110559,-0.448895,-0.0373558,-0.44187,335.549,444.863,370.131,510.418,20305,-7390.58,-0.17379,-0.294438,-0.29285,-0.351512
77,0,173,270,-0.110559,-0.448895,-0.0373558,-0.741987,335.549,589.111,321.957,510.418,-25328.8,2096.04,-0.17379,-0.254913,0.108036,-0.176911
77,0,193,248,-0.110559,-0.448895,-0.245261,-0.0100503,335.549,592.391,384.611,510.482,-30481.5,-30086,-0.168874,-0.356622,0.211499,-0.0909904
77,0,193,103,-0.110559,-0.448895,-0.245261,-0.34976,335.549,445.052,364.977,510.482,20633.9,-4434.29,-0.168874,-0.276487,-0.196235,-0.332741
77,0,193,137,-0.110559,-0.448895,-0.245261,-0.403895,335.549,445.779,351.199,510.482,21574.8,3092.52,-0.168874,-0.243378,-0.21106,-0.321564
77,0,193,263,-0.110559,-0.448895,-0.245261,-0.44187,335.549,444.863,372.464,510.482,20124.8,-8507.17,-0.168874,-0.294438,-0.188672,-0.349014
77,0,193,270,-0.110559,-0.448895,-0.245261,-0.741987,335.549,589.111,324.467,510.482,-25509,617.964,-0.168874,-0.254913,0.209553,-0.177074
77,0,174,248,-0.110559,-0.448895,-0.649449,-0.0100503,335.549,592.391,382.472,506.461,-31619.4,-28586.7,-0.173102,-0.356622,0.0885911,-0.080493
77,0,174,103,-0.110559,-0.448895,-0.649449,-0.34976,335.549,445.052,361.412,506.461,19496.1,-3446.58,-0.173102,-0.276487,-0.321813,-0.324914
77,0,174,137,-0.110559,-0.448895,-0.649449,-0.403895,335.549,445.779,347.593,506.461,20436.9,4022.53,-0.173102,-0.243378,-0.336479,-0.313579
77,0,174,263,-0.110559,-0.448895,-0.649449,-0.44187,335.549,444.863,368.921,506.461,18987,-7488.24,-0.173102,-0.294438,-0.314335,-0.341272
77,0,174,270,-0.110559,-0.448895,-0.649449,-0.741987,335.549,589.111,322.323,506.461,-26646.8,1874.47,-0.173102,-0.254913,0.088591,-0.164631
77,0,272,248,-0.110559,-0.448895,-0.863936,-0.0100503,335.549,592.391,385.383,506.441,-31860.1,-30301.8,-0.167353,-0.356622,0.191104,-0.0804929
77,0,272,103,-0.110559,-0.448895,-0.863936,-0.34976,335.549,445.052,364.084,506.441,19255.4,-4741.9,-0.167353,-0.276487,-0.21611,-0.321723
77,0,272,137,-0.110559,-0.448895,-0.863936,-0.403895,335.549,445.779,350.248,506.441,20196.2,2724.72,-0.167353,-0.243378,-0.230539,-0.310151
77,0,272,263,-0.110559,-0.448895,-0.863936,-0.44187,335.549,444.863,371.601,506.441,18746.3,-8782.21,-0.167353,-0.294438,-0.208751,-0.3382
77,0,272,270,-0.110559,-0.448895,-0.863936,-0.741987,335.549,589.111,325.235,506.441,-26887.5,159.34,-0.167353,-0.254913,0.191103,-0.164631
77,0,50,248,-0.110559,-0.448895,-0.961027,-0.0100503,335.549,592.391,389.451,510.639,-30829,-32946.5,-0.159397,-0.356622,0.0826721,-0.0912747
77,0,50,103,-0.110559,-0.448895,-0.961027,-0.34976,335.549,445.052,369.468,510.639,20286.4,-6588.79,-0.159397,-0.276487,-0.319859,-0.327822
77,0,50,137,-0.110559,-0.448895,-0.961027,-0.403895,335.549,445.779,355.664,510.639,21227.3,936.269,-0.159397,-0.243378,-0.334306,-0.316268
77,0,50,263,-0.110559,-0.448895,-0.961027,-0.44187,335.549,444.863,376.968,510.639,19777.3,-10660.7,-0.159397,-0.294438,-0.312483,-0.344283
77,0,50,270,-0.110559,-0.448895,-0.961027,-0.741987,335.549,589.111,329.307,510.639,-25856.5,-2232.75,-0.159397,-0.254913,0.0807028,-0.177382
75,16,173,248,-0.11149,-0.0477907,-0.0373558,-0.0100503,372.059,576.232,382.102,510.88,-25011.4,-8828.4,-0.0865373,0.027057,0.132213,-0.00385279
75,16,173,103,-0.11149,-0.0477907,-0.0373558,-0.34976,372.059,433.833,362.651,510.88,31237.2,18118.4,-0.0865373,0.138891,-0.278271,-0.216654
75,16,173,137,-0.11149,-0.0477907,-0.0373558,-0.403895,372.059,436.303,348.888,510.88,31945.7,25643.1,-0.0865373,0.17235,-0.293296,-0.205328
75,16,173,263,-0.11149,-0.0477907,-0.0373558,-0.44187,372.059,432.7,370.131,510.88,30853.8,14046.6,-0.0865373,0.120637,-0.270607,-0.23313
75,16,173,270,-0.11149,-0.0477907,-0.0373558,-0.741987,372.059,578.264,321.957,510.88,-20846.5,21897.9,-0.0865373,0.131243,0.130279,-0.0874469
75,16,193,248,-0.11149,-0.0477907,-0.245261,-0.0100503,372.059,576.232,384.611,510.999,-25154.5,-10274.6,-0.0816302,0.027057,0.233733,-0.00400298
75,16,193,103,-0.11149,-0.0477907,-0.245261,-0.34976,372.059,433.833,364.977,510.999,31094.1,17038.2,-0.0816302,0.138891,-0.174001,-0.214055
75,16,193,137,-0.11149,-0.0477907,-0.245261,-0.403895,372.059,436.303,351.199,510.999,31802.6,24562,-0.0816302,0.17235,-0.188826,-0.202528
75,16,193,263,-0.11149,-0.0477907,-0.245261,-0.44187,372.059,432.7,372.464,510.999,30710.7,12966.9,-0.0816302,0.120637,-0.166438,-0.230631
75,16,193,270,-0.11149,-0.0477907,-0.245261,-0.741987,372.059,578.264,324.467,510.999,-20989.6,20456.7,-0.0816302,0.131243,0.231787,-0.08761
75,16,174,248,-0.11149,-0.0477907,-0.649449,-0.0100503,372.059,576.232,382.472,506.931,-26483.7,-9011.56,-0.0856764,0.027057,0.111007,0.00649439
75,16,174,103,-0.11149,-0.0477907,-0.649449,-0.34976,372.059,433.833,361.412,506.931,29764.9,17789.6,-0.0856764,0.138891,-0.299397,-0.206227
75,16,174,137,-0.11149,-0.0477907,-0.649449,-0.403895,372.059,436.303,347.593,506.931,30473.4,25255.8,-0.0856764,0.17235,-0.314064,-0.194542
75,16,174,263,-0.11149,-0.0477907,-0.649449,-0.44187,372.059,432.7,368.921,506.931,29381.5,13749.6,-0.0856764,0.120637,-0.291919,-0.22289
75,16,174,270,-0.11149,-0.0477907,-0.649449,-0.741987,372.059,578.264,322.323,506.931,-22318.8,21477,-0.0856764,0.131243,0.111007,-0.0751667
75,16,272,248,-0.11149,-0.0477907,-0.863936,-0.0100503,372.059,576.232,385.383,506.976,-26685.3,-10688.9,-0.0799341,0.027057,0.213513,0.00649446
75,16,272,103,-0.11149,-0.0477907,-0.863936,-0.34976,372.059,433.833,364.084,506.976,29563.3,16532.1,-0.0799341,0.138891,-0.1937,-0.203037
75,16,272,137,-0.11149,-0.0477907,-0.863936,-0.403895,372.059,436.303,350.248,506.976,30271.8,23995.7,-0.0799341,0.17235,-0.20813,-0.191114
75,16,272,263,-0.11149,-0.0477907,-0.863936,-0.44187,372.059,432.7,371.601,506.976,29179.9,12493.4,-0.0799341,0.120637,-0.186341,-0.219818
75,16,272,270,-0.11149,-0.0477907,-0.863936,-0.741987,372.059,578.264,325.235,506.976,-22520.4,19799.6,-0.0799341,0.131243,0.213513,-0.0751666
75,16,50,248,-0.11149,-0.0477907,-0.961027,-0.0100503,372.059,576.232,389.451,511.263,-25430.4,-13064,-0.0721729,0.027057,0.104887,-0.00428731
75,16,50,103,-0.11149,-0.0477907,-0.961027,-0.34976,372.059,433.833,369.468,511.263,30818.1,14954.8,-0.0721729,0.138891,-0.297644,-0.209136
75,16,50,137,-0.11149,-0.0477907,-0.961027,-0.403895,372.059,436.303,355.664,511.263,31526.6,22476.9,-0.0721729,0.17235,-0.312091,-0.197231
75,16,50,263,-0.11149,-0.0477907,-0.961027,-0.44187,372.059,432.7,376.968,511.263,30434.8,10884.5,-0.0721729,0.120637,-0.290268,-0.2259
75,16,50,270,-0.11149,-0.0477907,-0.961027,-0.741987,372.059,578.264,329.307,511.263,-21265.6,17677.1,-0.0721729,0.131243,0.102917,-0.0879176
75,73,173,248,-0.11149,-0.0583356,-0.0373558,-0.0100503,304.637,524.025,382.102,510.88,-3457.56,-39736,0.0606077,-0.0811568,0.132213,-0.122837
75,73,173,103,-0.11149,-0.0583356,-0.0373558,-0.34976,304.637,375.464,362.651,510.88,41057.7,-12789.2,0.0606077,0.00109751,-0.278271,-0.365217
75,73,173,137,-0.11149,-0.0583356,-0.0373558,-0.403895,304.637,375.795,348.888,510.88,40977.5,-5264.47,0.0606077,0.0403963,-0.293296,-0.348052
75,73,173,263,-0.11149,-0.0583356,-0.0373558,-0.44187,304.637,375.526,370.131,510.88,41101,-16861,0.0606077,-0.0201792,-0.270607,-0.384716
75,73,173,270,-0.11149,-0.0583356,-0.0373558,-0.741987,304.637,519.22,321.957,510.88,-2723.8,-9009.66,0.0606077,0.0338488,0.130279,-0.195611
75,73,193,248,-0.11149,-0.0583356,-0.245261,-0.0100503,304.637,524.025,384.611,510.999,-3462.68,-41044.3,0.0655149,-0.0811568,0.233733,-0.122987
75,73,193,103,-0.11149,-0.0583356,-0.245261,-0.34976,304.637,375.464,364.977,510.999,41052.5,-13731.4,0.0655149,0.00109751,-0.174001,-0.362618
75,73,193,137,-0.11149,-0.0583356,-0.245261,-0.403895,304.637,375.795,351.199,510.999,40972.4,-6207.61,0.0655149,0.0403963,-0.188826,-0.345252
75,73,193,263,-0.11149,-0.0583356,-0.245261,-0.44187,304.637,375.526,372.464,510.999,41095.9,-17802.7,0.0655149,-0.0201792,-0.166438,-0.382217
75,73,193,270,-0.11149,-0.0583356,-0.245261,-0.741987,304.637,519.22,324.467,510.999,-2728.92,-10312.9,0.0655149,0.0338488,0.231787,-0.195774
75,73,174,248,-0.11149,-0.0583356,-0.649449,-0.0100503,304.637,524.025,382.472,506.931,-4665.77,-39655.1,0.0614687,-0.0811568,0.111007,-0.112489
75,73,174,103,-0.11149,-0.0583356,-0.649449,-0.34976,304.637,375.464,361.412,506.931,39849.4,-12853.9,0.0614687,0.00109751,-0.299397,-0.354791
75,73,174,137,-0.11149,-0.0583356,-0.649449,-0.403895,304.637,375.795,347.593,506.931,39769.3,-5387.74,0.0614687,0.0403963,-0.314064,-0.337266
75,73,174,263,-0.11149,-0.0583356,-0.649449,-0.44187,304.637,375.526,368.921,506.931,39892.8,-16893.9,0.0614687,-0.0201792,-0.291919,-0.374476
75,73,174,270,-0.11149,-0.0583356,-0.649449,-0.741987,304.637,519.22,322.323,506.931,-3932.01,-9166.51,0.0614687,0.0338488,0.111007,-0.183331
75,73,272,248,-0.11149,-0.0583356,-0.863936,-0.0100503,304.637,524.025,385.383,506.976,-4701.29,-41166.3,0.067211,-0.0811568,0.213513,-0.112489
75,73,272,103,-0.11149,-0.0583356,-0.863936,-0.34976,304.637,375.464,364.084,506.976,39813.9,-13945.3,0.067211,0.00109751,-0.1937,-0.3516
75,73,272,137,-0.11149,-0.0583356,-0.863936,-0.403895,304.637,375.795,350.248,506.976,39733.8,-6481.69,0.067211,0.0403963,-0.20813,-0.333838
75,73,272,263,-0.11149,-0.0583356,-0.863936,-0.44187,304.637,375.526,371.601,506.976,39857.3,-17984,0.067211,-0.0201792,-0.186341,-0.371404
75,73,272,270,-0.11149,-0.0583356,-0.863936,-0.741987,304.637,519.22,325.235,506.976,-3967.54,-10677.8,0.067211,0.0338488,0.213513,-0.183331
75,73,50,248,-0.11149,-0.0583356,-0.961027,-0.0100503,304.637,524.025,389.451,511.263,-3472.53,-43567.4,0.0749722,-0.0811568,0.104887,-0.123271
75,73,50,103,-0.11149,-0.0583356,-0.961027,-0.34976,304.637,375.464,369.468,511.263,41042.7,-15548.7,0.0749722,0.00109751,-0.297644,-0.357699
75,73,50,137,-0.11149,-0.0583356,-0.961027,-0.403895,304.637,375.795,355.664,511.263,40962.5,-8026.61,0.0749722,0.0403963,-0.312091,-0.339955
75,73,50,263,-0.11149,-0.0583356,-0.961027,-0.44187,304.637,375.526,376.968,511.263,41086,-19619,0.0749722,-0.0201792,-0.290268,-0.377486
75,73,50,270,-0.11149,-0.0583356,-0.961027,-0.741987,304.637,519.22,329.307,511.263,-2738.78,-12826.3,0.0749722,0.0338488,0.102917,-0.196082
75,72,173,248,-0.11149,-0.151404,-0.0373558,-0.0100503,322.629,522.584,382.102,510.88,-3661.77,-30556.4,0.0606077,-0.0575754,0.132213,-0.0885633
75,72,173,103,-0.11149,-0.151404,-0.0373558,-0.34976,322.629,375.624,362.651,510.88,43482.6,-3609.63,0.0606077,0.0383179,-0.278271,-0.317305
75,72,173,137,-0.11149,-0.151404,-0.0373558,-0.403895,322.629,376.661,348.888,510.88,43397.7,3915.09,0.0606077,0.0774762,-0.293296,-0.30028
75,72,173,263,-0.11149,-0.151404,-0.0373558,-0.44187,322.629,375.304,370.131,510.88,43528.5,-7681.39,0.0606077,0.0170558,-0.270607,-0.336789
75,72,173,270,-0.11149,-0.151404,-0.0373558,-0.741987,322.629,519.85,321.957,510.88,-2884.68,169.903,0.0606077,0.0577688,0.130279,-0.160999
75,72,193,248,-0.11149,-0.151404,-0.245261,-0.0100503,322.629,522.584,384.611,510.999,-3667.19,-31865,0.0655149,-0.0575754,0.233733,-0.0887135
75,72,193,103,-0.11149,-0.151404,-0.245261,-0.34976,322.629,375.624,364.977,510.999,43477.1,-4552.16,0.0655149,0.0383179,-0.174001,-0.314706
75,72,193,137,-0.11149,-0.151404,-0.245261,-0.403895,322.629,376.661,351.199,510.999,43392.3,2971.65,0.0655149,0.0774762,-0.188826,-0.29748
75,72,193,263,-0.11149,-0.151404,-0.245261,-0.44187,322.629,375.304,372.464,510.999,43523.1,-8623.43,0.0655149,0.0170558,-0.166438,-0.33429
75,72,193,270,-0.11149,-0.151404,-0.245261,-0.741987,322.629,519.85,324.467,510.999,-2890.1,-1133.62,0.0655149,0.0577688,0.231787,-0.161162
75,72,174,248,-0.11149,-0.151404,-0.649449,-0.0100503,322.629,522.584,382.472,506.931,-4941.33,-30546.8,0.0614687,-0.0575754,0.111007,-0.0782161
75,72,174,103,-0.11149,-0.151404,-0.649449,-0.34976,322.629,375.624,361.412,506.931,42203,-3745.65,0.0614687,0.0383179,-0.299397,-0.306878
75,72,174,137,-0.11149,-0.151404,-0.649449,-0.403895,322.629,376.661,347.593,506.931,42118.1,3720.47,0.0614687,0.0774762,-0.314064,-0.289495
75,72,174,263,-0.11149,-0.151404,-0.649449,-0.44187,322.629,375.304,368.921,506.931,42248.9,-7785.69,0.0614687,0.0170558,-0.291919,-0.326549
75,72,174,270,-0.11149,-0.151404,-0.649449,-0.741987,322.629,519.85,322.323,506.931,-4164.24,-58.3049,0.0614687,0.0577688,0.111007,-0.148719
75,72,272,248,-0.11149,-0.151404,-0.863936,-0.0100503,322.629,522.584,385.383,506.976,-4978.96,-32060.2,0.067211,-0.0575754,0.213513,-0.078216
75,72,272,103,-0.11149,-0.151404,-0.863936,-0.34976,322.629,375.624,364.084,506.976,42165.4,-4839.22,0.067211,0.0383179,-0.1937,-0.303688
75,72,272,137,-0.11149,-0.151404,-0.863936,-0.403895,322.629,376.661,350.248,506.976,42080.5,2624.41,0.067211,0.0774762,-0.20813,-0.286067
75,72,272,263,-0.11149,-0.151404,-0.863936,-0.44187,322.629,375.304,371.601,506.976,42211.3,-8877.91,0.067211,0.0170558,-0.186341,-0.323477
75,72,272,270,-0.11149,-0.151404,-0.863936,-0.741987,322.629,519.85,325.235,506.976,-4201.87,-1571.69,0.067211,0.0577688,0.213513,-0.148719
75,72,50,248,-0.11149,-0.151404,-0.961027,-0.0100503,322.629,522.584,389.451,511.263,-3677.63,-34388.8,0.0749722,-0.0575754,0.104887,-0.0889978
75,72,50,103,-0.11149,-0.151404,-0.961027,-0.34976,322.629,375.624,369.468,511.263,43466.7,-6370,0.0749722,0.0383179,-0.297644,-0.309787
75,72,50,137,-0.11149,-0.151404,-0.961027,-0.403895,322.629,376.661,355.664,511.263,43381.8,1152.07,0.0749722,0.0774762,-0.312091,-0.292183
75,72,50,263,-0.11149,-0.151404,-0.961027,-0.44187,322.629,375.304,376.968,511.263,43512.6,-10440.3,0.0749722,0.0170558,-0.290268,-0.329559
75,72,50,270,-0.11149,-0.151404,-0.961027,-0.741987,322.629,519.85,329.307,511.263,-2900.53,-3647.67,0.0749722,0.0577688,0.102917,-0.16147
75,80,173,248,-0.11149,-0.33361,-0.0373558,-0.0100503,293.007,525.282,382.102,510.88,-3325.56,-45669.6,0.0606077,-0.110302,0.132213,-0.144874
75,80,173,103,-0.11149,-0.33361,-0.0373558,-0.34976,293.007,375.818,362.651,510.88,39490.2,-18722.8,0.0606077,-0.0369577,-0.278271,-0.396164
75,80,173,137,-0.11149,-0.33361,-0.0373558,-0.403895,293.007,375.693,348.888,510.88,39413.1,-11198.1,0.0606077,0.00233669,-0.293296,-0.379003
75,80,173,263,-0.11149,-0.33361,-0.0373558,-0.44187,293.007,376.128,370.131,510.88,39531.9,-22794.6,0.0606077,-0.0581919,-0.270607,-0.415621
75,80,173,270,-0.11149,-0.33361,-0.0373558,-0.741987,293.007,519.144,321.957,510.88,-2619.82,-14943.3,0.0606077,0.00434024,0.130279,-0.218012
75,80,193,248,-0.11149,-0.33361,-0.245261,-0.0100503,293.007,525.282,384.611,510.999,-3330.48,-46977.7,0.0655149,-0.110302,0.233733,-0.145025
75,80,193,103,-0.11149,-0.33361,-0.245261,-0.34976,293.007,375.818,364.977,510.999,39485.3,-19664.8,0.0655149,-0.0369577,-0.174001,-0.393566
75,80,193,137,-0.11149,-0.33361,-0.245261,-0.403895,293.007,375.693,351.199,510.999,39408.2,-12141,0.0655149,0.00233669,-0.188826,-0.376204
75,80,193,263,-0.11149,-0.33361,-0.245261,-0.44187,293.007,376.128,372.464,510.999,39527,-23736.1,0.0655149,-0.0581919,-0.166438,-0.413122
75,80,193,270,-0.11149,-0.33361,-0.245261,-0.741987,293.007,519.144,324.467,510.999,-2624.74,-16246.3,0.0655149,0.00434024,0.231787,-0.218175
75,80,174,248,-0.11149,-0.33361,-0.649449,-0.0100503,293.007,525.282,382.472,506.931,-4487.64,-45542.5,0.0614687,-0.110302,0.111007,-0.134527
75,80,174,103,-0.11149,-0.33361,-0.649449,-0.34976,293.007,375.818,361.412,506.931,38328.1,-18741.3,0.0614687,-0.0369577,-0.299397,-0.385738
75,80,174,137,-0.11149,-0.33361,-0.649449,-0.403895,293.007,375.693,347.593,506.931,38251.1,-11275.2,0.0614687,0.00233669,-0.314064,-0.368218
75,80,174,263,-0.11149,-0.33361,-0.649449,-0.44187,293.007,376.128,368.921,506.931,38369.8,-22781.4,0.0614687,-0.0581919,-0.291919,-0.405381
75,80,174,270,-0.11149,-0.33361,-0.649449,-0.741987,293.007,519.144,322.323,506.931,-3781.9,-15054,0.0614687,0.00434024,0.111007,-0.205731
75,80,272,248,-0.11149,-0.33361,-0.863936,-0.0100503,293.007,525.282,385.383,506.976,-4521.81,-47052.5,0.067211,-0.110302,0.213513,-0.134527
75,80,272,103,-0.11149,-0.33361,-0.863936,-0.34976,293.007,375.818,364.084,506.976,38294,-19831.4,0.067211,-0.0369577,-0.1937,-0.382547
75,80,272,137,-0.11149,-0.33361,-0.863936,-0.403895,293.007,375.693,350.248,506.976,38216.9,-12367.8,0.067211,0.00233669,-0.20813,-0.36479
75,80,272,263,-0.11149,-0.33361,-0.863936,-0.44187,293.007,376.128,371.601,506.976,38335.7,-23870.1,0.067211,-0.0581919,-0.186341,-0.402308
75,80,272,270,-0.11149,-0.33361,-0.863936,-0.741987,293.007,519.144,325.235,506.976,-3816.07,-16563.9,0.067211,0.00434024,0.213513,-0.205731
75,80,50,248,-0.11149,-0.33361,-0.961027,-0.0100503,293.007,525.282,389.451,511.263,-3339.96,-49500.5,0.0749722,-0.110302,0.104887,-0.145309
75,80,50,103,-0.11149,-0.33361,-0.961027,-0.34976,293.007,375.818,369.468,511.263,39475.8,-21481.7,0.0749722,-0.0369577,-0.297644,-0.388646
75,80,50,137,-0.11149,-0.33361,-0.961027,-0.403895,293.007,375.693,355.664,511.263,39398.7,-13959.6,0.0749722,0.00233669,-0.312091,-0.370907
75,80,50,263,-0.11149,-0.33361,-0.961027,-0.44187,293.007,376.128,376.968,511.263,39517.5,-25552,0.0749722,-0.0581919,-0.290268,-0.408391
75,80,50,270,-0.11149,-0.33361,-0.961027,-0.741987,293.007,519.144,329.307,511.263,-2634.22,-18759.4,0.0749722,0.00434024,0.102917,-0.218482
75,0,173,248,-0.11149,-0.448895,-0.0373558,-0.0100503,324.437,592.391,382.102,510.88,-30172.3,-35322.6,-0.155542,-0.363888,0.132213,-0.0908402
75,0,173,103,-0.11149,-0.448895,-0.0373558,-0.34976,324.437,445.052,362.651,510.88,19282,-8375.79,-0.155542,-0.283753,-0.278271,-0.33534
75,0,173,137,-0.11149,-0.448895,-0.0373558,-0.403895,324.437,445.779,348.888,510.88,20225.8,-851.062,-0.155542,-0.250644,-0.293296,-0.324364
75,0,173,263,-0.11149,-0.448895,-0.0373558,-0.44187,324.437,444.863,370.131,510.88,18771.3,-12447.5,-0.155542,-0.301704,-0.270607,-0.351512
75,0,173,270,-0.11149,-0.448895,-0.0373558,-0.741987,324.437,589.111,321.957,510.88,-25227.2,-4596.25,-0.155542,-0.262179,0.130279,-0.176911
75,0,193,248,-0.11149,-0.448895,-0.245261,-0.0100503,324.437,592.391,384.611,510.999,-30352.3,-36805.7,-0.150635,-0.363888,0.233733,-0.0909904
75,0,193,103,-0.11149,-0.448895,-0.245261,-0.34976,324.437,445.052,364.977,510.999,19102,-9492.88,-0.150635,-0.283753,-0.174001,-0.332741
75,0,193,137,-0.11149,-0.448895,-0.245261,-0.403895,324.437,445.779,351.199,510.999,20045.9,-1969.06,-0.150635,-0.250644,-0.188826,-0.321564
75,0,193,263,-0.11149,-0.448895,-0.245261,-0.44187,324.437,444.863,372.464,510.999,18591.3,-13564.1,-0.150635,-0.301704,-0.166438,-0.349014
75,0,193,270,-0.11149,-0.448895,-0.245261,-0.741987,324.437,589.111,324.467,510.999,-25407.2,-6074.33,-0.150635,-0.262179,0.231787,-0.177074
75,0,174,248,-0.11149,-0.448895,-0.649449,-0.0100503,324.437,592.391,382.472,506.931,-31445.3,-35306.4,-0.154681,-0.363888,0.111007,-0.080493
75,0,174,103,-0.11149,-0.448895,-0.649449,-0.34976,324.437,445.052,361.412,506.931,18009.1,-8505.16,-0.154681,-0.283753,-0.299397,-0.324914
75,0,174,137,-0.11149,-0.448895,-0.649449,-0.403895,324.437,445.779,347.593,506.931,18952.9,-1039.05,-0.154681,-0.250644,-0.314064,-0.313579
75,0,174,263,-0.11149,-0.448895,-0.649449,-0.44187,324.437,444.863,368.921,506.931,17498.3,-12545.2,-0.154681,-0.301704,-0.291919,-0.341272
75,0,174,270,-0.11149,-0.448895,-0.649449,-0.741987,324.437,589.111,322.323,506.931,-26500.1,-4817.82,-0.154681,-0.262179,0.111007,-0.164631
75,0,272,248,-0.11149,-0.448895,-0.863936,-0.0100503,324.437,592.391,385.383,506.976,-31684.6,-37021.5,-0.148939,-0.363888,0.213513,-0.0804929
75,0,272,103,-0.11149,-0.448895,-0.863936,-0.34976,324.437,445.052,364.084,506.976,17769.7,-9800.48,-0.148939,-0.283753,-0.1937,-0.321723
75,0,272,137,-0.11149,-0.448895,-0.863936,-0.403895,324.437,445.779,350.248,506.976,18713.5,-2336.85,-0.148939,-0.250644,-0.20813,-0.310151
75,0,272,263,-0.11149,-0.448895,-0.863936,-0.44187,324.437,444.863,371.601,506.976,17259,-13839.2,-0.148939,-0.301704,-0.186341,-0.3382
75,0,272,270,-0.11149,-0.448895,-0.863936,-0.741987,324.437,589.111,325.235,506.976,-26739.5,-6532.96,-0.148939,-0.262179,0.213513,-0.164631
75,0,50,248,-0.11149,-0.448895,-0.961027,-0.0100503,324.437,592.391,389.451,511.263,-30699.4,-39666.1,-0.141178,-0.363888,0.104887,-0.0912747
75,0,50,103,-0.11149,-0.448895,-0.961027,-0.34976,324.437,445.052,369.468,511.263,18754.9,-11647.4,-0.141178,-0.283753,-0.297644,-0.327822
75,0,50,137,-0.11149,-0.448895,-0.961027,-0.403895,324.437,445.779,355.664,511.263,19698.8,-4125.31,-0.141178,-0.250644,-0.312091,-0.316268
75,0,50,263,-0.11149,-0.448895,-0.961027,-0.44187,324.437,444.863,376.968,511.263,18244.2,-15717.7,-0.141178,-0.301704,-0.290268,-0.344283
75,0,50,270,-0.11149,-0.448895,-0.961027,-0.741987,324.437,589.111,329.307,511.263,-25754.3,-8925.05,-0.141178,-0.262179,0.102917,-0.177382
78,16,173,248,-0.12935,-0.0477907,-0.0373558,-0.0100503,360.818,576.232,382.102,511.593,-24882.3,-15377.6,-0.0650036,0.0224376,0.154406,-0.00385279
78,16,173,103,-0.12935,-0.0477907,-0.0373558,-0.34976,360.818,433.833,362.651,511.593,29705,13230.4,-0.0650036,0.134271,-0.256077,-0.216654
78,16,173,137,-0.12935,-0.0477907,-0.0373558,-0.403895,360.818,436.303,348.888,511.593,30416.5,20752.1,-0.0650036,0.167731,-0.271103,-0.205328
78,16,173,263,-0.12935,-0.0477907,-0.0373558,-0.44187,360.818,432.7,370.131,511.593,29320.1,9160.24,-0.0650036,0.116017,-0.248413,-0.23313
78,16,173,270,-0.12935,-0.0477907,-0.0373558,-0.741987,360.818,578.264,321.957,511.593,-20744.8,15376.1,-0.0650036,0.126624,0.152473,-0.0874469
78,16,193,248,-0.12935,-0.0477907,-0.245261,-0.0100503,360.818,576.232,384.611,511.768,-25025.2,-16823.9,-0.0601099,0.0224376,0.255913,-0.00400298
78,16,193,103,-0.12935,-0.0477907,-0.245261,-0.34976,360.818,433.833,364.977,511.768,29562.1,12150.2,-0.0601099,0.134271,-0.151821,-0.214055
78,16,193,137,-0.12935,-0.0477907,-0.245261,-0.403895,360.818,436.303,351.199,511.768,30273.6,19671,-0.0601099,0.167731,-0.166646,-0.202528
78,16,193,263,-0.12935,-0.0477907,-0.245261,-0.44187,360.818,432.7,372.464,511.768,29177.2,8080.51,-0.0601099,0.116017,-0.144258,-0.230631
78,16,193,270,-0.12935,-0.0477907,-0.245261,-0.741987,360.818,578.264,324.467,511.768,-20887.7,13934.9,-0.0601099,0.126624,0.253967,-0.08761
78,16,174,248,-0.12935,-0.0477907,-0.649449,-0.0100503,360.818,576.232,382.472,507.655,-26309.6,-15560.8,-0.0639715,0.0224376,0.133372,0.00649439
78,16,174,103,-0.12935,-0.0477907,-0.649449,-0.34976,360.818,433.833,361.412,507.655,28277.8,12901.6,-0.0639715,0.134271,-0.277032,-0.206227
78,16,174,137,-0.12935,-0.0477907,-0.649449,-0.403895,360.818,436.303,347.593,507.655,28989.3,20364.7,-0.0639715,0.167731,-0.291699,-0.194542
78,16,174,263,-0.12935,-0.0477907,-0.649449,-0.44187,360.818,432.7,368.921,507.655,27892.8,8863.19,-0.0639715,0.116017,-0.269555,-0.22289
78,16,174,270,-0.12935,-0.0477907,-0.649449,-0.741987,360.818,578.264,322.323,507.655,-22172.1,14955.1,-0.0639715,0.126624,0.133371,-0.0751667
78,16,272,248,-0.12935,-0.0477907,-0.863936,-0.0100503,360.818,576.232,385.383,507.765,-26509.8,-17238.1,-0.0582411,0.0224376,0.235866,0.00649446
78,16,272,103,-0.12935,-0.0477907,-0.863936,-0.34976,360.818,433.833,364.084,507.765,28077.5,11644.1,-0.0582411,0.134271,-0.171348,-0.203037
78,16,272,137,-0.12935,-0.0477907,-0.863936,-0.403895,360.818,436.303,350.248,507.765,28789,19104.7,-0.0582411,0.167731,-0.185777,-0.191114
78,16,272,263,-0.12935,-0.0477907,-0.863936,-0.44187,360.818,432.7,371.601,507.765,27692.6,7606.98,-0.0582411,0.116017,-0.163989,-0.219818
78,16,272,270,-0.12935,-0.0477907,-0.863936,-0.741987,360.818,578.264,325.235,507.765,-22372.3,13277.8,-0.0582411,0.126624,0.235866,-0.0751666
78,16,50,248,-0.12935,-0.0477907,-0.961027,-0.0100503,360.818,576.232,389.451,512.139,-25300.9,-19613.2,-0.0506816,0.0224376,0.127038,-0.00428731
78,16,50,103,-0.12935,-0.0477907,-0.961027,-0.34976,360.818,433.833,369.468,512.139,29286.5,10066.8,-0.0506816,0.134271,-0.275493,-0.209136
78,16,50,137,-0.12935,-0.0477907,-0.961027,-0.403895,360.818,436.303,355.664,512.139,29998,17585.9,-0.0506816,0.167731,-0.28994,-0.197231
78,16,50,263,-0.12935,-0.0477907,-0.961027,-0.44187,360.818,432.7,376.968,512.139,28901.5,5998.08,-0.0506816,0.116017,-0.268117,-0.2259
78,16,50,270,-0.12935,-0.0477907,-0.961027,-0.741987,360.818,578.264,329.307,512.139,-21163.4,11155.3,-0.0506816,0.126624,0.125068,-0.0879176
78,73,173,248,-0.12935,-0.0583356,-0.0373558,-0.0100503,293.268,524.025,382.102,511.593,-3328.53,-45665.1,0.0867608,-0.0811568,0.154406,-0.122837
78,73,173,103,-0.12935,-0.0583356,-0.0373558,-0.34976,293.268,375.464,362.651,511.593,39525.5,-17057.1,0.0867608,0.00109751,-0.256077,-0.365217
78,73,173,137,-0.12935,-0.0583356,-0.0373558,-0.403895,293.268,375.795,348.888,511.593,39448.3,-9535.35,0.0867608,0.0403963,-0.271103,-0.348052
78,73,173,263,-0.12935,-0.0583356,-0.0373558,-0.44187,293.268,375.526,370.131,511.593,39567.2,-21127.2,0.0867608,-0.0201792,-0.248413,-0.384716
78,73,173,270,-0.12935,-0.0583356,-0.0373558,-0.741987,293.268,519.22,321.957,511.593,-2622.16,-14911.4,0.0867608,0.0338488,0.152473,-0.195611
78,73,193,248,-0.12935,-0.0583356,-0.245261,-0.0100503,293.268,524.025,384.611,511.768,-3333.46,-46973.3,0.0916546,-0.0811568,0.255913,-0.122987
78,73,193,103,-0.12935,-0.0583356,-0.245261,-0.34976,293.268,375.464,364.977,511.768,39520.6,-17999.3,0.0916546,0.00109751,-0.151821,-0.362618
78,73,193,137,-0.12935,-0.0583356,-0.245261,-0.403895,293.268,375.795,351.199,511.768,39443.4,-10478.5,0.0916546,0.0403963,-0.166646,-0.345252
78,73,193,263,-0.12935,-0.0583356,-0.245261,-0.44187,293.268,375.526,372.464,511.768,39562.3,-22069,0.0916546,-0.0201792,-0.144258,-0.382217
78,73,193,270,-0.12935,-0.0583356,-0.245261,-0.741987,293.268,519.22,324.467,511.768,-2627.09,-16214.6,0.0916546,0.0338488,0.253967,-0.195774
78,73,174,248,-0.12935,-0.0583356,-0.649449,-0.0100503,293.268,524.025,382.472,507.655,-4491.65,-45584.1,0.0877929,-0.0811568,0.133372,-0.112489
78,73,174,103,-0.12935,-0.0583356,-0.649449,-0.34976,293.268,375.464,361.412,507.655,38362.4,-17121.7,0.0877929,0.00109751,-0.277032,-0.354791
78,73,174,137,-0.12935,-0.0583356,-0.649449,-0.403895,293.268,375.795,347.593,507.655,38285.2,-9658.62,0.0877929,0.0403963,-0.291699,-0.337266
78,73,174,263,-0.12935,-0.0583356,-0.649449,-0.44187,293.268,375.526,368.921,507.655,38404.1,-21160.2,0.0877929,-0.0201792,-0.269555,-0.374476
78,73,174,270,-0.12935,-0.0583356,-0.649449,-0.741987,293.268,519.22,322.323,507.655,-3785.28,-15068.2,0.0877929,0.0338488,0.133371,-0.183331
78,73,272,248,-0.12935,-0.0583356,-0.863936,-0.0100503,293.268,524.025,385.383,507.765,-4525.85,-47095.4,0.0935233,-0.0811568,0.235866,-0.112489
78,73,272,103,-0.12935,-0.0583356,-0.863936,-0.34976,293.268,375.464,364.084,507.765,38328.2,-18213.2,0.0935233,0.00109751,-0.171348,-0.3516
78,73,272,137,-0.12935,-0.0583356,-0.863936,-0.403895,293.268,375.795,350.248,507.765,38251,-10752.6,0.0935233,0.0403963,-0.185777,-0.333838
78,73,272,263,-0.12935,-0.0583356,-0.863936,-0.44187,293.268,375.526,371.601,507.765,38369.9,-22250.3,0.0935233,-0.0201792,-0.163989,-0.371404
78,73,272,270,-0.12935,-0.0583356,-0.863936,-0.741987,293.268,519.22,325.235,507.765,-3819.48,-16579.5,0.0935233,0.0338488,0.235866,-0.183331
78,73,50,248,-0.12935,-0.0583356,-0.961027,-0.0100503,293.268,524.025,389.451,512.139,-3342.95,-49496.5,0.101083,-0.0811568,0.127038,-0.123271
78,73,50,103,-0.12935,-0.0583356,-0.961027,-0.34976,293.268,375.464,369.468,512.139,39511.1,-19816.6,0.101083,0.00109751,-0.275493,-0.357699
78,73,50,137,-0.12935,-0.0583356,-0.961027,-0.403895,293.268,375.795,355.664,512.139,39433.9,-12297.5,0.101083,0.0403963,-0.28994,-0.339955
78,73,50,263,-0.12935,-0.0583356,-0.961027,-0.44187,293.268,375.526,376.968,512.139,39552.8,-23885.3,0.101083,-0.0201792,-0.268117,-0.377486
78,73,50,270,-0.12935,-0.0583356,-0.961027,-0.741987,293.268,519.22,329.307,512.139,-2636.57,-18728.1,0.101083,0.0338488,0.125068,-0.196082
78,72,173,248,-0.12935,-0.151404,-0.0373558,-0.0100503,311.26,522.584,382.102,511.593,-3532.74,-36485.5,0.0867608,-0.0575754,0.154406,-0.0885633
78,72,173,103,-0.12935,-0.151404,-0.0373558,-0.34976,311.26,375.624,362.651,511.593,41950.4,-7877.53,0.0867608,0.0383179,-0.256077,-0.317305
78,72,173,137,-0.12935,-0.151404,-0.0373558,-0.403895,311.26,376.661,348.888,511.593,41868.5,-355.79,0.0867608,0.0774762,-0.271103,-0.30028
78,72,173,263,-0.12935,-0.151404,-0.0373558,-0.44187,311.26,375.304,370.131,511.593,41994.7,-11947.7,0.0867608,0.0170558,-0.248413,-0.336789
78,72,173,270,-0.12935,-0.151404,-0.0373558,-0.741987,311.26,519.85,321.957,511.593,-2783.03,-5731.81,0.0867608,0.0577688,0.152473,-0.160999
78,72,193,248,-0.12935,-0.151404,-0.245261,-0.0100503,311.26,522.584,384.611,511.768,-3537.97,-37794.1,0.0916546,-0.0575754,0.255913,-0.0887135
78,72,193,103,-0.12935,-0.151404,-0.245261,-0.34976,311.26,375.624,364.977,511.768,41945.2,-8820.06,0.0916546,0.0383179,-0.151821,-0.314706
78,72,193,137,-0.12935,-0.151404,-0.245261,-0.403895,311.26,376.661,351.199,511.768,41863.3,-1299.23,0.0916546,0.0774762,-0.166646,-0.29748
78,72,193,263,-0.12935,-0.151404,-0.245261,-0.44187,311.26,375.304,372.464,511.768,41989.5,-12889.7,0.0916546,0.0170558,-0.144258,-0.33429
78,72,193,270,-0.12935,-0.151404,-0.245261,-0.741987,311.26,519.85,324.467,511.768,-2788.26,-7035.33,0.0916546,0.0577688,0.253967,-0.161162
78,72,174,248,-0.12935,-0.151404,-0.649449,-0.0100503,311.26,522.584,382.472,507.655,-4767.22,-36475.9,0.0877929,-0.0575754,0.133372,-0.0782161
78,72,174,103,-0.12935,-0.151404,-0.649449,-0.34976,311.26,375.624,361.412,507.655,40715.9,-8013.54,0.0877929,0.0383179,-0.277032,-0.306878
78,72,174,137,-0.12935,-0.151404,-0.649449,-0.403895,311.26,376.661,347.593,507.655,40634,-550.415,0.0877929,0.0774762,-0.291699,-0.289495
78,72,174,263,-0.12935,-0.151404,-0.649449,-0.44187,311.26,375.304,368.921,507.655,40760.2,-12052,0.0877929,0.0170558,-0.269555,-0.326549
78,72,174,270,-0.12935,-0.151404,-0.649449,-0.741987,311.26,519.85,322.323,507.655,-4017.51,-5960.01,0.0877929,0.0577688,0.133371,-0.148719
78,72,272,248,-0.12935,-0.151404,-0.863936,-0.0100503,311.26,522.584,385.383,507.765,-4803.52,-37989.3,0.0935233,-0.0575754,0.235866,-0.078216
78,72,272,103,-0.12935,-0.151404,-0.863936,-0.34976,311.26,375.624,364.084,507.765,40679.6,-9107.11,0.0935233,0.0383179,-0.171348,-0.303688
78,72,272,137,-0.12935,-0.151404,-0.863936,-0.403895,311.26,376.661,350.248,507.765,40597.7,-1646.47,0.0935233,0.0774762,-0.185777,-0.286067
78,72,272,263,-0.12935,-0.151404,-0.863936,-0.44187,311.26,375.304,371.601,507.765,40723.9,-13144.2,0.0935233,0.0170558,-0.163989,-0.323477
78,72,272,270,-0.12935,-0.151404,-0.863936,-0.741987,311.26,519.85,325.235,507.765,-4053.81,-7473.4,0.0935233,0.0577688,0.235866,-0.148719
78,72,50,248,-0.12935,-0.151404,-0.961027,-0.0100503,311.26,522.584,389.451,512.139,-3548.04,-40317.9,0.101083,-0.0575754,0.127038,-0.0889978
78,72,50,103,-0.12935,-0.151404,-0.961027,-0.34976,311.26,375.624,369.468,512.139,41935.1,-10637.9,0.101083,0.0383179,-0.275493,-0.309787
78,72,50,137,-0.12935,-0.151404,-0.961027,-0.403895,311.26,376.661,355.664,512.139,41853.2,-3118.81,0.101083,0.0774762,-0.28994,-0.292183
78,72,50,263,-0.12935,-0.151404,-0.961027,-0.44187,311.26,375.304,376.968,512.139,41979.4,-14706.6,0.101083,0.0170558,-0.268117,-0.329559
78,72,50,270,-0.12935,-0.151404,-0.961027,-0.741987,311.26,519.85,329.307,512.139,-2798.33,-9549.38,0.101083,0.0577688,0.125068,-0.16147
78,80,173,248,-0.12935,-0.33361,-0.0373558,-0.0100503,281.638,525.282,382.102,511.593,-3196.53,-51598.7,0.0867608,-0.110302,0.154406,-0.144874
78,80,173,103,-0.12935,-0.33361,-0.0373558,-0.34976,281.638,375.818,362.651,511.593,37958,-22990.7,0.0867608,-0.0369577,-0.256077,-0.396164
78,80,173,137,-0.12935,-0.33361,-0.0373558,-0.403895,281.638,375.693,348.888,511.593,37884,-15469,0.0867608,0.00233668,-0.271103,-0.379003
78,80,173,263,-0.12935,-0.33361,-0.0373558,-0.44187,281.638,376.128,370.131,511.593,37998.1,-27060.8,0.0867608,-0.058192,-0.248413,-0.415621
78,80,173,270,-0.12935,-0.33361,-0.0373558,-0.741987,281.638,519.144,321.957,511.593,-2518.17,-20845,0.0867608,0.00434023,0.152473,-0.218012
78,80,193,248,-0.12935,-0.33361,-0.245261,-0.0100503,281.638,525.282,384.611,511.768,-3201.26,-52906.8,0.0916546,-0.110302,0.255913,-0.145025
78,80,193,103,-0.12935,-0.33361,-0.245261,-0.34976,281.638,375.818,364.977,511.768,37953.3,-23932.7,0.0916546,-0.0369577,-0.151821,-0.393566
78,80,193,137,-0.12935,-0.33361,-0.245261,-0.403895,281.638,375.693,351.199,511.768,37879.2,-16411.9,0.0916546,0.00233668,-0.166646,-0.376204
78,80,193,263,-0.12935,-0.33361,-0.245261,-0.44187,281.638,376.128,372.464,511.768,37993.4,-28002.4,0.0916546,-0.058192,-0.144258,-0.413122
78,80,193,270,-0.12935,-0.33361,-0.245261,-0.741987,281.638,519.144,324.467,511.768,-2522.9,-22148,0.0916546,0.00434023,0.253967,-0.218175
78,80,174,248,-0.12935,-0.33361,-0.649449,-0.0100503,281.638,525.282,382.472,507.655,-4313.53,-51471.6,0.0877929,-0.110302,0.133372,-0.134527
78,80,174,103,-0.12935,-0.33361,-0.649449,-0.34976,281.638,375.818,361.412,507.655,36841,-23009.2,0.0877929,-0.0369577,-0.277032,-0.385738
78,80,174,137,-0.12935,-0.33361,-0.649449,-0.403895,281.638,375.693,347.593,507.655,36767,-15546.1,0.0877929,0.00233668,-0.291699,-0.368218
78,80,174,263,-0.12935,-0.33361,-0.649449,-0.44187,281.638,376.128,368.921,507.655,36881.1,-27047.6,0.0877929,-0.058192,-0.269555,-0.405381
78,80,174,270,-0.12935,-0.33361,-0.649449,-0.741987,281.638,519.144,322.323,507.655,-3635.17,-20955.7,0.0877929,0.00434023,0.133371,-0.205731
78,80,272,248,-0.12935,-0.33361,-0.863936,-0.0100503,281.638,525.282,385.383,507.765,-4346.37,-52981.5,0.0935233,-0.110302,0.235866,-0.134527
78,80,272,103,-0.12935,-0.33361,-0.863936,-0.34976,281.638,375.818,364.084,507.765,36808.2,-24099.3,0.0935233,-0.0369577,-0.171348,-0.382547
78,80,272,137,-0.12935,-0.33361,-0.863936,-0.403895,281.638,375.693,350.248,507.765,36734.1,-16638.7,0.0935233,0.00233668,-0.185777,-0.36479
78,80,272,263,-0.12935,-0.33361,-0.863936,-0.44187,281.638,376.128,371.601,507.765,36848.3,-28136.4,0.0935233,-0.058192,-0.163989,-0.402308
78,80,272,270,-0.12935,-0.33361,-0.863936,-0.741987,281.638,519.144,325.235,507.765,-3668.01,-22465.6,0.0935233,0.00434023,0.235866,-0.205731
78,80,50,248,-0.12935,-0.33361,-0.961027,-0.0100503,281.638,525.282,389.451,512.139,-3210.38,-55429.6,0.101083,-0.110302,0.127038,-0.145309
78,80,50,103,-0.12935,-0.33361,-0.961027,-0.34976,281.638,375.818,369.468,512.139,37944.2,-25749.6,0.101083,-0.0369577,-0.275493,-0.388646
78,80,50,137,-0.12935,-0.33361,-0.961027,-0.403895,281.638,375.693,355.664,512.139,37870.1,-18230.5,0.101083,0.00233668,-0.28994,-0.370907
78,80,50,263,-0.12935,-0.33361,-0.961027,-0.44187,281.638,376.128,376.968,512.139,37984.3,-29818.3,0.101083,-0.058192,-0.268117,-0.408391
78,80,50,270,-0.12935,-0.33361,-0.961027,-0.741987,281.638,519.144,329.307,512.139,-2532.02,-24661.1,0.101083,0.00434023,0.125068,-0.218482
78,0,173,248,-0.12935,-0.448895,-0.0373558,-0.0100503,313.342,592.391,382.102,511.593,-30043.3,-42042.7,-0.13717,-0.371669,0.154406,-0.0908402
78,0,173,103,-0.12935,-0.448895,-0.0373558,-0.34976,313.342,445.052,362.651,511.593,17749.8,-13434.7,-0.13717,-0.291534,-0.256077,-0.33534
78,0,173,137,-0.12935,-0.448895,-0.0373558,-0.403895,313.342,445.779,348.888,511.593,18696.7,-5912.98,-0.13717,-0.258425,-0.271103,-0.324364
78,0,173,263,-0.12935,-0.448895,-0.0373558,-0.44187,313.342,444.863,370.131,511.593,17237.5,-17504.9,-0.13717,-0.309485,-0.248413,-0.351512
78,0,173,270,-0.12935,-0.448895,-0.0373558,-0.741987,313.342,589.111,321.957,511.593,-25125.6,-11289,-0.13717,-0.26996,0.152473,-0.176911
78,0,193,248,-0.12935,-0.448895,-0.245261,-0.0100503,313.342,592.391,384.611,511.768,-30223.1,-43525.8,-0.132277,-0.371669,0.255913,-0.0909904
78,0,193,103,-0.12935,-0.448895,-0.245261,-0.34976,313.342,445.052,364.977,511.768,17570,-14551.8,-0.132277,-0.291534,-0.151821,-0.332741
78,0,193,137,-0.12935,-0.448895,-0.245261,-0.403895,313.342,445.779,351.199,511.768,18516.9,-7030.98,-0.132277,-0.258425,-0.166646,-0.321564
78,0,193,263,-0.12935,-0.448895,-0.245261,-0.44187,313.342,444.863,372.464,511.768,17057.7,-18621.5,-0.132277,-0.309485,-0.144258,-0.349014
78,0,193,270,-0.12935,-0.448895,-0.245261,-0.741987,313.342,589.111,324.467,511.768,-25305.3,-12767.1,-0.132277,-0.26996,0.253967,-0.177074
78,0,174,248,-0.12935,-0.448895,-0.649449,-0.0100503,313.342,592.391,382.472,507.655,-31271.2,-42026.5,-0.136138,-0.371669,0.133372,-0.080493
78,0,174,103,-0.12935,-0.448895,-0.649449,-0.34976,313.342,445.052,361.412,507.655,16522,-13564.1,-0.136138,-0.291534,-0.277032,-0.324914
78,0,174,137,-0.12935,-0.448895,-0.649449,-0.403895,313.342,445.779,347.593,507.655,17468.8,-6100.96,-0.136138,-0.258425,-0.291699,-0.313579
78,0,174,263,-0.12935,-0.448895,-0.649449,-0.44187,313.342,444.863,368.921,507.655,16009.6,-17602.5,-0.136138,-0.309485,-0.269555,-0.341272
78,0,174,270,-0.12935,-0.448895,-0.649449,-0.741987,313.342,589.111,322.323,507.655,-26353.4,-11510.6,-0.136138,-0.26996,0.133371,-0.164631
78,0,272,248,-0.12935,-0.448895,-0.863936,-0.0100503,313.342,592.391,385.383,507.765,-31509.2,-43741.6,-0.130408,-0.371669,0.235866,-0.0804929
78,0,272,103,-0.12935,-0.448895,-0.863936,-0.34976,313.342,445.052,364.084,507.765,16283.9,-14859.4,-0.130408,-0.291534,-0.171348,-0.321723
78,0,272,137,-0.12935,-0.448895,-0.863936,-0.403895,313.342,445.779,350.248,507.765,17230.8,-7398.77,-0.130408,-0.258425,-0.185777,-0.310151
78,0,272,263,-0.12935,-0.448895,-0.863936,-0.44187,313.342,444.863,371.601,507.765,15771.6,-18896.5,-0.130408,-0.309485,-0.163989,-0.3382
78,0,272,270,-0.12935,-0.448895,-0.863936,-0.741987,313.342,589.111,325.235,507.765,-26591.4,-13225.7,-0.130408,-0.26996,0.235866,-0.164631
78,0,50,248,-0.12935,-0.448895,-0.961027,-0.0100503,313.342,592.391,389.451,512.139,-30569.8,-46386.3,-0.122848,-0.371669,0.127038,-0.0912747
78,0,50,103,-0.12935,-0.448895,-0.961027,-0.34976,313.342,445.052,369.468,512.139,17223.3,-16706.3,-0.122848,-0.291534,-0.275493,-0.327822
78,0,50,137,-0.12935,-0.448895,-0.961027,-0.403895,313.342,445.779,355.664,512.139,18170.1,-9187.22,-0.122848,-0.258425,-0.28994,-0.316268
78,0,50,263,-0.12935,-0.448895,-0.961027,-0.44187,313.342,444.863,376.968,512.139,16711,-20775,-0.122848,-0.309485,-0.268117,-0.344283
78,0,50,270,-0.12935,-0.448895,-0.961027,-0.741987,313.342,589.111,329.307,512.139,-25652.1,-15617.8,-0.122848,-0.26996,0.125068,-0.177382
