41,113,50,381,0.99,0.7525,1,0.98,287.047,462.462,328.597,485.263,7588.12,-20178,-0.0142797,-0.0901015,0.00367242,-0.0990706
41,113,50,376,0.99,0.7525,1,0.859833,287.047,461.75,328.633,485.263,7793.47,-20182,-0.0142797,-0.0902588,0.00149716,-0.045173
41,113,50,382,0.99,0.7525,1,0.8175,287.047,453.762,329.144,485.263,10097.4,-20227.2,-0.0142797,-0.0920568,-0.0228699,-0.147316
41,113,50,909,0.99,0.7525,1,0.493,287.047,461.757,336.456,485.263,8108.71,-23966,-0.0142797,-0.107227,0.000149231,-0.0582109
41,113,50,925,0.99,0.7525,1,0.4665,287.047,462.936,336.399,485.263,7768.3,-23961.2,-0.0142797,-0.106932,0.00367233,-0.110623
41,113,635,381,0.99,0.7525,0.334167,0.98,287.047,462.462,323.715,485.104,7475.38,-17923.4,-0.0243365,-0.0901015,-0.019619,-0.0990705
41,113,635,376,0.99,0.7525,0.334167,0.859833,287.047,461.75,323.751,485.104,7680.73,-17930.9,-0.0243365,-0.0902588,-0.021827,-0.0452058
41,113,635,382,0.99,0.7525,0.334167,0.8175,287.047,453.762,324.263,485.104,9984.61,-18015.2,-0.0243365,-0.0920568,-0.0465608,-0.147716
41,113,635,909,0.99,0.7525,0.334167,0.493,287.047,461.757,331.574,485.104,7995.96,-21717.1,-0.0243365,-0.107227,-0.023194,-0.0582627
41,113,635,925,0.99,0.7525,0.334167,0.4665,287.047,462.936,331.517,485.104,7655.55,-21706.6,-0.0243365,-0.106932,-0.0196191,-0.110622
41,113,559,381,0.99,0.7525,0.314333,0.98,287.047,462.462,324.302,485.121,7488.92,-18194.3,-0.0231274,-0.0901015,0.033631,-0.0990704
41,113,559,376,0.99,0.7525,0.314333,0.859833,287.047,461.75,324.338,485.121,7694.27,-18201.5,-0.0231274,-0.0902588,0.0314269,-0.0452017
41,113,559,382,0.99,0.7525,0.314333,0.8175,287.047,453.762,324.85,485.121,9998.15,-18281.1,-0.0231274,-0.0920568,0.00673777,-0.147667
41,113,559,909,0.99,0.7525,0.314333,0.493,287.047,461.757,332.16,485.121,8009.5,-21987.4,-0.0231274,-0.107227,0.0300622,-0.0582562
41,113,559,925,0.99,0.7525,0.314333,0.4665,287.047,462.936,332.104,485.121,7669.09,-21977.5,-0.0231274,-0.106932,0.0336309,-0.110622
41,113,49,381,0.99,0.7525,0.2715,0.98,287.047,462.462,328.404,467.808,2582.1,-19452.2,-0.0142797,-0.0901015,0.0413396,-0.0459299
41,113,49,376,0.99,0.7525,0.2715,0.859833,287.047,461.75,328.402,467.808,2787.45,-19456,-0.0142797,-0.0902588,0.0391602,0.00796355
41,113,49,382,0.99,0.7525,0.2715,0.8175,287.047,453.762,328.486,467.808,5091.33,-19499.6,-0.0142797,-0.0920568,0.0147121,-0.0942607
41,113,49,909,0.99,0.7525,0.2715,0.493,287.047,461.757,336.19,467.808,3102.68,-23103.9,-0.0142797,-0.107227,0.0365774,-0.00630917
41,113,49,925,0.99,0.7525,0.2715,0.4665,287.047,462.936,336.195,467.808,2762.27,-23099.3,-0.0142797,-0.106932,0.0401069,-0.0587144
41,113,581,381,0.99,0.7525,0.221667,0.98,287.047,462.462,333.534,485.474,7702.12,-22457.9,-0.00411794,-0.0901015,0.0715327,-0.0990705
41,113,581,376,0.99,0.7525,0.221667,0.859833,287.047,461.75,333.57,485.474,7907.46,-22458.4,-0.00411794,-0.0902588,0.0693896,-0.0451407
41,113,581,382,0.99,0.7525,0.221667,0.8175,287.047,453.762,334.079,485.474,10211.3,-22464,-0.00411794,-0.0920568,0.0453825,-0.146924
41,113,581,909,0.99,0.7525,0.221667,0.493,287.047,461.757,341.392,485.474,8222.7,-26240,-0.00411794,-0.107227,0.0680604,-0.0581598
41,113,581,925,0.99,0.7525,0.221667,0.4665,287.047,462.936,341.336,485.474,7882.29,-26241.1,-0.00411794,-0.106932,0.0715326,-0.110622
41,260,50,381,0.99,0.712857,1,0.98,334.073,456.11,328.597,485.263,9648.46,2564.44,-0.00680889,-0.0253574,0.00367242,0.00255078
41,260,50,376,0.99,0.712857,1,0.859833,334.073,455.394,328.633,485.263,9887.38,2560.4,-0.00680889,-0.0253575,0.00149716,0.0566056
41,260,50,382,0.99,0.712857,1,0.8175,334.073,447.364,329.144,485.263,12568,2515.25,-0.00680889,-0.0253575,-0.0228699,-0.0437397
41,260,50,909,0.99,0.712857,1,0.493,334.073,454.606,336.456,485.263,10273.6,-1223.54,-0.00680889,-0.0424902,0.000149231,0.0434034
41,260,50,925,0.99,0.712857,1,0.4665,334.073,455.792,336.399,485.263,9877.54,-1218.76,-0.00680889,-0.0424542,0.00367233,-0.00926772
41,260,635,381,0.99,0.712857,0.334167,0.98,334.073,456.11,323.715,485.104,9505.1,4788.45,-0.0168657,-0.0253574,-0.019619,0.00255086
41,260,635,376,0.99,0.712857,0.334167,0.859833,334.073,455.394,323.751,485.104,9744.03,4780.92,-0.0168657,-0.0253575,-0.021827,0.0565729
41,260,635,382,0.99,0.712857,0.334167,0.8175,334.073,447.364,324.263,485.104,12424.6,4696.61,-0.0168657,-0.0253575,-0.0465608,-0.0441392
41,260,635,909,0.99,0.712857,0.334167,0.493,334.073,454.606,331.574,485.104,10130.3,994.688,-0.0168657,-0.0424902,-0.023194,0.0433516
41,260,635,925,0.99,0.712857,0.334167,0.4665,334.073,455.792,331.517,485.104,9734.19,1005.25,-0.0168657,-0.0424542,-0.0196191,-0.00926764
41,260,559,381,0.99,0.712857,0.314333,0.98,334.073,456.11,324.302,485.121,9522.32,4521.15,-0.0156566,-0.0253574,0.033631,0.00255097
41,260,559,376,0.99,0.712857,0.314333,0.859833,334.073,455.394,324.338,485.121,9761.24,4514.04,-0.0156566,-0.0253575,0.0314269,0.056577
41,260,559,382,0.99,0.712857,0.314333,0.8175,334.073,447.364,324.85,485.121,12441.9,4434.44,-0.0156566,-0.0253575,0.00673777,-0.0440904
41,260,559,909,0.99,0.712857,0.314333,0.493,334.073,454.606,332.16,485.121,10147.5,728.083,-0.0156566,-0.0424902,0.0300622,0.043358
41,260,559,925,0.99,0.712857,0.314333,0.4665,334.073,455.792,332.104,485.121,9751.41,737.951,-0.0156566,-0.0424542,0.0336309,-0.00926755
41,260,49,381,0.99,0.712857,0.2715,0.98,334.073,456.11,328.404,467.808,3824.35,2472.19,-0.00680889,-0.0253574,0.0413396,0.0556915
41,260,49,376,0.99,0.712857,0.2715,0.859833,334.073,455.394,328.402,467.808,4063.27,2468.3,-0.00680889,-0.0253575,0.0391602,0.109742
41,260,49,382,0.99,0.712857,0.2715,0.8175,334.073,447.364,328.486,467.808,6743.88,2424.77,-0.00680889,-0.0253575,0.0147121,0.00931586
41,260,49,909,0.99,0.712857,0.2715,0.493,334.073,454.606,336.19,467.808,4449.5,-1179.52,-0.00680889,-0.0424902,0.0365774,0.0953051
41,260,49,925,0.99,0.712857,0.2715,0.4665,334.073,455.792,336.195,467.808,4053.43,-1174.92,-0.00680889,-0.0424542,0.0401069,0.0426404
41,260,581,381,0.99,0.712857,0.221667,0.98,334.073,456.11,333.534,485.474,9793.4,315.478,0.00335287,-0.0253574,0.0715327,0.0025509
41,260,581,376,0.99,0.712857,0.221667,0.859833,334.073,455.394,333.57,485.474,10032.3,314.967,0.00335287,-0.0253575,0.0693896,0.0566379
41,260,581,382,0.99,0.712857,0.221667,0.8175,334.073,447.364,334.079,485.474,12712.9,309.409,0.00335287,-0.0253575,0.0453825,-0.0433474
41,260,581,909,0.99,0.712857,0.221667,0.493,334.073,454.606,341.392,485.474,10418.6,-3466.65,0.00335287,-0.0424902,0.0680604,0.0434544
41,260,581,925,0.99,0.712857,0.221667,0.4665,334.073,455.792,341.336,485.474,10022.5,-3467.72,0.00335287,-0.0424542,0.0715326,-0.00926761
41,257,50,381,0.99,0.6405,1,0.98,287.072,461.663,328.597,485.263,7851.62,-20183.2,-0.011484,-0.131873,0.00367242,-0.0992499
41,257,50,376,0.99,0.6405,1,0.859833,287.072,460.951,328.633,485.263,8056.97,-20187.2,-0.011484,-0.132031,0.00149716,-0.045353
41,257,50,382,0.99,0.6405,1,0.8175,287.072,452.964,329.144,485.263,10360.8,-20232.3,-0.011484,-0.133835,-0.0228699,-0.147503
41,257,50,909,0.99,0.6405,1,0.493,287.072,460.96,336.456,485.263,8378.45,-23971.1,-0.011484,-0.149028,0.000149231,-0.05842
41,257,50,925,0.99,0.6405,1,0.4665,287.072,462.139,336.399,485.263,8038.05,-23966.4,-0.011484,-0.148732,0.00367233,-0.110831
41,257,635,381,0.99,0.6405,0.334167,0.98,287.072,461.663,323.715,485.104,7734.96,-17932.4,-0.0215409,-0.131873,-0.019619,-0.0992498
41,257,635,376,0.99,0.6405,0.334167,0.859833,287.072,460.951,323.751,485.104,7940.31,-17940,-0.0215409,-0.132031,-0.021827,-0.0453858
41,257,635,382,0.99,0.6405,0.334167,0.8175,287.072,452.964,324.263,485.104,10244.2,-18024.3,-0.0215409,-0.133835,-0.0465608,-0.147902
41,257,635,909,0.99,0.6405,0.334167,0.493,287.072,460.96,331.574,485.104,8261.79,-21726.2,-0.0215409,-0.149028,-0.023194,-0.0584718
41,257,635,925,0.99,0.6405,0.334167,0.4665,287.072,462.139,331.517,485.104,7921.39,-21715.6,-0.0215409,-0.148732,-0.0196191,-0.110831
41,257,559,381,0.99,0.6405,0.314333,0.98,287.072,461.663,324.302,485.121,7748.97,-18203,-0.0203317,-0.131873,0.033631,-0.0992497
41,257,559,376,0.99,0.6405,0.314333,0.859833,287.072,460.951,324.338,485.121,7954.32,-18210.1,-0.0203317,-0.132031,0.0314269,-0.0453817
41,257,559,382,0.99,0.6405,0.314333,0.8175,287.072,452.964,324.85,485.121,10258.2,-18289.7,-0.0203317,-0.133835,0.00673777,-0.147853
41,257,559,909,0.99,0.6405,0.314333,0.493,287.072,460.96,332.16,485.121,8275.8,-21996,-0.0203317,-0.149028,0.0300622,-0.0584653
41,257,559,925,0.99,0.6405,0.314333,0.4665,287.072,462.139,332.104,485.121,7935.4,-21986.2,-0.0203317,-0.148732,0.0336309,-0.110831
41,257,49,381,0.99,0.6405,0.2715,0.98,287.072,461.663,328.404,467.808,2845.78,-19457.1,-0.011484,-0.131873,0.0413396,-0.0461092
41,257,49,376,0.99,0.6405,0.2715,0.859833,287.072,460.951,328.402,467.808,3051.13,-19461,-0.011484,-0.132031,0.0391602,0.00778354
41,257,49,382,0.99,0.6405,0.2715,0.8175,287.072,452.964,328.486,467.808,5355,-19504.6,-0.011484,-0.133835,0.0147121,-0.0944471
41,257,49,909,0.99,0.6405,0.2715,0.493,287.072,460.96,336.19,467.808,3372.61,-23108.8,-0.011484,-0.149028,0.0365774,-0.00651826
41,257,49,925,0.99,0.6405,0.2715,0.4665,287.072,462.139,336.195,467.808,3032.21,-23104.2,-0.011484,-0.148732,0.0401069,-0.0589226
41,257,581,381,0.99,0.6405,0.221667,0.98,287.072,461.663,333.534,485.474,7969.57,-22459.1,-0.00132224,-0.131873,0.0715327,-0.0992498
41,257,581,376,0.99,0.6405,0.221667,0.859833,287.072,460.951,333.57,485.474,8174.92,-22459.6,-0.00132224,-0.132031,0.0693896,-0.0453207
41,257,581,382,0.99,0.6405,0.221667,0.8175,287.072,452.964,334.079,485.474,10478.8,-22465.2,-0.00132224,-0.133835,0.0453825,-0.14711
41,257,581,909,0.99,0.6405,0.221667,0.493,287.072,460.96,341.392,485.474,8496.4,-26241.2,-0.00132224,-0.149028,0.0680604,-0.0583689
41,257,581,925,0.99,0.6405,0.221667,0.4665,287.072,462.139,341.336,485.474,8156,-26242.3,-0.00132224,-0.148732,0.0715326,-0.110831
41,259,50,381,0.99,0.6005,1,0.98,319.032,457.368,328.597,485.263,9073.49,-4714.56,-0.008155,-0.0493982,0.00367242,-0.0302795
41,259,50,376,0.99,0.6005,1,0.859833,319.032,456.653,328.633,485.263,9301.67,-4718.6,-0.008155,-0.0494498,0.00149716,0.0237238
41,259,50,382,0.99,0.6005,1,0.8175,319.032,448.627,329.144,485.263,11861.7,-4763.75,-0.008155,-0.0500382,-0.0228699,-0.0772099
41,259,50,909,0.99,0.6005,1,0.493,319.032,456.122,336.456,485.263,9667.18,-8502.54,-0.008155,-0.066578,0.000149231,0.0105262
41,259,50,925,0.99,0.6005,1,0.4665,319.032,457.307,336.399,485.263,9288.92,-8497.76,-0.008155,-0.0664569,0.00367233,-0.0420598
41,259,635,381,0.99,0.6005,0.334167,0.98,319.032,457.368,323.715,485.104,8938.67,-2482.01,-0.0182119,-0.0493982,-0.019619,-0.0302794
41,259,635,376,0.99,0.6005,0.334167,0.859833,319.032,456.653,323.751,485.104,9166.86,-2489.54,-0.0182119,-0.0494498,-0.021827,0.0236911
41,259,635,382,0.99,0.6005,0.334167,0.8175,319.032,448.627,324.263,485.104,11726.9,-2573.84,-0.0182119,-0.0500382,-0.0465608,-0.0776093
41,259,635,909,0.99,0.6005,0.334167,0.493,319.032,456.122,331.574,485.104,9532.37,-6275.77,-0.0182119,-0.066578,-0.023194,0.0104744
41,259,635,925,0.99,0.6005,0.334167,0.4665,319.032,457.307,331.517,485.104,9154.11,-6265.21,-0.0182119,-0.0664569,-0.0196191,-0.0420597
41,259,559,381,0.99,0.6005,0.314333,0.98,319.032,457.368,324.302,485.121,8954.86,-2750.33,-0.0170027,-0.0493982,0.033631,-0.0302793
41,259,559,376,0.99,0.6005,0.314333,0.859833,319.032,456.653,324.338,485.121,9183.05,-2757.44,-0.0170027,-0.0494498,0.0314269,0.0236952
41,259,559,382,0.99,0.6005,0.314333,0.8175,319.032,448.627,324.85,485.121,11743.1,-2837.05,-0.0170027,-0.0500382,0.00673777,-0.0775606
41,259,559,909,0.99,0.6005,0.314333,0.493,319.032,456.122,332.16,485.121,9548.56,-6543.4,-0.0170027,-0.066578,0.0300622,0.0104808
41,259,559,925,0.99,0.6005,0.314333,0.4665,319.032,457.307,332.104,485.121,9170.3,-6533.53,-0.0170027,-0.0664569,0.0336309,-0.0420596
41,259,49,381,0.99,0.6005,0.2715,0.98,319.032,457.368,328.404,467.808,3511.22,-4544.97,-0.008155,-0.0493982,0.0413396,0.0228613
41,259,49,376,0.99,0.6005,0.2715,0.859833,319.032,456.653,328.402,467.808,3739.4,-4548.86,-0.008155,-0.0494498,0.0391602,0.0768604
41,259,49,382,0.99,0.6005,0.2715,0.8175,319.032,448.627,328.486,467.808,6299.45,-4592.39,-0.008155,-0.0500382,0.0147121,-0.0241543
41,259,49,909,0.99,0.6005,0.2715,0.493,319.032,456.122,336.19,467.808,4104.91,-8196.69,-0.008155,-0.066578,0.0365774,0.0624279
41,259,49,925,0.99,0.6005,0.2715,0.4665,319.032,457.307,336.195,467.808,3726.65,-8192.08,-0.008155,-0.0664569,0.0401069,0.00984833
41,259,581,381,0.99,0.6005,0.221667,0.98,319.032,457.368,333.534,485.474,9209.79,-6972.16,0.00200675,-0.0493982,0.0715327,-0.0302793
41,259,581,376,0.99,0.6005,0.221667,0.859833,319.032,456.653,333.57,485.474,9437.97,-6972.67,0.00200675,-0.0494498,0.0693896,0.0237562
41,259,581,382,0.99,0.6005,0.221667,0.8175,319.032,448.627,334.079,485.474,11998,-6978.23,0.00200675,-0.0500382,0.0453825,-0.0768176
41,259,581,909,0.99,0.6005,0.221667,0.493,319.032,456.122,341.392,485.474,9803.48,-10754.3,0.00200675,-0.066578,0.0680604,0.0105772
41,259,581,925,0.99,0.6005,0.221667,0.4665,319.032,457.307,341.336,485.474,9425.23,-10755.4,0.00200675,-0.0664569,0.0715326,-0.0420597
41,114,50,381,0.99,0.598333,1,0.98,293.027,461.766,328.597,485.263,7727,-17277.7,-0.0144797,-0.0554068,0.00367242,-0.0862182
41,114,50,376,0.99,0.598333,1,0.859833,293.027,461.053,328.633,485.263,7936.63,-17281.7,-0.0144797,-0.0555445,0.00149716,-0.0323009
41,114,50,382,0.99,0.598333,1,0.8175,293.027,453.055,329.144,485.263,10288.5,-17326.9,-0.0144797,-0.0571182,-0.0228699,-0.13422
41,114,50,909,0.99,0.598333,1,0.493,293.027,460.959,336.456,485.263,8257.97,-21065.7,-0.0144797,-0.0725389,0.000149231,-0.0453649
41,114,50,925,0.99,0.598333,1,0.4665,293.027,462.14,336.399,485.263,7910.47,-21060.9,-0.0144797,-0.0722759,0.00367233,-0.0978087
41,114,635,381,0.99,0.598333,0.334167,0.98,293.027,461.766,323.715,485.104,7612.19,-15025.1,-0.0245366,-0.0554068,-0.019619,-0.0862181
41,114,635,376,0.99,0.598333,0.334167,0.859833,293.027,461.053,323.751,485.104,7821.82,-15032.7,-0.0245366,-0.0555445,-0.021827,-0.0323337
41,114,635,382,0.99,0.598333,0.334167,0.8175,293.027,453.055,324.263,485.104,10173.7,-15117,-0.0245366,-0.0571182,-0.0465608,-0.134619
41,114,635,909,0.99,0.598333,0.334167,0.493,293.027,460.959,331.574,485.104,8143.17,-18818.9,-0.0245366,-0.0725389,-0.023194,-0.0454167
41,114,635,925,0.99,0.598333,0.334167,0.4665,293.027,462.14,331.517,485.104,7795.66,-18808.3,-0.0245366,-0.0722759,-0.0196191,-0.0978087
41,114,559,381,0.99,0.598333,0.314333,0.98,293.027,461.766,324.302,485.121,7625.98,-15295.9,-0.0233275,-0.0554068,0.033631,-0.086218
41,114,559,376,0.99,0.598333,0.314333,0.859833,293.027,461.053,324.338,485.121,7835.61,-15303,-0.0233275,-0.0555445,0.0314269,-0.0323296
41,114,559,382,0.99,0.598333,0.314333,0.8175,293.027,453.055,324.85,485.121,10187.5,-15382.6,-0.0233275,-0.0571182,0.00673777,-0.134571
41,114,559,909,0.99,0.598333,0.314333,0.493,293.027,460.959,332.16,485.121,8156.95,-19088.9,-0.0233275,-0.0725389,0.0300622,-0.0454103
41,114,559,925,0.99,0.598333,0.314333,0.4665,293.027,462.14,332.104,485.121,7809.45,-19079.1,-0.0233275,-0.0722759,0.0336309,-0.0978086
41,114,49,381,0.99,0.598333,0.2715,0.98,293.027,461.766,328.404,467.808,2616.65,-16656.2,-0.0144797,-0.0554068,0.0413396,-0.0330774
41,114,49,376,0.99,0.598333,0.2715,0.859833,293.027,461.053,328.402,467.808,2826.28,-16660.1,-0.0144797,-0.0555445,0.0391602,0.0208356
41,114,49,382,0.99,0.598333,0.2715,0.8175,293.027,453.055,328.486,467.808,5178.16,-16703.6,-0.0144797,-0.0571182,0.0147121,-0.0811643
41,114,49,909,0.99,0.598333,0.2715,0.493,293.027,460.959,336.19,467.808,3147.62,-20307.9,-0.0144797,-0.0725389,0.0365774,0.00653683
41,114,49,925,0.99,0.598333,0.2715,0.4665,293.027,462.14,336.195,467.808,2800.12,-20303.3,-0.0144797,-0.0722759,0.0401069,-0.0459006
41,114,581,381,0.99,0.598333,0.221667,0.98,293.027,461.766,333.534,485.474,7843.08,-19555.5,-0.00431798,-0.0554068,0.0715327,-0.0862181
41,114,581,376,0.99,0.598333,0.221667,0.859833,293.027,461.053,333.57,485.474,8052.7,-19556,-0.00431798,-0.0555445,0.0693896,-0.0322686
41,114,581,382,0.99,0.598333,0.221667,0.8175,293.027,453.055,334.079,485.474,10404.6,-19561.6,-0.00431798,-0.0571182,0.0453825,-0.133828
41,114,581,909,0.99,0.598333,0.221667,0.493,293.027,460.959,341.392,485.474,8374.05,-23337.6,-0.00431798,-0.0725389,0.0680604,-0.0453138
41,114,581,925,0.99,0.598333,0.221667,0.4665,293.027,462.14,341.336,485.474,8026.54,-23338.7,-0.00431798,-0.0722759,0.0715326,-0.0978086
42,113,50,381,0.428833,0.7525,1,0.98,286.94,462.462,328.597,482.448,6663.77,-20060.9,0.00287962,-0.0999031,0.00367231,-0.0990706
42,113,50,376,0.428833,0.7525,1,0.859833,286.94,461.75,328.633,482.448,6869.1,-20064.9,0.00287962,-0.10006,0.00149705,-0.045173
42,113,50,382,0.428833,0.7525,1,0.8175,286.94,453.762,329.144,482.448,9172.71,-20109.8,0.00287962,-0.101858,-0.02287,-0.147316
42,113,50,909,0.428833,0.7525,1,0.493,286.94,461.757,336.456,482.448,7162.38,-23826.9,0.00287962,-0.117029,0.000149112,-0.0582109
42,113,50,925,0.428833,0.7525,1,0.4665,286.94,462.936,336.399,482.448,6822,-23822.2,0.00287962,-0.116733,0.00367221,-0.110623
42,113,635,381,0.428833,0.7525,0.334167,0.98,286.94,462.462,323.715,482.289,6564.76,-17806.3,-0.00723577,-0.0999031,-0.0196776,-0.0990705
42,113,635,376,0.428833,0.7525,0.334167,0.859833,286.94,461.75,323.751,482.289,6770.09,-17813.8,-0.00723577,-0.10006,-0.0218857,-0.0452058
42,113,635,382,0.428833,0.7525,0.334167,0.8175,286.94,453.762,324.263,482.289,9073.7,-17897.9,-0.00723577,-0.101858,-0.0466195,-0.147716
42,113,635,909,0.428833,0.7525,0.334167,0.493,286.94,461.757,331.574,482.289,7063.37,-21578.1,-0.00723577,-0.117029,-0.0232527,-0.0582627
42,113,635,925,0.428833,0.7525,0.334167,0.4665,286.94,462.936,331.517,482.289,6722.98,-21567.6,-0.00723577,-0.116733,-0.0196777,-0.110622
42,113,559,381,0.428833,0.7525,0.314333,0.98,286.94,462.462,324.302,482.306,6576.65,-18077.3,-0.00601971,-0.0999031,0.0335792,-0.0990704
42,113,559,376,0.428833,0.7525,0.314333,0.859833,286.94,461.75,324.338,482.306,6781.97,-18084.4,-0.00601971,-0.10006,0.0313752,-0.0452017
42,113,559,382,0.428833,0.7525,0.314333,0.8175,286.94,453.762,324.85,482.306,9085.59,-18163.7,-0.00601971,-0.101858,0.00668603,-0.147667
42,113,559,909,0.428833,0.7525,0.314333,0.493,286.94,461.757,332.16,482.306,7075.26,-21848.4,-0.00601971,-0.117029,0.0300105,-0.0582562
42,113,559,925,0.428833,0.7525,0.314333,0.4665,286.94,462.936,332.104,482.306,6734.87,-21838.5,-0.00601971,-0.116733,0.0335791,-0.110622
42,113,49,381,0.428833,0.7525,0.2715,0.98,286.94,462.462,328.404,464.993,1657.75,-19335.1,0.00287974,-0.0999031,0.0413396,-0.0459299
42,113,49,376,0.428833,0.7525,0.2715,0.859833,286.94,461.75,328.402,464.993,1863.07,-19339,0.00287974,-0.10006,0.0391602,0.00796355
42,113,49,382,0.428833,0.7525,0.2715,0.8175,286.94,453.762,328.486,464.993,4166.69,-19382.2,0.00287974,-0.101858,0.0147121,-0.0942607
42,113,49,909,0.428833,0.7525,0.2715,0.493,286.94,461.757,336.19,464.993,2156.35,-22964.8,0.00287974,-0.117029,0.0365774,-0.00630917
42,113,49,925,0.428833,0.7525,0.2715,0.4665,286.94,462.936,336.195,464.993,1815.97,-22960.3,0.00287974,-0.116733,0.0401069,-0.0587144
42,113,581,381,0.428833,0.7525,0.221667,0.98,286.94,462.462,333.534,482.659,6763.87,-22340.8,0.0131009,-0.0999031,0.071592,-0.0990705
42,113,581,376,0.428833,0.7525,0.221667,0.859833,286.94,461.75,333.57,482.659,6969.2,-22341.3,0.0131009,-0.10006,0.069449,-0.0451407
42,113,581,382,0.428833,0.7525,0.221667,0.8175,286.94,453.762,334.079,482.659,9272.82,-22346.6,0.0131009,-0.101858,0.0454419,-0.146924
42,113,581,909,0.428833,0.7525,0.221667,0.493,286.94,461.757,341.392,482.659,7262.48,-26101,0.0131009,-0.117029,0.0681198,-0.0581598
42,113,581,925,0.428833,0.7525,0.221667,0.4665,286.94,462.936,341.336,482.659,6922.1,-26102.1,0.0131009,-0.116733,0.0715919,-0.110622
42,260,50,381,0.428833,0.712857,1,0.98,333.943,456.11,328.597,482.448,8724.1,2549.57,0.011733,-0.0337764,0.00367231,0.00255078
42,260,50,376,0.428833,0.712857,1,0.859833,333.943,455.394,328.633,482.448,8963,2545.55,0.011733,-0.0337765,0.00149705,0.0566056
42,260,50,382,0.428833,0.712857,1,0.8175,333.943,447.364,329.144,482.448,11643.4,2500.66,0.011733,-0.0337765,-0.02287,-0.0437397
42,260,50,909,0.428833,0.712857,1,0.493,333.943,454.606,336.456,482.448,9327.28,-1216.43,0.011733,-0.0509093,0.000149112,0.0434034
42,260,50,925,0.428833,0.712857,1,0.4665,333.943,455.792,336.399,482.448,8931.24,-1211.69,0.011733,-0.0508733,0.00367221,-0.00926772
42,260,635,381,0.428833,0.712857,0.334167,0.98,333.943,456.11,323.715,482.289,8594.48,4773.58,0.0016176,-0.0337764,-0.0196776,0.00255086
42,260,635,376,0.428833,0.712857,0.334167,0.859833,333.943,455.394,323.751,482.289,8833.38,4766.07,0.0016176,-0.0337765,-0.0218857,0.0565729
42,260,635,382,0.428833,0.712857,0.334167,0.8175,333.943,447.364,324.263,482.289,11513.7,4682.03,0.0016176,-0.0337765,-0.0466195,-0.0441392
42,260,635,909,0.428833,0.712857,0.334167,0.493,333.943,454.606,331.574,482.289,9197.66,1001.79,0.0016176,-0.0509093,-0.0232527,0.0433516
42,260,635,925,0.428833,0.712857,0.334167,0.4665,333.943,455.792,331.517,482.289,8801.62,1012.32,0.0016176,-0.0508733,-0.0196777,-0.00926764
42,260,559,381,0.428833,0.712857,0.314333,0.98,333.943,456.11,324.302,482.306,8610.05,4506.28,0.00283365,-0.0337764,0.0335792,0.00255097
42,260,559,376,0.428833,0.712857,0.314333,0.859833,333.943,455.394,324.338,482.306,8848.95,4499.19,0.00283365,-0.0337765,0.0313752,0.056577
42,260,559,382,0.428833,0.712857,0.314333,0.8175,333.943,447.364,324.85,482.306,11529.3,4419.85,0.00283365,-0.0337765,0.00668603,-0.0440904
42,260,559,909,0.428833,0.712857,0.314333,0.493,333.943,454.606,332.16,482.306,9213.22,735.185,0.00283365,-0.0509093,0.0300105,0.043358
42,260,559,925,0.428833,0.712857,0.314333,0.4665,333.943,455.792,332.104,482.306,8817.19,745.025,0.00283365,-0.0508733,0.0335791,-0.00926755
42,260,49,381,0.428833,0.712857,0.2715,0.98,333.943,456.11,328.404,464.993,2899.99,2457.32,0.0117331,-0.0337764,0.0413396,0.0556915
42,260,49,376,0.428833,0.712857,0.2715,0.859833,333.943,455.394,328.402,464.993,3138.9,2453.45,0.0117331,-0.0337765,0.0391602,0.109742
42,260,49,382,0.428833,0.712857,0.2715,0.8175,333.943,447.364,328.486,464.993,5819.24,2410.18,0.0117331,-0.0337765,0.0147121,0.00931586
42,260,49,909,0.428833,0.712857,0.2715,0.493,333.943,454.606,336.19,464.993,3503.17,-1172.42,0.0117331,-0.0509093,0.0365774,0.0953051
42,260,49,925,0.428833,0.712857,0.2715,0.4665,333.943,455.792,336.195,464.993,3107.13,-1167.85,0.0117331,-0.0508733,0.0401069,0.0426404
42,260,581,381,0.428833,0.712857,0.221667,0.98,333.943,456.11,333.534,482.659,8855.16,300.606,0.0219542,-0.0337764,0.071592,0.0025509
42,260,581,376,0.428833,0.712857,0.221667,0.859833,333.943,455.394,333.57,482.659,9094.06,300.118,0.0219542,-0.0337765,0.069449,0.0566379
42,260,581,382,0.428833,0.712857,0.221667,0.8175,333.943,447.364,334.079,482.659,11774.4,294.822,0.0219542,-0.0337765,0.0454419,-0.0433474
42,260,581,909,0.428833,0.712857,0.221667,0.493,333.943,454.606,341.392,482.659,9458.34,-3459.54,0.0219542,-0.0509093,0.0681198,0.0434544
42,260,581,925,0.428833,0.712857,0.221667,0.4665,333.943,455.792,341.336,482.659,9062.3,-3460.65,0.0219542,-0.0508733,0.0715919,-0.00926761
42,257,50,381,0.428833,0.6405,1,0.98,286.957,461.663,328.597,482.448,6927.27,-20066.1,0.00567712,-0.141673,0.00367231,-0.0992499
42,257,50,376,0.428833,0.6405,1,0.859833,286.957,460.951,328.633,482.448,7132.59,-20070.1,0.00567712,-0.141831,0.00149705,-0.045353
42,257,50,382,0.428833,0.6405,1,0.8175,286.957,452.964,329.144,482.448,9436.2,-20115,0.00567712,-0.143635,-0.02287,-0.147503
42,257,50,909,0.428833,0.6405,1,0.493,286.957,460.96,336.456,482.448,7432.12,-23832.1,0.00567712,-0.158828,0.000149112,-0.05842
42,257,50,925,0.428833,0.6405,1,0.4665,286.957,462.139,336.399,482.448,7091.75,-23827.3,0.00567712,-0.158532,0.00367221,-0.110831
42,257,635,381,0.428833,0.6405,0.334167,0.98,286.957,461.663,323.715,482.289,6824.34,-17815.4,-0.00443827,-0.141673,-0.0196776,-0.0992498
42,257,635,376,0.428833,0.6405,0.334167,0.859833,286.957,460.951,323.751,482.289,7029.67,-17822.9,-0.00443827,-0.141831,-0.0218857,-0.0453858
42,257,635,382,0.428833,0.6405,0.334167,0.8175,286.957,452.964,324.263,482.289,9333.27,-17906.9,-0.00443827,-0.143635,-0.0466195,-0.147902
42,257,635,909,0.428833,0.6405,0.334167,0.493,286.957,460.96,331.574,482.289,7329.2,-21587.2,-0.00443827,-0.158828,-0.0232527,-0.0584718
42,257,635,925,0.428833,0.6405,0.334167,0.4665,286.957,462.139,331.517,482.289,6988.82,-21576.6,-0.00443827,-0.158532,-0.0196777,-0.110831
42,257,559,381,0.428833,0.6405,0.314333,0.98,286.957,461.663,324.302,482.306,6836.7,-18085.9,-0.00322221,-0.141673,0.0335792,-0.0992497
42,257,559,376,0.428833,0.6405,0.314333,0.859833,286.957,460.951,324.338,482.306,7042.02,-18093,-0.00322221,-0.141831,0.0313752,-0.0453817
42,257,559,382,0.428833,0.6405,0.314333,0.8175,286.957,452.964,324.85,482.306,9345.63,-18172.3,-0.00322221,-0.143635,0.00668603,-0.147853
42,257,559,909,0.428833,0.6405,0.314333,0.493,286.957,460.96,332.16,482.306,7341.56,-21857,-0.00322221,-0.158828,0.0300105,-0.0584653
42,257,559,925,0.428833,0.6405,0.314333,0.4665,286.957,462.139,332.104,482.306,7001.18,-21847.1,-0.00322221,-0.158532,0.0335791,-0.110831
42,257,49,381,0.428833,0.6405,0.2715,0.98,286.957,461.663,328.404,464.993,1921.43,-19340,0.00567724,-0.141673,0.0413396,-0.0461092
42,257,49,376,0.428833,0.6405,0.2715,0.859833,286.957,460.951,328.402,464.993,2126.75,-19343.9,0.00567724,-0.141831,0.0391602,0.00778354
42,257,49,382,0.428833,0.6405,0.2715,0.8175,286.957,452.964,328.486,464.993,4430.36,-19387.2,0.00567724,-0.143635,0.0147121,-0.0944471
42,257,49,909,0.428833,0.6405,0.2715,0.493,286.957,460.96,336.19,464.993,2426.29,-22969.8,0.00567724,-0.158828,0.0365774,-0.00651826
42,257,49,925,0.428833,0.6405,0.2715,0.4665,286.957,462.139,336.195,464.993,2085.91,-22965.2,0.00567724,-0.158532,0.0401069,-0.0589226
42,257,581,381,0.428833,0.6405,0.221667,0.98,286.957,461.663,333.534,482.659,7031.33,-22342,0.0158984,-0.141673,0.071592,-0.0992498
42,257,581,376,0.428833,0.6405,0.221667,0.859833,286.957,460.951,333.57,482.659,7236.65,-22342.5,0.0158984,-0.141831,0.069449,-0.0453207
42,257,581,382,0.428833,0.6405,0.221667,0.8175,286.957,452.964,334.079,482.659,9540.26,-22347.8,0.0158984,-0.143635,0.0454419,-0.14711
42,257,581,909,0.428833,0.6405,0.221667,0.493,286.957,460.96,341.392,482.659,7536.19,-26102.2,0.0158984,-0.158828,0.0681198,-0.0583689
42,257,581,925,0.428833,0.6405,0.221667,0.4665,286.957,462.139,341.336,482.659,7195.81,-26103.3,0.0158984,-0.158532,0.0715919,-0.110831
42,259,50,381,0.428833,0.6005,1,0.98,318.907,457.368,328.597,482.448,8149.13,-4687.21,0.00998931,-0.0582148,0.00367231,-0.0302795
42,259,50,376,0.428833,0.6005,1,0.859833,318.907,456.653,328.633,482.448,8377.29,-4691.22,0.00998931,-0.0582664,0.00149705,0.0237238
42,259,50,382,0.428833,0.6005,1,0.8175,318.907,448.627,329.144,482.448,10937.1,-4736.11,0.00998931,-0.0588548,-0.02287,-0.0772099
42,259,50,909,0.428833,0.6005,1,0.493,318.907,456.122,336.456,482.448,8720.85,-8453.21,0.00998931,-0.0753946,0.000149112,0.0105262
42,259,50,925,0.428833,0.6005,1,0.4665,318.907,457.307,336.399,482.448,8342.62,-8448.46,0.00998931,-0.0752735,0.00367221,-0.0420598
42,259,635,381,0.428833,0.6005,0.334167,0.98,318.907,457.368,323.715,482.289,8028.05,-2454.65,-0.000126079,-0.0582148,-0.0196776,-0.0302794
42,259,635,376,0.428833,0.6005,0.334167,0.859833,318.907,456.653,323.751,482.289,8256.21,-2462.16,-0.000126079,-0.0582664,-0.0218857,0.0236911
42,259,635,382,0.428833,0.6005,0.334167,0.8175,318.907,448.627,324.263,482.289,10816,-2546.21,-0.000126079,-0.0588548,-0.0466195,-0.0776093
42,259,635,909,0.428833,0.6005,0.334167,0.493,318.907,456.122,331.574,482.289,8599.77,-6226.44,-0.000126079,-0.0753946,-0.0232527,0.0104744
42,259,635,925,0.428833,0.6005,0.334167,0.4665,318.907,457.307,331.517,482.289,8221.54,-6215.91,-0.000126079,-0.0752735,-0.0196777,-0.0420597
42,259,559,381,0.428833,0.6005,0.314333,0.98,318.907,457.368,324.302,482.306,8042.59,-2722.98,0.00108998,-0.0582148,0.0335792,-0.0302793
42,259,559,376,0.428833,0.6005,0.314333,0.859833,318.907,456.653,324.338,482.306,8270.75,-2730.07,0.00108998,-0.0582664,0.0313752,0.0236952
42,259,559,382,0.428833,0.6005,0.314333,0.8175,318.907,448.627,324.85,482.306,10830.5,-2809.41,0.00108998,-0.0588548,0.00668603,-0.0775606
42,259,559,909,0.428833,0.6005,0.314333,0.493,318.907,456.122,332.16,482.306,8614.31,-6494.07,0.00108998,-0.0753946,0.0300105,0.0104808
42,259,559,925,0.428833,0.6005,0.314333,0.4665,318.907,457.307,332.104,482.306,8236.08,-6484.23,0.00108998,-0.0752735,0.0335791,-0.0420596
42,259,49,381,0.428833,0.6005,0.2715,0.98,318.907,457.368,328.404,464.993,2586.86,-4517.62,0.00998943,-0.0582148,0.0413396,0.0228613
42,259,49,376,0.428833,0.6005,0.2715,0.859833,318.907,456.653,328.402,464.993,2815.02,-4521.49,0.00998943,-0.0582664,0.0391602,0.0768604
42,259,49,382,0.428833,0.6005,0.2715,0.8175,318.907,448.627,328.486,464.993,5374.81,-4564.75,0.00998943,-0.0588548,0.0147121,-0.0241543
42,259,49,909,0.428833,0.6005,0.2715,0.493,318.907,456.122,336.19,464.993,3158.58,-8147.36,0.00998943,-0.0753946,0.0365774,0.0624279
42,259,49,925,0.428833,0.6005,0.2715,0.4665,318.907,457.307,336.195,464.993,2780.35,-8142.78,0.00998943,-0.0752735,0.0401069,0.00984833
42,259,581,381,0.428833,0.6005,0.221667,0.98,318.907,457.368,333.534,482.659,8271.55,-6944.81,0.0202105,-0.0582148,0.071592,-0.0302793
42,259,581,376,0.428833,0.6005,0.221667,0.859833,318.907,456.653,333.57,482.659,8499.71,-6945.29,0.0202105,-0.0582664,0.069449,0.0237562
42,259,581,382,0.428833,0.6005,0.221667,0.8175,318.907,448.627,334.079,482.659,11059.5,-6950.59,0.0202105,-0.0588548,0.0454419,-0.0768176
42,259,581,909,0.428833,0.6005,0.221667,0.493,318.907,456.122,341.392,482.659,8843.27,-10705,0.0202105,-0.0753946,0.0681198,0.0105772
42,259,581,925,0.428833,0.6005,0.221667,0.4665,318.907,457.307,341.336,482.659,8465.04,-10706.1,0.0202105,-0.0752735,0.0715919,-0.0420597
42,114,50,381,0.428833,0.598333,1,0.98,292.92,461.766,328.597,482.448,6802.65,-17177.5,0.0028796,-0.0650084,0.00367231,-0.0862182
42,114,50,376,0.428833,0.598333,1,0.859833,292.92,461.053,328.633,482.448,7012.25,-17181.5,0.0028796,-0.0651461,0.00149705,-0.0323009
42,114,50,382,0.428833,0.598333,1,0.8175,292.92,453.055,329.144,482.448,9363.88,-17226.4,0.0028796,-0.0667198,-0.02287,-0.13422
42,114,50,909,0.428833,0.598333,1,0.493,292.92,460.959,336.456,482.448,7311.64,-20943.5,0.0028796,-0.0821405,0.000149112,-0.0453649
42,114,50,925,0.428833,0.598333,1,0.4665,292.92,462.14,336.399,482.448,6964.17,-20938.7,0.0028796,-0.0818775,0.00367221,-0.0978087
42,114,635,381,0.428833,0.598333,0.334167,0.98,292.92,461.766,323.715,482.289,6701.57,-14924.9,-0.00723578,-0.0650084,-0.0196776,-0.0862181
42,114,635,376,0.428833,0.598333,0.334167,0.859833,292.92,461.053,323.751,482.289,6911.18,-14932.4,-0.00723578,-0.0651461,-0.0218857,-0.0323337
42,114,635,382,0.428833,0.598333,0.334167,0.8175,292.92,453.055,324.263,482.289,9262.8,-15016.5,-0.00723578,-0.0667198,-0.0466195,-0.134619
42,114,635,909,0.428833,0.598333,0.334167,0.493,292.92,460.959,331.574,482.289,7210.57,-18696.7,-0.00723578,-0.0821405,-0.0232527,-0.0454167
42,114,635,925,0.428833,0.598333,0.334167,0.4665,292.92,462.14,331.517,482.289,6863.09,-18686.2,-0.00723578,-0.0818775,-0.0196777,-0.0978087
42,114,559,381,0.428833,0.598333,0.314333,0.98,292.92,461.766,324.302,482.306,6713.71,-15195.6,-0.00601973,-0.0650084,0.0335792,-0.086218
42,114,559,376,0.428833,0.598333,0.314333,0.859833,292.92,461.053,324.338,482.306,6923.31,-15202.7,-0.00601973,-0.0651461,0.0313752,-0.0323296
42,114,559,382,0.428833,0.598333,0.314333,0.8175,292.92,453.055,324.85,482.306,9274.94,-15282.1,-0.00601973,-0.0667198,0.00668603,-0.134571
42,114,559,909,0.428833,0.598333,0.314333,0.493,292.92,460.959,332.16,482.306,7222.71,-18966.7,-0.00601973,-0.0821405,0.0300105,-0.0454103
42,114,559,925,0.428833,0.598333,0.314333,0.4665,292.92,462.14,332.104,482.306,6875.23,-18956.9,-0.00601973,-0.0818775,0.0335791,-0.0978086
42,114,49,381,0.428833,0.598333,0.2715,0.98,292.92,461.766,328.404,464.993,1692.29,-16556,0.00287972,-0.0650084,0.0413396,-0.0330774
42,114,49,376,0.428833,0.598333,0.2715,0.859833,292.92,461.053,328.402,464.993,1901.9,-16559.8,0.00287972,-0.0651461,0.0391602,0.0208356
42,114,49,382,0.428833,0.598333,0.2715,0.8175,292.92,453.055,328.486,464.993,4253.52,-16603.1,0.00287972,-0.0667198,0.0147121,-0.0811643
42,114,49,909,0.428833,0.598333,0.2715,0.493,292.92,460.959,336.19,464.993,2201.29,-20185.7,0.00287972,-0.0821405,0.0365774,0.00653683
42,114,49,925,0.428833,0.598333,0.2715,0.4665,292.92,462.14,336.195,464.993,1853.82,-20181.1,0.00287972,-0.0818775,0.0401069,-0.0459006
42,114,581,381,0.428833,0.598333,0.221667,0.98,292.92,461.766,333.534,482.659,6904.84,-19455.3,0.0131008,-0.0650084,0.071592,-0.0862181
42,114,581,376,0.428833,0.598333,0.221667,0.859833,292.92,461.053,333.57,482.659,7114.44,-19455.8,0.0131008,-0.0651461,0.069449,-0.0322686
42,114,581,382,0.428833,0.598333,0.221667,0.8175,292.92,453.055,334.079,482.659,9466.07,-19461.1,0.0131008,-0.0667198,0.0454419,-0.133828
42,114,581,909,0.428833,0.598333,0.221667,0.493,292.92,460.959,341.392,482.659,7413.83,-23215.4,0.0131008,-0.0821405,0.0681198,-0.0453138
42,114,581,925,0.428833,0.598333,0.221667,0.4665,292.92,462.14,341.336,482.659,7066.36,-23216.5,0.0131008,-0.0818775,0.0715919,-0.0978086
36,113,50,381,0.359833,0.7525,1,0.98,306.022,462.462,328.597,486.799,8205.54,-11502,-0.344308,-0.088946,-0.0352489,-0.0990706
36,113,50,376,0.359833,0.7525,1,0.859833,306.022,461.75,328.633,486.799,8424.45,-11519.6,-0.344308,-0.0891034,-0.0374242,-0.045173
36,113,50,382,0.359833,0.7525,1,0.8175,306.022,453.762,329.144,486.799,10880.5,-11717,-0.344308,-0.0909013,-0.0617912,-0.147316
36,113,50,909,0.359833,0.7525,1,0.493,306.022,461.757,336.456,486.799,8763.27,-15327.1,-0.344308,-0.106072,-0.0387721,-0.0582109
36,113,50,925,0.359833,0.7525,1,0.4665,306.022,462.936,336.399,486.799,8400.37,-15299.9,-0.344308,-0.105776,-0.035249,-0.110623
36,113,635,381,0.359833,0.7525,0.334167,0.98,306.022,462.462,323.715,486.83,8083.62,-9247.39,-0.354336,-0.088946,-0.0585116,-0.0990705
36,113,635,376,0.359833,0.7525,0.334167,0.859833,306.022,461.75,323.751,486.83,8302.54,-9268.49,-0.354336,-0.0891034,-0.0607197,-0.0452058
36,113,635,382,0.359833,0.7525,0.334167,0.8175,306.022,453.762,324.263,486.83,10758.6,-9505,-0.354336,-0.0909013,-0.0854535,-0.147716
36,113,635,909,0.359833,0.7525,0.334167,0.493,306.022,461.757,331.574,486.83,8641.35,-13078.3,-0.354336,-0.106072,-0.0620867,-0.0582627
36,113,635,925,0.359833,0.7525,0.334167,0.4665,306.022,462.936,331.517,486.83,8278.45,-13045.2,-0.354336,-0.105776,-0.0585117,-0.110622
36,113,559,381,0.359833,0.7525,0.314333,0.98,306.022,462.462,324.302,486.824,8098.26,-9518.37,-0.353131,-0.088946,-0.00526571,-0.0990704
36,113,559,376,0.359833,0.7525,0.314333,0.859833,306.022,461.75,324.338,486.824,8317.18,-9539.04,-0.353131,-0.0891034,-0.00746977,-0.0452017
36,113,559,382,0.359833,0.7525,0.314333,0.8175,306.022,453.762,324.85,486.824,10773.3,-9770.85,-0.353131,-0.0909013,-0.0321589,-0.147667
36,113,559,909,0.359833,0.7525,0.314333,0.493,306.022,461.757,332.16,486.824,8655.99,-13348.6,-0.353131,-0.106072,-0.00883446,-0.0582562
36,113,559,925,0.359833,0.7525,0.314333,0.4665,306.022,462.936,332.104,486.824,8293.09,-13316.2,-0.353131,-0.105776,-0.00526581,-0.110622
36,113,49,381,0.359833,0.7525,0.2715,0.98,306.022,462.462,328.404,469.357,2868.87,-10776.2,-0.345755,-0.088946,0.000971168,-0.0459299
36,113,49,376,0.359833,0.7525,0.2715,0.859833,306.022,461.75,328.402,469.357,3087.78,-10793.6,-0.345755,-0.0891034,-0.00120825,0.00796355
36,113,49,382,0.359833,0.7525,0.2715,0.8175,306.022,453.762,328.486,469.357,5543.86,-10989.4,-0.345755,-0.0909013,-0.0256563,-0.0942607
36,113,49,909,0.359833,0.7525,0.2715,0.493,306.022,461.757,336.19,469.357,3426.59,-14465,-0.345755,-0.106072,-0.00379106,-0.00630917
36,113,49,925,0.359833,0.7525,0.2715,0.4665,306.022,462.936,336.195,469.357,3063.7,-14437.9,-0.345755,-0.105776,-0.000261523,-0.0587144
36,113,581,381,0.359833,0.7525,0.221667,0.98,306.022,462.462,333.534,486.818,8328.81,-13781.9,-0.334167,-0.088946,0.0325906,-0.0990705
36,113,581,376,0.359833,0.7525,0.221667,0.859833,306.022,461.75,333.57,486.818,8547.72,-13796,-0.334167,-0.0891034,0.0304475,-0.0451407
36,113,581,382,0.359833,0.7525,0.221667,0.8175,306.022,453.762,334.079,486.818,11003.8,-13953.8,-0.334167,-0.0909013,0.00644044,-0.146924
36,113,581,909,0.359833,0.7525,0.221667,0.493,306.022,461.757,341.392,486.818,8886.53,-17601.2,-0.334167,-0.106072,0.0291183,-0.0581598
36,113,581,925,0.359833,0.7525,0.221667,0.4665,306.022,462.936,341.336,486.818,8523.64,-17579.8,-0.334167,-0.105776,0.0325905,-0.110622
36,260,50,381,0.359833,0.712857,1,0.98,353.05,456.11,328.597,486.799,10265.9,11209.7,-0.337392,-0.0247573,-0.0352489,0.00255078
36,260,50,376,0.359833,0.712857,1,0.859833,353.05,455.394,328.633,486.799,10518.4,11192.1,-0.337392,-0.0247575,-0.0374242,0.0566056
36,260,50,382,0.359833,0.712857,1,0.8175,353.05,447.364,329.144,486.799,13351.2,10994.7,-0.337392,-0.0247575,-0.0617912,-0.0437397
36,260,50,909,0.359833,0.712857,1,0.493,353.05,454.606,336.456,486.799,10928.2,7384.56,-0.337392,-0.0418902,-0.0387721,0.0434034
36,260,50,925,0.359833,0.712857,1,0.4665,353.05,455.792,336.399,486.799,10509.6,7411.82,-0.337392,-0.0418542,-0.035249,-0.00926772
36,260,635,381,0.359833,0.712857,0.334167,0.98,353.05,456.11,323.715,486.83,10113.3,13433.7,-0.34742,-0.0247573,-0.0585116,0.00255086
36,260,635,376,0.359833,0.712857,0.334167,0.859833,353.05,455.394,323.751,486.83,10365.8,13412.6,-0.34742,-0.0247575,-0.0607197,0.0565729
36,260,635,382,0.359833,0.712857,0.334167,0.8175,353.05,447.364,324.263,486.83,13198.6,13176.1,-0.34742,-0.0247575,-0.0854535,-0.0441392
36,260,635,909,0.359833,0.712857,0.334167,0.493,353.05,454.606,331.574,486.83,10775.6,9602.78,-0.34742,-0.0418902,-0.0620867,0.0433516
36,260,635,925,0.359833,0.712857,0.334167,0.4665,353.05,455.792,331.517,486.83,10357.1,9635.83,-0.34742,-0.0418542,-0.0585117,-0.00926764
36,260,559,381,0.359833,0.712857,0.314333,0.98,353.05,456.11,324.302,486.824,10131.7,13166.4,-0.346215,-0.0247573,-0.00526571,0.00255097
36,260,559,376,0.359833,0.712857,0.314333,0.859833,353.05,455.394,324.338,486.824,10384.2,13145.7,-0.346215,-0.0247575,-0.00746977,0.056577
36,260,559,382,0.359833,0.712857,0.314333,0.8175,353.05,447.364,324.85,486.824,13217,12913.9,-0.346215,-0.0247575,-0.0321589,-0.0440904
36,260,559,909,0.359833,0.712857,0.314333,0.493,353.05,454.606,332.16,486.824,10794,9336.18,-0.346215,-0.0418902,-0.00883446,0.043358
36,260,559,925,0.359833,0.712857,0.314333,0.4665,353.05,455.792,332.104,486.824,10375.4,9368.54,-0.346215,-0.0418542,-0.00526581,-0.00926755
36,260,49,381,0.359833,0.712857,0.2715,0.98,353.05,456.11,328.404,469.357,4111.11,11117.4,-0.338839,-0.0247573,0.000971168,0.0556915
36,260,49,376,0.359833,0.712857,0.2715,0.859833,353.05,455.394,328.402,469.357,4363.6,11100,-0.338839,-0.0247575,-0.00120825,0.109742
36,260,49,382,0.359833,0.712857,0.2715,0.8175,353.05,447.364,328.486,469.357,7196.42,10904.2,-0.338839,-0.0247575,-0.0256563,0.00931586
36,260,49,909,0.359833,0.712857,0.2715,0.493,353.05,454.606,336.19,469.357,4773.41,7428.57,-0.338839,-0.0418902,-0.00379106,0.0953051
36,260,49,925,0.359833,0.712857,0.2715,0.4665,353.05,455.792,336.195,469.357,4354.86,7455.66,-0.338839,-0.0418542,-0.000261523,0.0426404
36,260,581,381,0.359833,0.712857,0.221667,0.98,353.05,456.11,333.534,486.818,10420.1,8960.72,-0.327251,-0.0247573,0.0325906,0.0025509
36,260,581,376,0.359833,0.712857,0.221667,0.859833,353.05,455.394,333.57,486.818,10672.6,8946.64,-0.327251,-0.0247575,0.0304475,0.0566379
36,260,581,382,0.359833,0.712857,0.221667,0.8175,353.05,447.364,334.079,486.818,13505.4,8788.88,-0.327251,-0.0247575,0.00644044,-0.0433474
36,260,581,909,0.359833,0.712857,0.221667,0.493,353.05,454.606,341.392,486.818,11082.4,5141.45,-0.327251,-0.0418902,0.0291183,0.0434544
36,260,581,925,0.359833,0.712857,0.221667,0.4665,353.05,455.792,341.336,486.818,10663.8,5162.86,-0.327251,-0.0418542,0.0325905,-0.00926761
36,257,50,381,0.359833,0.6405,1,0.98,306.048,461.663,328.597,486.799,8469.04,-11522.4,-0.341685,-0.130891,-0.0352489,-0.0992499
36,257,50,376,0.359833,0.6405,1,0.859833,306.048,460.951,328.633,486.799,8687.95,-11540,-0.341685,-0.131049,-0.0374242,-0.045353
36,257,50,382,0.359833,0.6405,1,0.8175,306.048,452.964,329.144,486.799,11144,-11737.4,-0.341685,-0.132853,-0.0617912,-0.147503
36,257,50,909,0.359833,0.6405,1,0.493,306.048,460.96,336.456,486.799,9033.01,-15347.5,-0.341685,-0.148046,-0.0387721,-0.05842
36,257,50,925,0.359833,0.6405,1,0.4665,306.048,462.139,336.399,486.799,8670.12,-15320.3,-0.341685,-0.14775,-0.035249,-0.110831
36,257,635,381,0.359833,0.6405,0.334167,0.98,306.048,461.663,323.715,486.83,8343.2,-9271.69,-0.351713,-0.130891,-0.0585116,-0.0992498
36,257,635,376,0.359833,0.6405,0.334167,0.859833,306.048,460.951,323.751,486.83,8562.12,-9292.79,-0.351713,-0.131049,-0.0607197,-0.0453858
36,257,635,382,0.359833,0.6405,0.334167,0.8175,306.048,452.964,324.263,486.83,11018.2,-9529.3,-0.351713,-0.132853,-0.0854535,-0.147902
36,257,635,909,0.359833,0.6405,0.334167,0.493,306.048,460.96,331.574,486.83,8907.18,-13102.6,-0.351713,-0.148046,-0.0620867,-0.0584718
36,257,635,925,0.359833,0.6405,0.334167,0.4665,306.048,462.139,331.517,486.83,8544.29,-13069.6,-0.351713,-0.14775,-0.0585117,-0.110831
36,257,559,381,0.359833,0.6405,0.314333,0.98,306.048,461.663,324.302,486.824,8358.32,-9542.2,-0.350508,-0.130891,-0.00526571,-0.0992497
36,257,559,376,0.359833,0.6405,0.314333,0.859833,306.048,460.951,324.338,486.824,8577.23,-9562.88,-0.350508,-0.131049,-0.00746977,-0.0453817
36,257,559,382,0.359833,0.6405,0.314333,0.8175,306.048,452.964,324.85,486.824,11033.3,-9794.68,-0.350508,-0.132853,-0.0321589,-0.147853
36,257,559,909,0.359833,0.6405,0.314333,0.493,306.048,460.96,332.16,486.824,8922.29,-13372.4,-0.350508,-0.148046,-0.00883446,-0.0584653
36,257,559,925,0.359833,0.6405,0.314333,0.4665,306.048,462.139,332.104,486.824,8559.4,-13340.1,-0.350508,-0.14775,-0.00526581,-0.110831
36,257,49,381,0.359833,0.6405,0.2715,0.98,306.048,461.663,328.404,469.357,3132.55,-10796.4,-0.343132,-0.130891,0.000971168,-0.0461092
36,257,49,376,0.359833,0.6405,0.2715,0.859833,306.048,460.951,328.402,469.357,3351.46,-10813.8,-0.343132,-0.131049,-0.00120825,0.00778354
36,257,49,382,0.359833,0.6405,0.2715,0.8175,306.048,452.964,328.486,469.357,5807.53,-11009.6,-0.343132,-0.132853,-0.0256563,-0.0944471
36,257,49,909,0.359833,0.6405,0.2715,0.493,306.048,460.96,336.19,469.357,3696.53,-14485.2,-0.343132,-0.148046,-0.00379106,-0.00651826
36,257,49,925,0.359833,0.6405,0.2715,0.4665,306.048,462.139,336.195,469.357,3333.63,-14458.1,-0.343132,-0.14775,-0.000261523,-0.0589226
36,257,581,381,0.359833,0.6405,0.221667,0.98,306.048,461.663,333.534,486.818,8596.26,-13798.4,-0.331544,-0.130891,0.0325906,-0.0992498
36,257,581,376,0.359833,0.6405,0.221667,0.859833,306.048,460.951,333.57,486.818,8815.17,-13812.4,-0.331544,-0.131049,0.0304475,-0.0453207
36,257,581,382,0.359833,0.6405,0.221667,0.8175,306.048,452.964,334.079,486.818,11271.2,-13970.2,-0.331544,-0.132853,0.00644044,-0.14711
36,257,581,909,0.359833,0.6405,0.221667,0.493,306.048,460.96,341.392,486.818,9160.24,-17617.6,-0.331544,-0.148046,0.0291183,-0.0583689
36,257,581,925,0.359833,0.6405,0.221667,0.4665,306.048,462.139,341.336,486.818,8797.35,-17596.2,-0.331544,-0.14775,0.0325905,-0.110831
36,259,50,381,0.359833,0.6005,1,0.98,338.009,457.368,328.597,486.799,9690.9,3935.65,-0.338636,-0.0486959,-0.0352489,-0.0302795
36,259,50,376,0.359833,0.6005,1,0.859833,338.009,456.653,328.633,486.799,9932.65,3918.04,-0.338636,-0.0487475,-0.0374242,0.0237238
36,259,50,382,0.359833,0.6005,1,0.8175,338.009,448.627,329.144,486.799,12644.9,3720.68,-0.338636,-0.0493359,-0.0617912,-0.0772099
36,259,50,909,0.359833,0.6005,1,0.493,338.009,456.122,336.456,486.799,10321.7,110.523,-0.338636,-0.0658757,-0.0387721,0.0105262
36,259,50,925,0.359833,0.6005,1,0.4665,338.009,457.307,336.399,486.799,9921,137.786,-0.338636,-0.0657546,-0.035249,-0.0420598
36,259,635,381,0.359833,0.6005,0.334167,0.98,338.009,457.368,323.715,486.83,9546.92,6168.2,-0.348664,-0.0486959,-0.0585116,-0.0302794
36,259,635,376,0.359833,0.6005,0.334167,0.859833,338.009,456.653,323.751,486.83,9788.66,6147.1,-0.348664,-0.0487475,-0.0607197,0.0236911
36,259,635,382,0.359833,0.6005,0.334167,0.8175,338.009,448.627,324.263,486.83,12500.9,5910.59,-0.348664,-0.0493359,-0.0854535,-0.0776093
36,259,635,909,0.359833,0.6005,0.334167,0.493,338.009,456.122,331.574,486.83,10177.8,2337.29,-0.348664,-0.0658757,-0.0620867,0.0104744
36,259,635,925,0.359833,0.6005,0.334167,0.4665,338.009,457.307,331.517,486.83,9777.01,2370.34,-0.348664,-0.0657546,-0.0585117,-0.0420597
36,259,559,381,0.359833,0.6005,0.314333,0.98,338.009,457.368,324.302,486.824,9564.21,5899.87,-0.347459,-0.0486959,-0.00526571,-0.0302793
36,259,559,376,0.359833,0.6005,0.314333,0.859833,338.009,456.653,324.338,486.824,9805.96,5879.2,-0.347459,-0.0487475,-0.00746977,0.0236952
36,259,559,382,0.359833,0.6005,0.314333,0.8175,338.009,448.627,324.85,486.824,12518.2,5647.39,-0.347459,-0.0493359,-0.0321589,-0.0775606
36,259,559,909,0.359833,0.6005,0.314333,0.493,338.009,456.122,332.16,486.824,10195,2069.66,-0.347459,-0.0658757,-0.00883446,0.0104808
36,259,559,925,0.359833,0.6005,0.314333,0.4665,338.009,457.307,332.104,486.824,9794.3,2102.01,-0.347459,-0.0657546,-0.00526581,-0.0420596
36,259,49,381,0.359833,0.6005,0.2715,0.98,338.009,457.368,328.404,469.357,3797.98,4105.24,-0.340083,-0.0486959,0.000971168,0.0228613
36,259,49,376,0.359833,0.6005,0.2715,0.859833,338.009,456.653,328.402,469.357,4039.73,4087.78,-0.340083,-0.0487475,-0.00120825,0.0768604
36,259,49,382,0.359833,0.6005,0.2715,0.8175,338.009,448.627,328.486,469.357,6751.99,3892.04,-0.340083,-0.0493359,-0.0256563,-0.0241543
36,259,49,909,0.359833,0.6005,0.2715,0.493,338.009,456.122,336.19,469.357,4428.82,416.374,-0.340083,-0.0658757,-0.00379106,0.0624279
36,259,49,925,0.359833,0.6005,0.2715,0.4665,338.009,457.307,336.195,469.357,4028.08,443.465,-0.340083,-0.0657546,-0.000261523,0.00984833
36,259,581,381,0.359833,0.6005,0.221667,0.98,338.009,457.368,333.534,486.818,9836.48,1678.05,-0.328495,-0.0486959,0.0325906,-0.0302793
36,259,581,376,0.359833,0.6005,0.221667,0.859833,338.009,456.653,333.57,486.818,10078.2,1663.97,-0.328495,-0.0487475,0.0304475,0.0237562
36,259,581,382,0.359833,0.6005,0.221667,0.8175,338.009,448.627,334.079,486.818,12790.5,1506.21,-0.328495,-0.0493359,0.00644044,-0.0768176
36,259,581,909,0.359833,0.6005,0.221667,0.493,338.009,456.122,341.392,486.818,10467.3,-2141.23,-0.328495,-0.0658757,0.0291183,0.0105772
36,259,581,925,0.359833,0.6005,0.221667,0.4665,338.009,457.307,341.336,486.818,10066.6,-2119.81,-0.328495,-0.0657546,0.0325905,-0.0420597
36,114,50,381,0.359833,0.598333,1,0.98,312.002,461.766,328.597,486.799,8344.42,-8598.5,-0.344518,-0.0542613,-0.0352489,-0.0862182
36,114,50,376,0.359833,0.598333,1,0.859833,312.002,461.053,328.633,486.799,8567.61,-8616.1,-0.344518,-0.054399,-0.0374242,-0.0323009
36,114,50,382,0.359833,0.598333,1,0.8175,312.002,453.055,329.144,486.799,11071.7,-8813.46,-0.344518,-0.0559727,-0.0617912,-0.13422
36,114,50,909,0.359833,0.598333,1,0.493,312.002,460.959,336.456,486.799,8912.53,-12423.6,-0.344518,-0.0713934,-0.0387721,-0.0453649
36,114,50,925,0.359833,0.598333,1,0.4665,312.002,462.14,336.399,486.799,8542.54,-12396.4,-0.344518,-0.0711304,-0.035249,-0.0978087
36,114,635,381,0.359833,0.598333,0.334167,0.98,312.002,461.766,323.715,486.83,8220.44,-6345.94,-0.354546,-0.0542613,-0.0585116,-0.0862181
36,114,635,376,0.359833,0.598333,0.334167,0.859833,312.002,461.053,323.751,486.83,8443.63,-6367.03,-0.354546,-0.054399,-0.0607197,-0.0323337
36,114,635,382,0.359833,0.598333,0.334167,0.8175,312.002,453.055,324.263,486.83,10947.7,-6603.54,-0.354546,-0.0559727,-0.0854535,-0.134619
36,114,635,909,0.359833,0.598333,0.334167,0.493,312.002,460.959,331.574,486.83,8788.55,-10176.8,-0.354546,-0.0713934,-0.0620867,-0.0454167
36,114,635,925,0.359833,0.598333,0.334167,0.4665,312.002,462.14,331.517,486.83,8418.56,-10143.8,-0.354546,-0.0711304,-0.0585117,-0.0978087
36,114,559,381,0.359833,0.598333,0.314333,0.98,312.002,461.766,324.302,486.824,8235.33,-6616.67,-0.353341,-0.0542613,-0.00526571,-0.086218
36,114,559,376,0.359833,0.598333,0.314333,0.859833,312.002,461.053,324.338,486.824,8458.52,-6637.34,-0.353341,-0.054399,-0.00746977,-0.0323296
36,114,559,382,0.359833,0.598333,0.314333,0.8175,312.002,453.055,324.85,486.824,10962.6,-6869.15,-0.353341,-0.0559727,-0.0321589,-0.134571
36,114,559,909,0.359833,0.598333,0.314333,0.493,312.002,460.959,332.16,486.824,8803.44,-10446.9,-0.353341,-0.0713934,-0.00883446,-0.0454103
36,114,559,925,0.359833,0.598333,0.314333,0.4665,312.002,462.14,332.104,486.824,8433.45,-10414.5,-0.353341,-0.0711304,-0.00526581,-0.0978086
36,114,49,381,0.359833,0.598333,0.2715,0.98,312.002,461.766,328.404,469.357,2903.41,-7976.99,-0.345965,-0.0542613,0.000971168,-0.0330774
36,114,49,376,0.359833,0.598333,0.2715,0.859833,312.002,461.053,328.402,469.357,3126.61,-7994.45,-0.345965,-0.054399,-0.00120825,0.0208356
36,114,49,382,0.359833,0.598333,0.2715,0.8175,312.002,453.055,328.486,469.357,5630.7,-8190.18,-0.345965,-0.0559727,-0.0256563,-0.0811643
36,114,49,909,0.359833,0.598333,0.2715,0.493,312.002,460.959,336.19,469.357,3471.53,-11665.8,-0.345965,-0.0713934,-0.00379106,0.00653683
36,114,49,925,0.359833,0.598333,0.2715,0.4665,312.002,462.14,336.195,469.357,3101.54,-11638.8,-0.345965,-0.0711304,-0.000261523,-0.0459006
36,114,581,381,0.359833,0.598333,0.221667,0.98,312.002,461.766,333.534,486.818,8469.77,-10876.3,-0.334377,-0.0542613,0.0325906,-0.0862181
36,114,581,376,0.359833,0.598333,0.221667,0.859833,312.002,461.053,333.57,486.818,8692.96,-10890.4,-0.334377,-0.054399,0.0304475,-0.0322686
36,114,581,382,0.359833,0.598333,0.221667,0.8175,312.002,453.055,334.079,486.818,11197.1,-11048.2,-0.334377,-0.0559727,0.00644044,-0.133828
36,114,581,909,0.359833,0.598333,0.221667,0.493,312.002,460.959,341.392,486.818,9037.89,-14695.6,-0.334377,-0.0713934,0.0291183,-0.0453138
36,114,581,925,0.359833,0.598333,0.221667,0.4665,312.002,462.14,341.336,486.818,8667.89,-14674.2,-0.334377,-0.0711304,0.0325905,-0.0978086
24,113,50,381,0.351667,0.7525,1,0.98,304.127,462.462,328.597,486.613,8143.88,-12368.5,-0.281537,-0.0890549,-0.0313734,-0.0990706
24,113,50,376,0.351667,0.7525,1,0.859833,304.127,461.75,328.633,486.613,8361.44,-12384.8,-0.281537,-0.0892123,-0.0335487,-0.045173
24,113,50,382,0.351667,0.7525,1,0.8175,304.127,453.762,329.144,486.613,10802.3,-12566.9,-0.281537,-0.0910102,-0.0579157,-0.147316
24,113,50,909,0.351667,0.7525,1,0.493,304.127,461.757,336.456,486.613,8697.89,-16189.9,-0.281537,-0.106181,-0.0348966,-0.0582109
24,113,50,925,0.351667,0.7525,1,0.4665,304.127,462.936,336.399,486.613,8337.24,-16164.9,-0.281537,-0.105885,-0.0313735,-0.110623
24,113,635,381,0.351667,0.7525,0.334167,0.98,304.127,462.462,323.715,486.624,8022.88,-10113.9,-0.29157,-0.0890549,-0.0546404,-0.0990705
24,113,635,376,0.351667,0.7525,0.334167,0.859833,304.127,461.75,323.751,486.624,8240.44,-10133.6,-0.29157,-0.0892123,-0.0568484,-0.0452058
24,113,635,382,0.351667,0.7525,0.334167,0.8175,304.127,453.762,324.263,486.624,10681.3,-10354.9,-0.29157,-0.0910102,-0.0815822,-0.147716
24,113,635,909,0.351667,0.7525,0.334167,0.493,304.127,461.757,331.574,486.624,8576.89,-13941.1,-0.29157,-0.106181,-0.0582155,-0.0582627
24,113,635,925,0.351667,0.7525,0.334167,0.4665,304.127,462.936,331.517,486.624,8216.24,-13910.3,-0.29157,-0.105885,-0.0546405,-0.110622
24,113,559,381,0.351667,0.7525,0.314333,0.98,304.127,462.462,324.302,486.62,8037.41,-10384.9,-0.290364,-0.0890549,-0.00139391,-0.0990704
24,113,559,376,0.351667,0.7525,0.314333,0.859833,304.127,461.75,324.338,486.62,8254.97,-10404.2,-0.290364,-0.0892123,-0.00359797,-0.0452017
24,113,559,382,0.351667,0.7525,0.314333,0.8175,304.127,453.762,324.85,486.62,10695.8,-10620.8,-0.290364,-0.0910102,-0.0282871,-0.147667
24,113,559,909,0.351667,0.7525,0.314333,0.493,304.127,461.757,332.16,486.62,8591.42,-14211.4,-0.290364,-0.106181,-0.00496266,-0.0582562
24,113,559,925,0.351667,0.7525,0.314333,0.4665,304.127,462.936,332.104,486.62,8230.77,-14181.3,-0.290364,-0.105885,-0.00139401,-0.110622
24,113,49,381,0.351667,0.7525,0.2715,0.98,304.127,462.462,328.404,469.168,2840.23,-11642.7,-0.282841,-0.0890549,0.00499007,-0.0459299
24,113,49,376,0.351667,0.7525,0.2715,0.859833,304.127,461.75,328.402,469.168,3057.79,-11658.8,-0.282841,-0.0892123,0.00281066,0.00796355
24,113,49,382,0.351667,0.7525,0.2715,0.8175,304.127,453.762,328.486,469.168,5498.67,-11839.3,-0.282841,-0.0910102,-0.0216374,-0.0942607
24,113,49,909,0.351667,0.7525,0.2715,0.493,304.127,461.757,336.19,469.168,3394.25,-15327.8,-0.282841,-0.106181,0.000227846,-0.00630917
24,113,49,925,0.351667,0.7525,0.2715,0.4665,304.127,462.936,336.195,469.168,3033.59,-15303,-0.282841,-0.105885,0.00375738,-0.0587144
24,113,581,381,0.351667,0.7525,0.221667,0.98,304.127,462.462,333.534,486.65,8266.22,-14648.4,-0.271393,-0.0890549,0.0364694,-0.0990705
24,113,581,376,0.351667,0.7525,0.221667,0.859833,304.127,461.75,333.57,486.65,8483.78,-14661.1,-0.271393,-0.0892123,0.0343263,-0.0451407
24,113,581,382,0.351667,0.7525,0.221667,0.8175,304.127,453.762,334.079,486.65,10924.7,-14803.7,-0.271393,-0.0910102,0.0103193,-0.146924
24,113,581,909,0.351667,0.7525,0.221667,0.493,304.127,461.757,341.392,486.65,8820.23,-18464,-0.271393,-0.106181,0.0329972,-0.0581598
24,113,581,925,0.351667,0.7525,0.221667,0.4665,304.127,462.936,341.336,486.65,8459.58,-18444.8,-0.271393,-0.105885,0.0364693,-0.110622
24,260,50,381,0.351667,0.712857,1,0.98,351.155,456.11,328.597,486.613,10204.2,10346.3,-0.27457,-0.0248143,-0.0313734,0.00255078
24,260,50,376,0.351667,0.712857,1,0.859833,351.155,455.394,328.633,486.613,10455.3,10330,-0.27457,-0.0248145,-0.0335487,0.0566056
24,260,50,382,0.351667,0.712857,1,0.8175,351.155,447.364,329.144,486.613,13273,10147.9,-0.27457,-0.0248145,-0.0579157,-0.0437397
24,260,50,909,0.351667,0.712857,1,0.493,351.155,454.606,336.456,486.613,10862.8,6524.85,-0.27457,-0.0419472,-0.0348966,0.0434034
24,260,50,925,0.351667,0.712857,1,0.4665,351.155,455.792,336.399,486.613,10446.5,6549.87,-0.27457,-0.0419112,-0.0313735,-0.00926772
24,260,635,381,0.351667,0.712857,0.334167,0.98,351.155,456.11,323.715,486.624,10052.6,12570.3,-0.284602,-0.0248143,-0.0546404,0.00255086
24,260,635,376,0.351667,0.712857,0.334167,0.859833,351.155,455.394,323.751,486.624,10303.7,12550.5,-0.284602,-0.0248145,-0.0568484,0.0565729
24,260,635,382,0.351667,0.712857,0.334167,0.8175,351.155,447.364,324.263,486.624,13121.3,12329.2,-0.284602,-0.0248145,-0.0815822,-0.0441392
24,260,635,909,0.351667,0.712857,0.334167,0.493,351.155,454.606,331.574,486.624,10711.2,8743.07,-0.284602,-0.0419472,-0.0582155,0.0433516
24,260,635,925,0.351667,0.712857,0.334167,0.4665,351.155,455.792,331.517,486.624,10294.9,8773.88,-0.284602,-0.0419112,-0.0546405,-0.00926764
24,260,559,381,0.351667,0.712857,0.314333,0.98,351.155,456.11,324.302,486.62,10070.8,12303,-0.283397,-0.0248143,-0.00139391,0.00255097
24,260,559,376,0.351667,0.712857,0.314333,0.859833,351.155,455.394,324.338,486.62,10321.9,12283.7,-0.283397,-0.0248145,-0.00359797,0.056577
24,260,559,382,0.351667,0.712857,0.314333,0.8175,351.155,447.364,324.85,486.62,13139.6,12067,-0.283397,-0.0248145,-0.0282871,-0.0440904
24,260,559,909,0.351667,0.712857,0.314333,0.493,351.155,454.606,332.16,486.62,10729.4,8476.47,-0.283397,-0.0419472,-0.00496266,0.043358
24,260,559,925,0.351667,0.712857,0.314333,0.4665,351.155,455.792,332.104,486.62,10313.1,8506.58,-0.283397,-0.0419112,-0.00139401,-0.00926755
24,260,49,381,0.351667,0.712857,0.2715,0.98,351.155,456.11,328.404,469.168,4082.47,10254,-0.275874,-0.0248143,0.00499007,0.0556915
24,260,49,376,0.351667,0.712857,0.2715,0.859833,351.155,455.394,328.402,469.168,4333.61,10237.9,-0.275874,-0.0248145,0.00281066,0.109742
24,260,49,382,0.351667,0.712857,0.2715,0.8175,351.155,447.364,328.486,469.168,7151.22,10057.4,-0.275874,-0.0248145,-0.0216374,0.00931586
24,260,49,909,0.351667,0.712857,0.2715,0.493,351.155,454.606,336.19,469.168,4741.06,6568.86,-0.275874,-0.0419472,0.000227846,0.0953051
24,260,49,925,0.351667,0.712857,0.2715,0.4665,351.155,455.792,336.195,469.168,4324.76,6593.71,-0.275874,-0.0419112,0.00375738,0.0426404
24,260,581,381,0.351667,0.712857,0.221667,0.98,351.155,456.11,333.534,486.65,10357.5,8097.3,-0.264426,-0.0248143,0.0364694,0.0025509
24,260,581,376,0.351667,0.712857,0.221667,0.859833,351.155,455.394,333.57,486.65,10608.6,8084.58,-0.264426,-0.0248145,0.0343263,0.0566379
24,260,581,382,0.351667,0.712857,0.221667,0.8175,351.155,447.364,334.079,486.65,13426.3,7942.02,-0.264426,-0.0248145,0.0103193,-0.0433474
24,260,581,909,0.351667,0.712857,0.221667,0.493,351.155,454.606,341.392,486.65,11016.1,4281.74,-0.264426,-0.0419472,0.0329972,0.0434544
24,260,581,925,0.351667,0.712857,0.221667,0.4665,351.155,455.792,341.336,486.65,10599.8,4300.9,-0.264426,-0.0419112,0.0364693,-0.00926761
24,257,50,381,0.351667,0.6405,1,0.98,304.153,461.663,328.597,486.613,8407.37,-12387.4,-0.278899,-0.130983,-0.0313734,-0.0992499
24,257,50,376,0.351667,0.6405,1,0.859833,304.153,460.951,328.633,486.613,8624.93,-12403.6,-0.278899,-0.131141,-0.0335487,-0.045353
24,257,50,382,0.351667,0.6405,1,0.8175,304.153,452.964,329.144,486.613,11065.8,-12585.8,-0.278899,-0.132946,-0.0579157,-0.147503
24,257,50,909,0.351667,0.6405,1,0.493,304.153,460.96,336.456,486.613,8967.64,-16208.8,-0.278899,-0.148139,-0.0348966,-0.05842
24,257,50,925,0.351667,0.6405,1,0.4665,304.153,462.139,336.399,486.613,8607,-16183.8,-0.278899,-0.147843,-0.0313735,-0.110831
24,257,635,381,0.351667,0.6405,0.334167,0.98,304.153,461.663,323.715,486.624,8282.46,-10136.7,-0.288931,-0.130983,-0.0546404,-0.0992498
24,257,635,376,0.351667,0.6405,0.334167,0.859833,304.153,460.951,323.751,486.624,8500.02,-10156.4,-0.288931,-0.131141,-0.0568484,-0.0453858
24,257,635,382,0.351667,0.6405,0.334167,0.8175,304.153,452.964,324.263,486.624,10940.9,-10377.7,-0.288931,-0.132946,-0.0815822,-0.147902
24,257,635,909,0.351667,0.6405,0.334167,0.493,304.153,460.96,331.574,486.624,8842.73,-13963.9,-0.288931,-0.148139,-0.0582155,-0.0584718
24,257,635,925,0.351667,0.6405,0.334167,0.4665,304.153,462.139,331.517,486.624,8482.08,-13933.1,-0.288931,-0.147843,-0.0546405,-0.110831
24,257,559,381,0.351667,0.6405,0.314333,0.98,304.153,461.663,324.302,486.62,8297.46,-10407.2,-0.287725,-0.130983,-0.00139391,-0.0992497
24,257,559,376,0.351667,0.6405,0.314333,0.859833,304.153,460.951,324.338,486.62,8515.02,-10426.5,-0.287725,-0.131141,-0.00359797,-0.0453817
24,257,559,382,0.351667,0.6405,0.314333,0.8175,304.153,452.964,324.85,486.62,10955.9,-10643.1,-0.287725,-0.132946,-0.0282871,-0.147853
24,257,559,909,0.351667,0.6405,0.314333,0.493,304.153,460.96,332.16,486.62,8857.73,-14233.7,-0.287725,-0.148139,-0.00496266,-0.0584653
24,257,559,925,0.351667,0.6405,0.314333,0.4665,304.153,462.139,332.104,486.62,8497.08,-14203.6,-0.287725,-0.147843,-0.00139401,-0.110831
24,257,49,381,0.351667,0.6405,0.2715,0.98,304.153,461.663,328.404,469.168,3103.91,-11661.3,-0.280202,-0.130983,0.00499007,-0.0461092
24,257,49,376,0.351667,0.6405,0.2715,0.859833,304.153,460.951,328.402,469.168,3321.47,-11677.5,-0.280202,-0.131141,0.00281066,0.00778354
24,257,49,382,0.351667,0.6405,0.2715,0.8175,304.153,452.964,328.486,469.168,5762.34,-11858,-0.280202,-0.132946,-0.0216374,-0.0944471
24,257,49,909,0.351667,0.6405,0.2715,0.493,304.153,460.96,336.19,469.168,3664.18,-15346.5,-0.280202,-0.148139,0.000227846,-0.00651826
24,257,49,925,0.351667,0.6405,0.2715,0.4665,304.153,462.139,336.195,469.168,3303.53,-15321.7,-0.280202,-0.147843,0.00375738,-0.0589226
24,257,581,381,0.351667,0.6405,0.221667,0.98,304.153,461.663,333.534,486.65,8533.67,-14663.3,-0.268754,-0.130983,0.0364694,-0.0992498
24,257,581,376,0.351667,0.6405,0.221667,0.859833,304.153,460.951,333.57,486.65,8751.23,-14676,-0.268754,-0.131141,0.0343263,-0.0453207
24,257,581,382,0.351667,0.6405,0.221667,0.8175,304.153,452.964,334.079,486.65,11192.1,-14818.6,-0.268754,-0.132946,0.0103193,-0.14711
24,257,581,909,0.351667,0.6405,0.221667,0.493,304.153,460.96,341.392,486.65,9093.94,-18478.9,-0.268754,-0.148139,0.0329972,-0.0583689
24,257,581,925,0.351667,0.6405,0.221667,0.4665,304.153,462.139,341.336,486.65,8733.29,-18459.7,-0.268754,-0.147843,0.0364693,-0.110831
24,259,50,381,0.351667,0.6005,1,0.98,336.114,457.368,328.597,486.613,9629.24,3071.73,-0.275823,-0.0487625,-0.0313734,-0.0302795
24,259,50,376,0.351667,0.6005,1,0.859833,336.114,456.653,328.633,486.613,9869.63,3055.48,-0.275823,-0.0488141,-0.0335487,0.0237238
24,259,50,382,0.351667,0.6005,1,0.8175,336.114,448.627,329.144,486.613,12566.7,2873.32,-0.275823,-0.0494025,-0.0579157,-0.0772099
24,259,50,909,0.351667,0.6005,1,0.493,336.114,456.122,336.456,486.613,10256.4,-749.684,-0.275823,-0.0659423,-0.0348966,0.0105262
24,259,50,925,0.351667,0.6005,1,0.4665,336.114,457.307,336.399,486.613,9857.87,-724.666,-0.275823,-0.0658212,-0.0313735,-0.0420598
24,259,635,381,0.351667,0.6005,0.334167,0.98,336.114,457.368,323.715,486.624,9486.17,5304.28,-0.285856,-0.0487625,-0.0546404,-0.0302794
24,259,635,376,0.351667,0.6005,0.334167,0.859833,336.114,456.653,323.751,486.624,9726.56,5284.54,-0.285856,-0.0488141,-0.0568484,0.0236911
24,259,635,382,0.351667,0.6005,0.334167,0.8175,336.114,448.627,324.263,486.624,12423.6,5063.23,-0.285856,-0.0494025,-0.0815822,-0.0776093
24,259,635,909,0.351667,0.6005,0.334167,0.493,336.114,456.122,331.574,486.624,10113.3,1477.08,-0.285856,-0.0659423,-0.0582155,0.0104744
24,259,635,925,0.351667,0.6005,0.334167,0.4665,336.114,457.307,331.517,486.624,9714.8,1507.89,-0.285856,-0.0658212,-0.0546405,-0.0420597
24,259,559,381,0.351667,0.6005,0.314333,0.98,336.114,457.368,324.302,486.62,9503.35,5035.96,-0.28465,-0.0487625,-0.00139391,-0.0302793
24,259,559,376,0.351667,0.6005,0.314333,0.859833,336.114,456.653,324.338,486.62,9743.74,5016.63,-0.28465,-0.0488141,-0.00359797,0.0236952
24,259,559,382,0.351667,0.6005,0.314333,0.8175,336.114,448.627,324.85,486.62,12440.8,4800.03,-0.28465,-0.0494025,-0.0282871,-0.0775606
24,259,559,909,0.351667,0.6005,0.314333,0.493,336.114,456.122,332.16,486.62,10130.5,1209.45,-0.28465,-0.0659423,-0.00496266,0.0104808
24,259,559,925,0.351667,0.6005,0.314333,0.4665,336.114,457.307,332.104,486.62,9731.98,1239.56,-0.28465,-0.0658212,-0.00139401,-0.0420596
24,259,49,381,0.351667,0.6005,0.2715,0.98,336.114,457.368,328.404,469.168,3769.34,3241.32,-0.277127,-0.0487625,0.00499007,0.0228613
24,259,49,376,0.351667,0.6005,0.2715,0.859833,336.114,456.653,328.402,469.168,4009.74,3225.21,-0.277127,-0.0488141,0.00281066,0.0768604
24,259,49,382,0.351667,0.6005,0.2715,0.8175,336.114,448.627,328.486,469.168,6706.79,3044.68,-0.277127,-0.0494025,-0.0216374,-0.0241543
24,259,49,909,0.351667,0.6005,0.2715,0.493,336.114,456.122,336.19,469.168,4396.47,-443.833,-0.277127,-0.0659423,0.000227846,0.0624279
24,259,49,925,0.351667,0.6005,0.2715,0.4665,336.114,457.307,336.195,469.168,3997.98,-418.987,-0.277127,-0.0658212,0.00375738,0.00984833
24,259,581,381,0.351667,0.6005,0.221667,0.98,336.114,457.368,333.534,486.65,9773.89,814.129,-0.265679,-0.0487625,0.0364694,-0.0302793
24,259,581,376,0.351667,0.6005,0.221667,0.859833,336.114,456.653,333.57,486.65,10014.3,801.407,-0.265679,-0.0488141,0.0343263,0.0237562
24,259,581,382,0.351667,0.6005,0.221667,0.8175,336.114,448.627,334.079,486.65,12711.3,658.846,-0.265679,-0.0494025,0.0103193,-0.0768176
24,259,581,909,0.351667,0.6005,0.221667,0.493,336.114,456.122,341.392,486.65,10401,-3001.43,-0.265679,-0.0659423,0.0329972,0.0105772
24,259,581,925,0.351667,0.6005,0.221667,0.4665,336.114,457.307,341.336,486.65,10002.5,-2982.27,-0.265679,-0.0658212,0.0364693,-0.0420597
24,114,50,381,0.351667,0.598333,1,0.98,310.107,461.766,328.597,486.613,8282.75,-9465.31,-0.281746,-0.0543694,-0.0313734,-0.0862182
24,114,50,376,0.351667,0.598333,1,0.859833,310.107,461.053,328.633,486.613,8504.59,-9481.56,-0.281746,-0.0545071,-0.0335487,-0.0323009
24,114,50,382,0.351667,0.598333,1,0.8175,310.107,453.055,329.144,486.613,10993.5,-9663.71,-0.281746,-0.0560808,-0.0579157,-0.13422
24,114,50,909,0.351667,0.598333,1,0.493,310.107,460.959,336.456,486.613,8847.16,-13286.7,-0.281746,-0.0715015,-0.0348966,-0.0453649
24,114,50,925,0.351667,0.598333,1,0.4665,310.107,462.14,336.399,486.613,8479.42,-13261.7,-0.281746,-0.0712385,-0.0313735,-0.0978087
24,114,635,381,0.351667,0.598333,0.334167,0.98,310.107,461.766,323.715,486.624,8159.69,-7212.75,-0.291779,-0.0543694,-0.0546404,-0.0862181
24,114,635,376,0.351667,0.598333,0.334167,0.859833,310.107,461.053,323.751,486.624,8381.53,-7232.49,-0.291779,-0.0545071,-0.0568484,-0.0323337
24,114,635,382,0.351667,0.598333,0.334167,0.8175,310.107,453.055,324.263,486.624,10870.4,-7453.8,-0.291779,-0.0560808,-0.0815822,-0.134619
24,114,635,909,0.351667,0.598333,0.334167,0.493,310.107,460.959,331.574,486.624,8724.1,-11039.9,-0.291779,-0.0715015,-0.0582155,-0.0454167
24,114,635,925,0.351667,0.598333,0.334167,0.4665,310.107,462.14,331.517,486.624,8356.35,-11009.1,-0.291779,-0.0712385,-0.0546405,-0.0978087
24,114,559,381,0.351667,0.598333,0.314333,0.98,310.107,461.766,324.302,486.62,8174.47,-7483.48,-0.290573,-0.0543694,-0.00139391,-0.086218
24,114,559,376,0.351667,0.598333,0.314333,0.859833,310.107,461.053,324.338,486.62,8396.31,-7502.8,-0.290573,-0.0545071,-0.00359797,-0.0323296
24,114,559,382,0.351667,0.598333,0.314333,0.8175,310.107,453.055,324.85,486.62,10885.2,-7719.4,-0.290573,-0.0560808,-0.0282871,-0.134571
24,114,559,909,0.351667,0.598333,0.314333,0.493,310.107,460.959,332.16,486.62,8738.88,-11310,-0.290573,-0.0715015,-0.00496266,-0.0454103
24,114,559,925,0.351667,0.598333,0.314333,0.4665,310.107,462.14,332.104,486.62,8371.13,-11279.9,-0.290573,-0.0712385,-0.00139401,-0.0978086
24,114,49,381,0.351667,0.598333,0.2715,0.98,310.107,461.766,328.404,469.168,2874.78,-8843.8,-0.28305,-0.0543694,0.00499007,-0.0330774
24,114,49,376,0.351667,0.598333,0.2715,0.859833,310.107,461.053,328.402,469.168,3096.61,-8859.9,-0.28305,-0.0545071,0.00281066,0.0208356
24,114,49,382,0.351667,0.598333,0.2715,0.8175,310.107,453.055,328.486,469.168,5585.5,-9040.44,-0.28305,-0.0560808,-0.0216374,-0.0811643
24,114,49,909,0.351667,0.598333,0.2715,0.493,310.107,460.959,336.19,469.168,3439.18,-12529,-0.28305,-0.0715015,0.000227846,0.00653683
24,114,49,925,0.351667,0.598333,0.2715,0.4665,310.107,462.14,336.195,469.168,3071.44,-12504.1,-0.28305,-0.0712385,0.00375738,-0.0459006
24,114,581,381,0.351667,0.598333,0.221667,0.98,310.107,461.766,333.534,486.65,8407.18,-11743.1,-0.271602,-0.0543694,0.0364694,-0.0862181
24,114,581,376,0.351667,0.598333,0.221667,0.859833,310.107,461.053,333.57,486.65,8629.02,-11755.9,-0.271602,-0.0545071,0.0343263,-0.0322686
24,114,581,382,0.351667,0.598333,0.221667,0.8175,310.107,453.055,334.079,486.65,11117.9,-11898.4,-0.271602,-0.0560808,0.0103193,-0.133828
24,114,581,909,0.351667,0.598333,0.221667,0.493,310.107,460.959,341.392,486.65,8971.59,-15558.7,-0.271602,-0.0715015,0.0329972,-0.0453138
24,114,581,925,0.351667,0.598333,0.221667,0.4665,310.107,462.14,341.336,486.65,8603.84,-15539.5,-0.271602,-0.0712385,0.0364693,-0.0978086
39,113,50,381,0.324167,0.7525,1,0.98,348.652,462.462,328.597,492.904,9592.61,7989.23,-0.487403,-0.0868088,-0.121418,-0.0990706
39,113,50,376,0.324167,0.7525,1,0.859833,348.652,461.75,328.633,492.904,9842,7941.15,-0.487403,-0.0869661,-0.123593,-0.045173
39,113,50,382,0.324167,0.7525,1,0.8175,348.652,453.762,329.144,492.904,12640,7401.85,-0.487403,-0.0887641,-0.14796,-0.147316
39,113,50,909,0.324167,0.7525,1,0.493,348.652,461.757,336.456,492.904,10233.8,4080.66,-0.487403,-0.103934,-0.124941,-0.0582109
39,113,50,925,0.324167,0.7525,1,0.4665,348.652,462.936,336.399,492.904,9820.37,4158.44,-0.487403,-0.103639,-0.121418,-0.110623
39,113,635,381,0.324167,0.7525,0.334167,0.98,348.652,462.462,323.715,493.354,9450.08,10243.9,-0.49726,-0.0868088,-0.14451,-0.0990705
39,113,635,376,0.324167,0.7525,0.334167,0.859833,348.652,461.75,323.751,493.354,9699.48,10192.3,-0.49726,-0.0869661,-0.146718,-0.0452058
39,113,635,382,0.324167,0.7525,0.334167,0.8175,348.652,453.762,324.263,493.354,12497.5,9613.83,-0.49726,-0.0887641,-0.171452,-0.147716
39,113,635,909,0.324167,0.7525,0.334167,0.493,348.652,461.757,331.574,493.354,10091.3,6329.49,-0.49726,-0.103934,-0.148085,-0.0582627
39,113,635,925,0.324167,0.7525,0.334167,0.4665,348.652,462.936,331.517,493.354,9677.85,6413.06,-0.49726,-0.103639,-0.14451,-0.110622
39,113,559,381,0.324167,0.7525,0.314333,0.98,348.652,462.462,324.302,493.297,9467.2,9972.88,-0.496076,-0.0868088,-0.0912856,-0.0990704
39,113,559,376,0.324167,0.7525,0.314333,0.859833,348.652,461.75,324.338,493.297,9716.59,9921.72,-0.496076,-0.0869661,-0.0934896,-0.0452017
39,113,559,382,0.324167,0.7525,0.314333,0.8175,348.652,453.762,324.85,493.297,12514.6,9347.98,-0.496076,-0.0887641,-0.118179,-0.147667
39,113,559,909,0.324167,0.7525,0.314333,0.493,348.652,461.757,332.16,493.297,10108.4,6059.21,-0.496076,-0.103934,-0.0948543,-0.0582562
39,113,559,925,0.324167,0.7525,0.314333,0.4665,348.652,462.936,332.104,493.297,9694.96,6142.08,-0.496076,-0.103639,-0.0912857,-0.110622
39,113,49,381,0.324167,0.7525,0.2715,0.98,348.652,462.462,328.404,475.589,3513.11,8715.07,-0.491982,-0.0868088,-0.0883302,-0.0459299
39,113,49,376,0.324167,0.7525,0.2715,0.859833,348.652,461.75,328.402,475.589,3762.5,8667.13,-0.491982,-0.0869661,-0.0905096,0.00796355
39,113,49,382,0.324167,0.7525,0.2715,0.8175,348.652,453.762,328.486,475.589,6560.52,8129.46,-0.491982,-0.0887641,-0.114958,-0.0942607
39,113,49,909,0.324167,0.7525,0.2715,0.493,348.652,461.757,336.19,475.589,4154.29,4942.75,-0.491982,-0.103934,-0.0930924,-0.00630917
39,113,49,925,0.324167,0.7525,0.2715,0.4665,348.652,462.936,336.195,475.589,3740.87,5020.37,-0.491982,-0.103639,-0.0895629,-0.0587144
39,113,581,381,0.324167,0.7525,0.221667,0.98,348.652,462.462,333.534,492.497,9736.71,5709.32,-0.477417,-0.0868088,-0.0537335,-0.0990705
39,113,581,376,0.324167,0.7525,0.221667,0.859833,348.652,461.75,333.57,492.497,9986.1,5664.76,-0.477417,-0.0869661,-0.0558766,-0.0451407
39,113,581,382,0.324167,0.7525,0.221667,0.8175,348.652,453.762,334.079,492.497,12784.1,5165.06,-0.477417,-0.0887641,-0.0798837,-0.146924
39,113,581,909,0.324167,0.7525,0.221667,0.493,348.652,461.757,341.392,492.497,10377.9,1806.59,-0.477417,-0.103934,-0.0572058,-0.0581598
39,113,581,925,0.324167,0.7525,0.221667,0.4665,348.652,462.936,341.336,492.497,9964.48,1878.53,-0.477417,-0.103639,-0.0537336,-0.110622
39,260,50,381,0.324167,0.712857,1,0.98,395.683,456.11,328.597,492.904,11652.9,30631.9,-0.481486,-0.0236192,-0.121418,0.00255078
39,260,50,376,0.324167,0.712857,1,0.859833,395.683,455.394,328.633,492.904,11935.9,30583.8,-0.481486,-0.0236193,-0.123593,0.0566056
39,260,50,382,0.324167,0.712857,1,0.8175,395.683,447.364,329.144,492.904,15110.7,30044.5,-0.481486,-0.0236193,-0.14796,-0.0437397
39,260,50,909,0.324167,0.712857,1,0.493,395.683,454.606,336.456,492.904,12398.7,26723.3,-0.481486,-0.0407521,-0.124941,0.0434034
39,260,50,925,0.324167,0.712857,1,0.4665,395.683,455.792,336.399,492.904,11929.6,26801.1,-0.481486,-0.0407161,-0.121418,-0.00926772
39,260,635,381,0.324167,0.712857,0.334167,0.98,395.683,456.11,323.715,493.354,11479.8,32855.9,-0.491344,-0.0236192,-0.14451,0.00255086
39,260,635,376,0.324167,0.712857,0.334167,0.859833,395.683,455.394,323.751,493.354,11762.8,32804.3,-0.491344,-0.0236193,-0.146718,0.0565729
39,260,635,382,0.324167,0.712857,0.334167,0.8175,395.683,447.364,324.263,493.354,14937.5,32225.9,-0.491344,-0.0236193,-0.171452,-0.0441392
39,260,635,909,0.324167,0.712857,0.334167,0.493,395.683,454.606,331.574,493.354,12225.6,28941.5,-0.491344,-0.0407521,-0.148085,0.0433516
39,260,635,925,0.324167,0.712857,0.334167,0.4665,395.683,455.792,331.517,493.354,11756.5,29025.1,-0.491344,-0.0407161,-0.14451,-0.00926764
39,260,559,381,0.324167,0.712857,0.314333,0.98,395.683,456.11,324.302,493.297,11500.6,32588.6,-0.49016,-0.0236192,-0.0912856,0.00255097
39,260,559,376,0.324167,0.712857,0.314333,0.859833,395.683,455.394,324.338,493.297,11783.6,32537.4,-0.49016,-0.0236193,-0.0934896,0.056577
39,260,559,382,0.324167,0.712857,0.314333,0.8175,395.683,447.364,324.85,493.297,14958.3,31963.7,-0.49016,-0.0236193,-0.118179,-0.0440904
39,260,559,909,0.324167,0.712857,0.314333,0.493,395.683,454.606,332.16,493.297,12246.4,28674.9,-0.49016,-0.0407521,-0.0948543,0.043358
39,260,559,925,0.324167,0.712857,0.314333,0.4665,395.683,455.792,332.104,493.297,11777.3,28757.8,-0.49016,-0.0407161,-0.0912857,-0.00926755
39,260,49,381,0.324167,0.712857,0.2715,0.98,395.683,456.11,328.404,475.589,4755.35,30539.6,-0.486066,-0.0236192,-0.0883302,0.0556915
39,260,49,376,0.324167,0.712857,0.2715,0.859833,395.683,455.394,328.402,475.589,5038.33,30491.7,-0.486066,-0.0236193,-0.0905096,0.109742
39,260,49,382,0.324167,0.712857,0.2715,0.8175,395.683,447.364,328.486,475.589,8213.08,29954,-0.486066,-0.0236193,-0.114958,0.00931586
39,260,49,909,0.324167,0.712857,0.2715,0.493,395.683,454.606,336.19,475.589,5501.11,26767.3,-0.486066,-0.0407521,-0.0930924,0.0953051
39,260,49,925,0.324167,0.712857,0.2715,0.4665,395.683,455.792,336.195,475.589,5032.04,26844.9,-0.486066,-0.0407161,-0.0895629,0.0426404
39,260,581,381,0.324167,0.712857,0.221667,0.98,395.683,456.11,333.534,492.497,11828,28382.9,-0.471501,-0.0236192,-0.0537335,0.0025509
39,260,581,376,0.324167,0.712857,0.221667,0.859833,395.683,455.394,333.57,492.497,12111,28338.4,-0.471501,-0.0236193,-0.0558766,0.0566379
39,260,581,382,0.324167,0.712857,0.221667,0.8175,395.683,447.364,334.079,492.497,15285.7,27838.7,-0.471501,-0.0236193,-0.0798837,-0.0433474
39,260,581,909,0.324167,0.712857,0.221667,0.493,395.683,454.606,341.392,492.497,12573.7,24480.2,-0.471501,-0.0407521,-0.0572058,0.0434544
39,260,581,925,0.324167,0.712857,0.221667,0.4665,395.683,455.792,341.336,492.497,12104.7,24552.1,-0.471501,-0.0407161,-0.0537336,-0.00926761
39,257,50,381,0.324167,0.6405,1,0.98,348.679,461.663,328.597,492.904,9856.11,7934.65,-0.485101,-0.129074,-0.121418,-0.0992499
39,257,50,376,0.324167,0.6405,1,0.859833,348.679,460.951,328.633,492.904,10105.5,7886.57,-0.485101,-0.129232,-0.123593,-0.045353
39,257,50,382,0.324167,0.6405,1,0.8175,348.679,452.964,329.144,492.904,12903.5,7347.27,-0.485101,-0.131037,-0.14796,-0.147503
39,257,50,909,0.324167,0.6405,1,0.493,348.679,460.96,336.456,492.904,10503.5,4026.07,-0.485101,-0.14623,-0.124941,-0.05842
39,257,50,925,0.324167,0.6405,1,0.4665,348.679,462.139,336.399,492.904,10090.1,4103.86,-0.485101,-0.145934,-0.121418,-0.110831
39,257,635,381,0.324167,0.6405,0.334167,0.98,348.679,461.663,323.715,493.354,9709.67,10185.4,-0.494959,-0.129074,-0.14451,-0.0992498
39,257,635,376,0.324167,0.6405,0.334167,0.859833,348.679,460.951,323.751,493.354,9959.06,10133.8,-0.494959,-0.129232,-0.146718,-0.0453858
39,257,635,382,0.324167,0.6405,0.334167,0.8175,348.679,452.964,324.263,493.354,12757.1,9555.33,-0.494959,-0.131037,-0.171452,-0.147902
39,257,635,909,0.324167,0.6405,0.334167,0.493,348.679,460.96,331.574,493.354,10357.1,6270.99,-0.494959,-0.14623,-0.148085,-0.0584718
39,257,635,925,0.324167,0.6405,0.334167,0.4665,348.679,462.139,331.517,493.354,9943.68,6354.56,-0.494959,-0.145934,-0.14451,-0.110831
39,257,559,381,0.324167,0.6405,0.314333,0.98,348.679,461.663,324.302,493.297,9727.25,9914.85,-0.493775,-0.129074,-0.0912856,-0.0992497
39,257,559,376,0.324167,0.6405,0.314333,0.859833,348.679,460.951,324.338,493.297,9976.64,9863.7,-0.493775,-0.129232,-0.0934896,-0.0453817
39,257,559,382,0.324167,0.6405,0.314333,0.8175,348.679,452.964,324.85,493.297,12774.7,9289.95,-0.493775,-0.131037,-0.118179,-0.147853
39,257,559,909,0.324167,0.6405,0.314333,0.493,348.679,460.96,332.16,493.297,10374.7,6001.18,-0.493775,-0.14623,-0.0948543,-0.0584653
39,257,559,925,0.324167,0.6405,0.314333,0.4665,348.679,462.139,332.104,493.297,9961.27,6084.06,-0.493775,-0.145934,-0.0912857,-0.110831
39,257,49,381,0.324167,0.6405,0.2715,0.98,348.679,461.663,328.404,475.589,3776.79,8660.67,-0.48968,-0.129074,-0.0883302,-0.0461092
39,257,49,376,0.324167,0.6405,0.2715,0.859833,348.679,460.951,328.402,475.589,4026.18,8612.74,-0.48968,-0.129232,-0.0905096,0.00778354
39,257,49,382,0.324167,0.6405,0.2715,0.8175,348.679,452.964,328.486,475.589,6824.19,8075.06,-0.48968,-0.131037,-0.114958,-0.0944471
39,257,49,909,0.324167,0.6405,0.2715,0.493,348.679,460.96,336.19,475.589,4424.22,4888.36,-0.48968,-0.14623,-0.0930924,-0.00651826
39,257,49,925,0.324167,0.6405,0.2715,0.4665,348.679,462.139,336.195,475.589,4010.81,4965.97,-0.48968,-0.145934,-0.0895629,-0.0589226
39,257,581,381,0.324167,0.6405,0.221667,0.98,348.679,461.663,333.534,492.497,10004.2,5658.69,-0.475115,-0.129074,-0.0537335,-0.0992498
39,257,581,376,0.324167,0.6405,0.221667,0.859833,348.679,460.951,333.57,492.497,10253.6,5614.14,-0.475115,-0.129232,-0.0558766,-0.0453207
39,257,581,382,0.324167,0.6405,0.221667,0.8175,348.679,452.964,334.079,492.497,13051.6,5114.44,-0.475115,-0.131037,-0.0798837,-0.14711
39,257,581,909,0.324167,0.6405,0.221667,0.493,348.679,460.96,341.392,492.497,10651.6,1755.97,-0.475115,-0.14623,-0.0572058,-0.0583689
39,257,581,925,0.324167,0.6405,0.221667,0.4665,348.679,462.139,341.336,492.497,10238.2,1827.9,-0.475115,-0.145934,-0.0537336,-0.110831
39,259,50,381,0.324167,0.6005,1,0.98,380.642,457.368,328.597,492.904,11078,23369,-0.482546,-0.0473735,-0.121418,-0.0302795
39,259,50,376,0.324167,0.6005,1,0.859833,380.642,456.653,328.633,492.904,11350.2,23320.9,-0.482546,-0.0474251,-0.123593,0.0237238
39,259,50,382,0.324167,0.6005,1,0.8175,380.642,448.627,329.144,492.904,14404.4,22781.6,-0.482546,-0.0480135,-0.14796,-0.0772099
39,259,50,909,0.324167,0.6005,1,0.493,380.642,456.122,336.456,492.904,11792.3,19460.4,-0.482546,-0.0645533,-0.124941,0.0105262
39,259,50,925,0.324167,0.6005,1,0.4665,380.642,457.307,336.399,492.904,11341,19538.2,-0.482546,-0.0644322,-0.121418,-0.0420598
39,259,635,381,0.324167,0.6005,0.334167,0.98,380.642,457.368,323.715,493.354,10913.4,25601.6,-0.492404,-0.0473735,-0.14451,-0.0302794
39,259,635,376,0.324167,0.6005,0.334167,0.859833,380.642,456.653,323.751,493.354,11185.6,25550,-0.492404,-0.0474251,-0.146718,0.0236911
39,259,635,382,0.324167,0.6005,0.334167,0.8175,380.642,448.627,324.263,493.354,14239.8,24971.5,-0.492404,-0.0480135,-0.171452,-0.0776093
39,259,635,909,0.324167,0.6005,0.334167,0.493,380.642,456.122,331.574,493.354,11627.7,21687.2,-0.492404,-0.0645533,-0.148085,0.0104744
39,259,635,925,0.324167,0.6005,0.334167,0.4665,380.642,457.307,331.517,493.354,11176.4,21770.8,-0.492404,-0.0644322,-0.14451,-0.0420597
39,259,559,381,0.324167,0.6005,0.314333,0.98,380.642,457.368,324.302,493.297,10933.1,25333.2,-0.49122,-0.0473735,-0.0912856,-0.0302793
39,259,559,376,0.324167,0.6005,0.314333,0.859833,380.642,456.653,324.338,493.297,11205.4,25282.1,-0.49122,-0.0474251,-0.0934896,0.0236952
39,259,559,382,0.324167,0.6005,0.314333,0.8175,380.642,448.627,324.85,493.297,14259.6,24708.3,-0.49122,-0.0480135,-0.118179,-0.0775606
39,259,559,909,0.324167,0.6005,0.314333,0.493,380.642,456.122,332.16,493.297,11647.4,21419.6,-0.49122,-0.0645533,-0.0948543,0.0104808
39,259,559,925,0.324167,0.6005,0.314333,0.4665,380.642,457.307,332.104,493.297,11196.2,21502.4,-0.49122,-0.0644322,-0.0912857,-0.0420596
39,259,49,381,0.324167,0.6005,0.2715,0.98,380.642,457.368,328.404,475.589,4442.23,23538.6,-0.487125,-0.0473735,-0.0883302,0.0228613
39,259,49,376,0.324167,0.6005,0.2715,0.859833,380.642,456.653,328.402,475.589,4714.45,23490.7,-0.487125,-0.0474251,-0.0905096,0.0768604
39,259,49,382,0.324167,0.6005,0.2715,0.8175,380.642,448.627,328.486,475.589,7768.65,22953,-0.487125,-0.0480135,-0.114958,-0.0241543
39,259,49,909,0.324167,0.6005,0.2715,0.493,380.642,456.122,336.19,475.589,5156.52,19766.3,-0.487125,-0.0645533,-0.0930924,0.0624279
39,259,49,925,0.324167,0.6005,0.2715,0.4665,380.642,457.307,336.195,475.589,4705.26,19843.9,-0.487125,-0.0644322,-0.0895629,0.00984833
39,259,581,381,0.324167,0.6005,0.221667,0.98,380.642,457.368,333.534,492.497,11244.4,21111.4,-0.47256,-0.0473735,-0.0537335,-0.0302793
39,259,581,376,0.324167,0.6005,0.221667,0.859833,380.642,456.653,333.57,492.497,11516.6,21066.8,-0.47256,-0.0474251,-0.0558766,0.0237562
39,259,581,382,0.324167,0.6005,0.221667,0.8175,380.642,448.627,334.079,492.497,14570.8,20567.1,-0.47256,-0.0480135,-0.0798837,-0.0768176
39,259,581,909,0.324167,0.6005,0.221667,0.493,380.642,456.122,341.392,492.497,11958.7,17208.7,-0.47256,-0.0645533,-0.0572058,0.0105772
39,259,581,925,0.324167,0.6005,0.221667,0.4665,380.642,457.307,341.336,492.497,11507.4,17280.6,-0.47256,-0.0644322,-0.0537336,-0.0420597
39,114,50,381,0.324167,0.598333,1,0.98,354.631,461.766,328.597,492.904,9731.49,10900,-0.487624,-0.0521349,-0.121418,-0.0862182
39,114,50,376,0.324167,0.598333,1,0.859833,354.631,461.053,328.633,492.904,9985.16,10851.9,-0.487624,-0.0522726,-0.123593,-0.0323009
39,114,50,382,0.324167,0.598333,1,0.8175,354.631,453.055,329.144,492.904,12831.2,10312.6,-0.487624,-0.0538463,-0.14796,-0.13422
39,114,50,909,0.324167,0.598333,1,0.493,354.631,460.959,336.456,492.904,10383.1,6991.42,-0.487624,-0.0692669,-0.124941,-0.0453649
39,114,50,925,0.324167,0.598333,1,0.4665,354.631,462.14,336.399,492.904,9962.55,7069.21,-0.487624,-0.069004,-0.121418,-0.0978087
39,114,635,381,0.324167,0.598333,0.334167,0.98,354.631,461.766,323.715,493.354,9586.9,13152.6,-0.497481,-0.0521349,-0.14451,-0.0862181
39,114,635,376,0.324167,0.598333,0.334167,0.859833,354.631,461.053,323.751,493.354,9840.57,13101,-0.497481,-0.0522726,-0.146718,-0.0323337
39,114,635,382,0.324167,0.598333,0.334167,0.8175,354.631,453.055,324.263,493.354,12686.6,12522.5,-0.497481,-0.0538463,-0.171452,-0.134619
39,114,635,909,0.324167,0.598333,0.334167,0.493,354.631,460.959,331.574,493.354,10238.5,9238.19,-0.497481,-0.0692669,-0.148085,-0.0454167
39,114,635,925,0.324167,0.598333,0.334167,0.4665,354.631,462.14,331.517,493.354,9817.96,9321.76,-0.497481,-0.069004,-0.14451,-0.0978087
39,114,559,381,0.324167,0.598333,0.314333,0.98,354.631,461.766,324.302,493.297,9604.26,12881.8,-0.496297,-0.0521349,-0.0912856,-0.086218
39,114,559,376,0.324167,0.598333,0.314333,0.859833,354.631,461.053,324.338,493.297,9857.93,12830.7,-0.496297,-0.0522726,-0.0934896,-0.0323296
39,114,559,382,0.324167,0.598333,0.314333,0.8175,354.631,453.055,324.85,493.297,12704,12256.9,-0.496297,-0.0538463,-0.118179,-0.134571
39,114,559,909,0.324167,0.598333,0.314333,0.493,354.631,460.959,332.16,493.297,10255.8,8968.16,-0.496297,-0.0692669,-0.0948543,-0.0454103
39,114,559,925,0.324167,0.598333,0.314333,0.4665,354.631,462.14,332.104,493.297,9835.32,9051.04,-0.496297,-0.069004,-0.0912857,-0.0978086
39,114,49,381,0.324167,0.598333,0.2715,0.98,354.631,461.766,328.404,475.589,3547.66,11521.5,-0.492203,-0.0521349,-0.0883302,-0.0330774
39,114,49,376,0.324167,0.598333,0.2715,0.859833,354.631,461.053,328.402,475.589,3801.33,11473.6,-0.492203,-0.0522726,-0.0905096,0.0208356
39,114,49,382,0.324167,0.598333,0.2715,0.8175,354.631,453.055,328.486,475.589,6647.36,10935.9,-0.492203,-0.0538463,-0.114958,-0.0811643
39,114,49,909,0.324167,0.598333,0.2715,0.493,354.631,460.959,336.19,475.589,4199.23,7749.19,-0.492203,-0.0692669,-0.0930924,0.00653683
39,114,49,925,0.324167,0.598333,0.2715,0.4665,354.631,462.14,336.195,475.589,3778.72,7826.8,-0.492203,-0.069004,-0.0895629,-0.0459006
39,114,581,381,0.324167,0.598333,0.221667,0.98,354.631,461.766,333.534,492.497,9877.67,8622.17,-0.477638,-0.0521349,-0.0537335,-0.0862181
39,114,581,376,0.324167,0.598333,0.221667,0.859833,354.631,461.053,333.57,492.497,10131.3,8577.62,-0.477638,-0.0522726,-0.0558766,-0.0322686
39,114,581,382,0.324167,0.598333,0.221667,0.8175,354.631,453.055,334.079,492.497,12977.4,8077.92,-0.477638,-0.0538463,-0.0798837,-0.133828
39,114,581,909,0.324167,0.598333,0.221667,0.493,354.631,460.959,341.392,492.497,10529.2,4719.45,-0.477638,-0.0692669,-0.0572058,-0.0453138
39,114,581,925,0.324167,0.598333,0.221667,0.4665,354.631,462.14,341.336,492.497,10108.7,4791.38,-0.477638,-0.069004,-0.0537336,-0.0978086
