174,13,226,110,0.878333,0.916667,0.859,0.988333,483.072,423.883,495.362,261.656,-78160.6,-3030.69,-0.0737742,-0.0406079,0.052998,0.0581265
174,13,226,57,0.878333,0.916667,0.859,0.984167,483.072,403.704,486.251,261.656,-68116.3,-1415.24,-0.0737742,-0.0266775,0.014478,0.0511276
174,13,226,59,0.878333,0.916667,0.859,0.9075,483.072,392.17,484.724,261.656,-62606.6,-1374.81,-0.0737742,-0.0266775,-0.00907179,0.0433049
174,13,226,105,0.878333,0.916667,0.859,0.863333,483.072,404.3,492.088,261.656,-68800,-2939.22,-0.0737742,-0.0410669,0.0138894,0.0381632
174,13,226,62,0.878333,0.916667,0.859,0.856667,483.072,423.161,489.433,261.656,-77410,-1483.44,-0.0737742,-0.0266774,0.0538261,0.0708716
174,13,261,110,0.878333,0.916667,0.788167,0.988333,483.072,423.883,483.609,297.047,-60777.3,-447.565,-0.0975482,-0.0406079,0.146685,-0.0114221
174,13,261,57,0.878333,0.916667,0.788167,0.984167,483.072,403.704,475.854,297.047,-50733,1244.24,-0.0975482,-0.0266775,0.106034,-0.0205522
174,13,261,59,0.878333,0.916667,0.788167,0.9075,483.072,392.17,475.154,297.047,-45223.3,1208.69,-0.0975482,-0.0266775,0.0818206,-0.0290382
174,13,261,105,0.878333,0.916667,0.788167,0.863333,483.072,404.3,481.697,297.047,-51416.7,-482.015,-0.0975482,-0.0410669,0.106302,-0.03266
174,13,261,62,0.878333,0.916667,0.788167,0.856667,483.072,423.161,477.665,297.047,-60026.7,1304.21,-0.0975482,-0.0266774,0.146669,0.000478588
174,13,228,110,0.878333,0.916667,0.7875,0.988333,483.072,423.883,494.5,269.454,-74475,-3290.14,-0.0722929,-0.0406079,0.0517632,0.0424471
174,13,228,57,0.878333,0.916667,0.7875,0.984167,483.072,403.704,485.689,269.454,-64430.7,-1618.54,-0.0722929,-0.0266775,0.0128974,0.0351024
174,13,228,59,0.878333,0.916667,0.7875,0.9075,483.072,392.17,484.346,269.454,-58921,-1572.3,-0.0722929,-0.0266775,-0.0107228,0.0272094
174,13,228,105,0.878333,0.916667,0.7875,0.863333,483.072,404.3,491.53,269.454,-65114.4,-3188.13,-0.0722929,-0.0410669,0.0124985,0.0223277
174,13,228,62,0.878333,0.916667,0.7875,0.856667,483.072,423.161,488.564,269.454,-73724.4,-1696.54,-0.0722929,-0.0266774,0.0524023,0.0550033
174,13,222,110,0.878333,0.916667,0.605,0.988333,483.072,423.883,496.072,255.936,-80864.2,-2840.37,-0.0749181,-0.0406079,0.0717996,0.0695915
174,13,222,57,0.878333,0.916667,0.605,0.984167,483.072,403.704,486.742,255.936,-70819.9,-1266.11,-0.0749181,-0.0266775,0.0335443,0.0628574
174,13,222,59,0.878333,0.916667,0.605,0.9075,483.072,392.17,485.081,255.936,-65310.2,-1229.93,-0.0749181,-0.0266775,0.0100536,0.0550938
174,13,222,105,0.878333,0.916667,0.605,0.863333,483.072,404.3,492.575,255.936,-71503.6,-2756.63,-0.0749181,-0.0410669,0.0328173,0.0497546
174,13,222,62,0.878333,0.916667,0.605,0.856667,483.072,423.161,490.148,255.936,-80113.6,-1327.12,-0.0749181,-0.0266774,0.0727651,0.0824741
174,13,232,110,0.878333,0.916667,0.576667,0.988333,483.072,423.883,494.016,274.395,-72140,-3454.52,-0.0713978,-0.0406079,-0.000751019,0.0324867
174,13,232,57,0.878333,0.916667,0.576667,0.984167,483.072,403.704,485.398,274.395,-62095.7,-1747.35,-0.0713978,-0.0266775,-0.0398267,0.0249321
174,13,232,59,0.878333,0.916667,0.576667,0.9075,483.072,392.17,484.171,274.395,-56586,-1697.42,-0.0713978,-0.0266775,-0.0634852,0.0170007
174,13,232,105,0.878333,0.916667,0.576667,0.863333,483.072,404.3,491.24,274.395,-62779.4,-3345.83,-0.0713978,-0.0410669,-0.0401049,0.0122781
174,13,232,62,0.878333,0.916667,0.576667,0.856667,483.072,423.161,488.078,274.395,-71389.4,-1831.55,-0.0713978,-0.0266774,-0.000232384,0.0449223
174,42,226,110,0.878333,0.911,0.859,0.988333,479.838,397.393,495.362,261.656,-65256.3,-2937.83,-0.0191519,0.00758764,0.052998,0.0571977
174,42,226,57,0.878333,0.911,0.859,0.984167,479.838,377.212,486.251,261.656,-55368.5,-1322.38,-0.0191519,0.0224467,0.014478,0.0511275
174,42,226,59,0.878333,0.911,0.859,0.9075,479.838,365.677,484.724,261.656,-49858.8,-1281.94,-0.0191519,0.0224467,-0.00907179,0.0433048
174,42,226,105,0.878333,0.911,0.859,0.863333,479.838,377.811,492.088,261.656,-55898.1,-2846.36,-0.0191519,0.00704834,0.0138894,0.0371541
174,42,226,62,0.878333,0.911,0.859,0.856667,479.838,396.668,489.433,261.656,-64662.2,-1390.58,-0.0191519,0.0224468,0.0538261,0.0708714
174,42,261,110,0.878333,0.911,0.788167,0.988333,479.838,397.393,483.609,297.047,-48047.6,-529.233,-0.042926,0.00758764,0.146685,-0.0123509
174,42,261,57,0.878333,0.911,0.788167,0.984167,479.838,377.212,475.854,297.047,-38159.8,1162.57,-0.042926,0.0224467,0.106034,-0.0205523
174,42,261,59,0.878333,0.911,0.788167,0.9075,479.838,365.677,475.154,297.047,-32650.1,1127.02,-0.042926,0.0224467,0.0818206,-0.0290383
174,42,261,105,0.878333,0.911,0.788167,0.863333,479.838,377.811,481.697,297.047,-38689.3,-563.682,-0.042926,0.00704834,0.106302,-0.0336691
174,42,261,62,0.878333,0.911,0.788167,0.856667,479.838,396.668,477.665,297.047,-47453.4,1222.55,-0.042926,0.0224468,0.146669,0.000478469
174,42,228,110,0.878333,0.911,0.7875,0.988333,479.838,397.393,494.5,269.454,-61557.4,-3183.94,-0.0176706,0.00758764,0.0517632,0.0415183
174,42,228,57,0.878333,0.911,0.7875,0.984167,479.838,377.212,485.689,269.454,-51669.5,-1512.34,-0.0176706,0.0224467,0.0128974,0.0351023
174,42,228,59,0.878333,0.911,0.7875,0.9075,479.838,365.677,484.346,269.454,-46159.8,-1466.1,-0.0176706,0.0224467,-0.0107228,0.0272092
174,42,228,105,0.878333,0.911,0.7875,0.863333,479.838,377.811,491.53,269.454,-52199.1,-3081.93,-0.0176706,0.00704834,0.0124985,0.0213186
174,42,228,62,0.878333,0.911,0.7875,0.856667,479.838,396.668,488.564,269.454,-60963.2,-1590.34,-0.0176706,0.0224468,0.0524023,0.0550032
174,42,222,110,0.878333,0.911,0.605,0.988333,479.838,397.393,496.072,255.936,-67969.7,-2757.29,-0.0202959,0.00758764,0.0717996,0.0686628
174,42,222,57,0.878333,0.911,0.605,0.984167,479.838,377.212,486.742,255.936,-58081.8,-1183.03,-0.0202959,0.0224467,0.0335443,0.0628573
174,42,222,59,0.878333,0.911,0.605,0.9075,479.838,365.677,485.081,255.936,-52572.2,-1146.86,-0.0202959,0.0224467,0.0100536,0.0550937
174,42,222,105,0.878333,0.911,0.605,0.863333,479.838,377.811,492.575,255.936,-58611.4,-2673.56,-0.0202959,0.00704834,0.0328173,0.0487455
174,42,222,62,0.878333,0.911,0.605,0.856667,479.838,396.668,490.148,255.936,-67375.5,-1244.05,-0.0202959,0.0224468,0.0727651,0.0824739
174,42,232,110,0.878333,0.911,0.576667,0.988333,479.838,397.393,494.016,274.395,-59213.9,-3339.86,-0.0167756,0.00758764,-0.000751019,0.0315579
174,42,232,57,0.878333,0.911,0.576667,0.984167,479.838,377.212,485.398,274.395,-49326.1,-1632.69,-0.0167756,0.0224467,-0.0398267,0.024932
174,42,232,59,0.878333,0.911,0.576667,0.9075,479.838,365.677,484.171,274.395,-43816.4,-1582.77,-0.0167756,0.0224467,-0.0634852,0.0170006
174,42,232,105,0.878333,0.911,0.576667,0.863333,479.838,377.811,491.24,274.395,-49855.7,-3231.17,-0.0167756,0.00704834,-0.0401049,0.011269
174,42,232,62,0.878333,0.911,0.576667,0.856667,479.838,396.668,488.078,274.395,-58619.8,-1716.9,-0.0167756,0.0224468,-0.000232384,0.0449222
174,91,226,110,0.878333,0.89,0.859,0.988333,483.999,397.849,495.362,261.656,-65870.6,-1858.23,-0.0193616,0.0197975,0.052998,0.0676037
174,91,226,57,0.878333,0.89,0.859,0.984167,483.999,377.73,486.251,261.656,-55896.6,-242.78,-0.0193616,0.0351926,0.014478,0.0620695
174,91,226,59,0.878333,0.89,0.859,0.9075,483.999,366.196,484.724,261.656,-50339.2,-202.346,-0.0193616,0.0355372,-0.00907179,0.0545914
174,91,226,105,0.878333,0.89,0.859,0.863333,483.999,378.265,492.088,261.656,-56431.4,-1766.76,-0.0193616,0.0197975,0.0138894,0.0480994
174,91,226,62,0.878333,0.89,0.859,0.856667,483.999,397.185,489.433,261.656,-65270.7,-310.981,-0.0193616,0.0346566,0.0538261,0.0812773
174,91,261,110,0.878333,0.89,0.788167,0.988333,483.999,397.849,483.609,297.047,-48512.4,699.934,-0.0431356,0.0197975,0.146685,-0.00194486
174,91,261,57,0.878333,0.89,0.788167,0.984167,483.999,377.73,475.854,297.047,-38538.3,2391.74,-0.0431356,0.0351926,0.106034,-0.00961032
174,91,261,59,0.878333,0.89,0.788167,0.9075,483.999,366.196,475.154,297.047,-32981,2356.19,-0.0431356,0.0355372,0.0818206,-0.0177517
174,91,261,105,0.878333,0.89,0.788167,0.863333,483.999,378.265,481.697,297.047,-39073.1,665.484,-0.0431356,0.0197975,0.106302,-0.0227238
174,91,261,62,0.878333,0.89,0.788167,0.856667,483.999,397.185,477.665,297.047,-47912.4,2451.71,-0.0431356,0.0346566,0.146669,0.0108844
174,91,228,110,0.878333,0.89,0.7875,0.988333,483.999,397.849,494.5,269.454,-62139.7,-2072.39,-0.0178803,0.0197975,0.0517632,0.0519244
174,91,228,57,0.878333,0.89,0.7875,0.984167,483.999,377.73,485.689,269.454,-52165.7,-400.788,-0.0178803,0.0351926,0.0128974,0.0460443
174,91,228,59,0.878333,0.89,0.7875,0.9075,483.999,366.196,484.346,269.454,-46608.3,-354.546,-0.0178803,0.0355372,-0.0107228,0.0384959
174,91,228,105,0.878333,0.89,0.7875,0.863333,483.999,378.265,491.53,269.454,-52700.5,-1970.37,-0.0178803,0.0197975,0.0124985,0.0322639
174,91,228,62,0.878333,0.89,0.7875,0.856667,483.999,397.185,488.564,269.454,-61539.8,-478.786,-0.0178803,0.0346566,0.0524023,0.065409
174,91,222,110,0.878333,0.89,0.605,0.988333,483.999,397.849,496.072,255.936,-68607.5,-1701.14,-0.0205055,0.0197975,0.0717996,0.0790688
174,91,222,57,0.878333,0.89,0.605,0.984167,483.999,377.73,486.742,255.936,-58633.4,-126.873,-0.0205055,0.0351926,0.0335443,0.0737993
174,91,222,59,0.878333,0.89,0.605,0.9075,483.999,366.196,485.081,255.936,-53076.1,-90.7006,-0.0205055,0.0355372,0.0100536,0.0663803
174,91,222,105,0.878333,0.89,0.605,0.863333,483.999,378.265,492.575,255.936,-59168.2,-1617.4,-0.0205055,0.0197975,0.0328173,0.0596908
174,91,222,62,0.878333,0.89,0.605,0.856667,483.999,397.185,490.148,255.936,-68007.5,-187.887,-0.0205055,0.0346566,0.0727651,0.0928798
174,91,232,110,0.878333,0.89,0.576667,0.988333,483.999,397.849,494.016,274.395,-59776,-2208.07,-0.0169853,0.0197975,-0.000751019,0.0419639
174,91,232,57,0.878333,0.89,0.576667,0.984167,483.999,377.73,485.398,274.395,-49802,-500.895,-0.0169853,0.0351926,-0.0398267,0.035874
174,91,232,59,0.878333,0.89,0.576667,0.9075,483.999,366.196,484.171,274.395,-44244.6,-450.973,-0.0169853,0.0355372,-0.0634852,0.0282872
174,91,232,105,0.878333,0.89,0.576667,0.863333,483.999,378.265,491.24,274.395,-50336.8,-2099.38,-0.0169853,0.0197975,-0.0401049,0.0222143
174,91,232,62,0.878333,0.89,0.576667,0.856667,483.999,397.185,488.078,274.395,-59176.1,-585.101,-0.0169853,0.0346566,-0.000232384,0.0553281
174,39,226,110,0.878333,0.8895,0.859,0.988333,481.188,409.919,495.362,261.656,-71358.5,-2981.74,-0.0450727,-0.00344448,0.052998,0.0576519
174,39,226,57,0.878333,0.8895,0.859,0.984167,481.188,389.739,486.251,261.656,-61396.6,-1366.29,-0.0450727,0.0109605,0.014478,0.0511276
174,39,226,59,0.878333,0.8895,0.859,0.9075,481.188,378.205,484.724,261.656,-55886.9,-1325.85,-0.0450727,0.0109605,-0.00907179,0.0433049
174,39,226,105,0.878333,0.8895,0.859,0.863333,481.188,390.337,492.088,261.656,-61999.1,-2890.27,-0.0450727,-0.00394373,0.0138894,0.0376484
174,39,226,62,0.878333,0.8895,0.859,0.856667,481.188,409.196,489.433,261.656,-70690.3,-1434.49,-0.0450727,0.0109605,0.0538261,0.0708714
174,39,261,110,0.878333,0.8895,0.788167,0.988333,481.188,409.919,483.609,297.047,-54067.2,-490.61,-0.0688467,-0.00344448,0.146685,-0.0118967
174,39,261,57,0.878333,0.8895,0.788167,0.984167,481.188,389.739,475.854,297.047,-44105.4,1201.2,-0.0688467,0.0109605,0.106034,-0.0205522
174,39,261,59,0.878333,0.8895,0.788167,0.9075,481.188,378.205,475.154,297.047,-38595.7,1165.64,-0.0688467,0.0109605,0.0818206,-0.0290382
174,39,261,105,0.878333,0.8895,0.788167,0.863333,481.188,390.337,481.697,297.047,-44707.8,-525.06,-0.0688467,-0.00394373,0.106302,-0.0331748
174,39,261,62,0.878333,0.8895,0.788167,0.856667,481.188,409.196,477.665,297.047,-53399.1,1261.17,-0.0688467,0.0109605,0.146669,0.000478469
174,39,228,110,0.878333,0.8895,0.7875,0.988333,481.188,409.919,494.5,269.454,-67665.8,-3234.15,-0.0435914,-0.00344448,0.0517632,0.0419725
174,39,228,57,0.878333,0.8895,0.7875,0.984167,481.188,389.739,485.689,269.454,-57704,-1562.56,-0.0435914,0.0109605,0.0128974,0.0351024
174,39,228,59,0.878333,0.8895,0.7875,0.9075,481.188,378.205,484.346,269.454,-52194.3,-1516.31,-0.0435914,0.0109605,-0.0107228,0.0272094
174,39,228,105,0.878333,0.8895,0.7875,0.863333,481.188,390.337,491.53,269.454,-58306.4,-3132.14,-0.0435914,-0.00394373,0.0124985,0.0218128
174,39,228,62,0.878333,0.8895,0.7875,0.856667,481.188,409.196,488.564,269.454,-66997.7,-1640.56,-0.0435914,0.0109605,0.0524023,0.0550032
174,39,222,110,0.878333,0.8895,0.605,0.988333,481.188,409.919,496.072,255.936,-74067.2,-2796.57,-0.0462166,-0.00344448,0.0717996,0.069117
174,39,222,57,0.878333,0.8895,0.605,0.984167,481.188,389.739,486.742,255.936,-64105.4,-1222.31,-0.0462166,0.0109605,0.0335443,0.0628574
174,39,222,59,0.878333,0.8895,0.605,0.9075,481.188,378.205,485.081,255.936,-58595.7,-1186.14,-0.0462166,0.0109605,0.0100536,0.0550938
174,39,222,105,0.878333,0.8895,0.605,0.863333,481.188,390.337,492.575,255.936,-64707.8,-2712.84,-0.0462166,-0.00394373,0.0328173,0.0492397
174,39,222,62,0.878333,0.8895,0.605,0.856667,481.188,409.196,490.148,255.936,-73399.1,-1283.33,-0.0462166,0.0109605,0.0727651,0.0824739
174,39,232,110,0.878333,0.8895,0.576667,0.988333,481.188,409.919,494.016,274.395,-65326.4,-3394.08,-0.0426964,-0.00344448,-0.000751019,0.0320121
174,39,232,57,0.878333,0.8895,0.576667,0.984167,481.188,389.739,485.398,274.395,-55364.5,-1686.9,-0.0426964,0.0109605,-0.0398267,0.0249321
174,39,232,59,0.878333,0.8895,0.576667,0.9075,481.188,378.205,484.171,274.395,-49854.8,-1636.98,-0.0426964,0.0109605,-0.0634852,0.0170007
174,39,232,105,0.878333,0.8895,0.576667,0.863333,481.188,390.337,491.24,274.395,-55967,-3285.39,-0.0426964,-0.00394373,-0.0401049,0.0117632
174,39,232,62,0.878333,0.8895,0.576667,0.856667,481.188,409.196,488.078,274.395,-64658.2,-1771.11,-0.0426964,0.0109605,-0.000232384,0.0449222
174,88,226,110,0.878333,0.881167,0.859,0.988333,485.301,410.424,495.362,261.656,-71990.8,-1916.97,-0.0451707,0.00842282,0.052998,0.0676036
174,88,226,57,0.878333,0.881167,0.859,0.984167,485.301,390.304,486.251,261.656,-61943.7,-301.525,-0.0451707,0.023322,0.014478,0.0615735
174,88,226,59,0.878333,0.881167,0.859,0.9075,485.301,378.77,484.724,261.656,-56387,-261.092,-0.0451707,0.02364,-0.00907179,0.0540688
174,88,226,105,0.878333,0.881167,0.859,0.863333,485.301,390.841,492.088,261.656,-62551.6,-1825.5,-0.0451707,0.00842294,0.0138894,0.0480994
174,88,226,62,0.878333,0.881167,0.859,0.856667,485.301,409.759,489.433,261.656,-71316.7,-369.726,-0.0451707,0.0228259,0.0538261,0.0808212
174,88,261,110,0.878333,0.881167,0.788167,0.988333,485.301,410.424,483.609,297.047,-54551.7,722.048,-0.0689447,0.00842282,0.146685,-0.00194498
174,88,261,57,0.878333,0.881167,0.788167,0.984167,485.301,390.304,475.854,297.047,-44504.5,2413.85,-0.0689447,0.023322,0.106034,-0.0101063
174,88,261,59,0.878333,0.881167,0.788167,0.9075,485.301,378.77,475.154,297.047,-38947.8,2378.3,-0.0689447,0.02364,0.0818206,-0.0182743
174,88,261,105,0.878333,0.881167,0.788167,0.863333,485.301,390.841,481.697,297.047,-45112.4,687.598,-0.0689447,0.00842294,0.106302,-0.0227238
174,88,261,62,0.878333,0.881167,0.788167,0.856667,485.301,409.759,477.665,297.047,-53877.6,2473.83,-0.0689447,0.0228259,0.146669,0.0104283
174,88,228,110,0.878333,0.881167,0.7875,0.988333,485.301,410.424,494.5,269.454,-68266.7,-2137.9,-0.0436894,0.00842282,0.0517632,0.0519242
174,88,228,57,0.878333,0.881167,0.7875,0.984167,485.301,390.304,485.689,269.454,-58219.6,-466.303,-0.0436894,0.023322,0.0128974,0.0455483
174,88,228,59,0.878333,0.881167,0.7875,0.9075,485.301,378.77,484.346,269.454,-52662.9,-420.06,-0.0436894,0.02364,-0.0107228,0.0379732
174,88,228,105,0.878333,0.881167,0.7875,0.863333,485.301,390.841,491.53,269.454,-58827.4,-2035.89,-0.0436894,0.00842294,0.0124985,0.0322639
174,88,228,62,0.878333,0.881167,0.7875,0.856667,485.301,409.759,488.564,269.454,-67592.6,-544.301,-0.0436894,0.0228259,0.0524023,0.064953
174,88,222,110,0.878333,0.881167,0.605,0.988333,485.301,410.424,496.072,255.936,-74722.7,-1754.91,-0.0463146,0.00842282,0.0717996,0.0790687
174,88,222,57,0.878333,0.881167,0.605,0.984167,485.301,390.304,486.742,255.936,-64675.5,-180.653,-0.0463146,0.023322,0.0335443,0.0733032
174,88,222,59,0.878333,0.881167,0.605,0.9075,485.301,378.77,485.081,255.936,-59118.8,-144.48,-0.0463146,0.02364,0.0100536,0.0658577
174,88,222,105,0.878333,0.881167,0.605,0.863333,485.301,390.841,492.575,255.936,-65283.4,-1671.18,-0.0463146,0.00842294,0.0328173,0.0596908
174,88,222,62,0.878333,0.881167,0.605,0.856667,485.301,409.759,490.148,255.936,-74048.6,-241.666,-0.0463146,0.0228259,0.0727651,0.0924237
174,88,232,110,0.878333,0.881167,0.576667,0.988333,485.301,410.424,494.016,274.395,-65907.3,-2277.87,-0.0427944,0.00842282,-0.000751019,0.0419638
174,88,232,57,0.878333,0.881167,0.576667,0.984167,485.301,390.304,485.398,274.395,-55860.1,-570.699,-0.0427944,0.023322,-0.0398267,0.0353779
174,88,232,59,0.878333,0.881167,0.576667,0.9075,485.301,378.77,484.171,274.395,-50303.4,-520.777,-0.0427944,0.02364,-0.0634852,0.0277646
174,88,232,105,0.878333,0.881167,0.576667,0.863333,485.301,390.841,491.24,274.395,-56468,-2169.18,-0.0427944,0.00842294,-0.0401049,0.0222143
174,88,232,62,0.878333,0.881167,0.576667,0.856667,485.301,409.759,488.078,274.395,-65233.2,-654.905,-0.0427944,0.0228259,-0.000232384,0.054872
22,13,226,110,0.793333,0.916667,0.859,0.988333,482.288,423.883,495.362,267.804,-75173.6,-3026.38,0.041687,-0.0279687,0.0523326,0.0581265
22,13,226,57,0.793333,0.916667,0.859,0.984167,482.288,403.704,486.251,267.804,-65163.7,-1376.55,0.041687,-0.0140383,0.0138126,0.0511276
22,13,226,59,0.793333,0.916667,0.859,0.9075,482.288,392.17,484.724,267.804,-59652.9,-1337.22,0.041687,-0.0140383,-0.00973722,0.0433049
22,13,226,105,0.793333,0.916667,0.859,0.863333,482.288,404.3,492.088,267.804,-65811.7,-2936.25,0.041687,-0.0284277,0.013224,0.0381632
22,13,226,62,0.793333,0.916667,0.859,0.856667,482.288,423.161,489.433,267.804,-74459.3,-1442.88,0.041687,-0.0140381,0.0531607,0.0708716
22,13,261,110,0.793333,0.916667,0.788167,0.988333,482.288,423.883,483.609,303.198,-57827.5,-443.258,0.0184728,-0.0279687,0.146579,-0.0114221
22,13,261,57,0.793333,0.916667,0.788167,0.984167,482.288,403.704,475.854,303.198,-47817.6,1282.93,0.0184728,-0.0140383,0.105928,-0.0205522
22,13,261,59,0.793333,0.916667,0.788167,0.9075,482.288,392.17,475.154,303.198,-42306.8,1246.28,0.0184728,-0.0140383,0.081715,-0.0290382
22,13,261,105,0.793333,0.916667,0.788167,0.863333,482.288,404.3,481.697,303.198,-48465.6,-479.048,0.0184728,-0.0284277,0.106196,-0.03266
22,13,261,62,0.793333,0.916667,0.788167,0.856667,482.288,423.161,477.665,303.198,-57113.2,1344.77,0.0184728,-0.0140381,0.146563,0.000478588
22,13,228,110,0.793333,0.916667,0.7875,0.988333,482.288,423.883,494.5,275.602,-71484.2,-3285.83,0.043154,-0.0279687,0.0510834,0.0424471
22,13,228,57,0.793333,0.916667,0.7875,0.984167,482.288,403.704,485.689,275.602,-61474.3,-1579.85,0.043154,-0.0140383,0.0122176,0.0351024
22,13,228,59,0.793333,0.916667,0.7875,0.9075,482.288,392.17,484.346,275.602,-55963.5,-1534.71,0.043154,-0.0140383,-0.0114025,0.0272094
22,13,228,105,0.793333,0.916667,0.7875,0.863333,482.288,404.3,491.53,275.602,-62122.3,-3185.16,0.043154,-0.0284277,0.0118187,0.0223277
22,13,228,62,0.793333,0.916667,0.7875,0.856667,482.288,423.161,488.564,275.602,-70769.8,-1655.98,0.043154,-0.0140381,0.0517226,0.0550033
22,13,222,110,0.793333,0.916667,0.605,0.988333,482.288,423.883,496.072,262.085,-77880.1,-2836.06,0.0405554,-0.0279687,0.0711465,0.0695915
22,13,222,57,0.793333,0.916667,0.605,0.984167,482.288,403.704,486.742,262.085,-67870.1,-1227.41,0.0405554,-0.0140383,0.0328913,0.0628574
22,13,222,59,0.793333,0.916667,0.605,0.9075,482.288,392.17,485.081,262.085,-62359.3,-1192.35,0.0405554,-0.0140383,0.0094006,0.0550938
22,13,222,105,0.793333,0.916667,0.605,0.863333,482.288,404.3,492.575,262.085,-68518.1,-2753.66,0.0405554,-0.0284277,0.0321643,0.0497546
22,13,222,62,0.793333,0.916667,0.605,0.856667,482.288,423.161,490.148,262.085,-77165.7,-1286.56,0.0405554,-0.0140381,0.0721121,0.0824741
22,13,232,110,0.793333,0.916667,0.576667,0.988333,482.288,423.883,494.016,280.543,-69146.8,-3450.21,0.0440412,-0.0279687,-0.0014385,0.0324867
22,13,232,57,0.793333,0.916667,0.576667,0.984167,482.288,403.704,485.398,280.543,-59136.8,-1708.65,0.0440412,-0.0140383,-0.0405142,0.0249321
22,13,232,59,0.793333,0.916667,0.576667,0.9075,482.288,392.17,484.171,280.543,-53626,-1659.84,0.0440412,-0.0140383,-0.0641727,0.0170007
22,13,232,105,0.793333,0.916667,0.576667,0.863333,482.288,404.3,491.24,280.543,-59784.8,-3342.86,0.0440412,-0.0284277,-0.0407924,0.0122781
22,13,232,62,0.793333,0.916667,0.576667,0.856667,482.288,423.161,488.078,280.543,-68432.4,-1790.99,0.0440412,-0.0140381,-0.000919864,0.0449223
22,42,226,110,0.793333,0.911,0.859,0.988333,479.389,397.393,495.362,267.804,-62269.4,-2936.06,0.0964604,0.020378,0.0523326,0.0571977
22,42,226,57,0.793333,0.911,0.859,0.984167,479.389,377.212,486.251,267.804,-52415.9,-1286.23,0.0964604,0.0352371,0.0138126,0.0511275
22,42,226,59,0.793333,0.911,0.859,0.9075,479.389,365.677,484.724,267.804,-46905.1,-1246.9,0.0964604,0.0352371,-0.00973722,0.0433048
22,42,226,105,0.793333,0.911,0.859,0.863333,479.389,377.811,492.088,267.804,-52909.8,-2845.93,0.0964604,0.0198387,0.013224,0.0371541
22,42,226,62,0.793333,0.911,0.859,0.856667,479.389,396.668,489.433,267.804,-61711.5,-1352.56,0.0964604,0.0352372,0.0531607,0.0708714
22,42,261,110,0.793333,0.911,0.788167,0.988333,479.389,397.393,483.609,303.198,-45097.8,-527.464,0.0732461,0.020378,0.146579,-0.0123509
22,42,261,57,0.793333,0.911,0.788167,0.984167,479.389,377.212,475.854,303.198,-35244.3,1198.73,0.0732461,0.0352371,0.105928,-0.0205523
22,42,261,59,0.793333,0.911,0.788167,0.9075,479.389,365.677,475.154,303.198,-29733.5,1162.07,0.0732461,0.0352371,0.081715,-0.0290383
22,42,261,105,0.793333,0.911,0.788167,0.863333,479.389,377.811,481.697,303.198,-35738.2,-563.255,0.0732461,0.0198387,0.106196,-0.0336691
22,42,261,62,0.793333,0.911,0.788167,0.856667,479.389,396.668,477.665,303.198,-44539.9,1260.56,0.0732461,0.0352372,0.146563,0.000478469
22,42,228,110,0.793333,0.911,0.7875,0.988333,479.389,397.393,494.5,275.602,-58566.6,-3182.17,0.0979274,0.020378,0.0510834,0.0415183
22,42,228,57,0.793333,0.911,0.7875,0.984167,479.389,377.212,485.689,275.602,-48713.1,-1476.19,0.0979274,0.0352371,0.0122176,0.0351023
22,42,228,59,0.793333,0.911,0.7875,0.9075,479.389,365.677,484.346,275.602,-43202.3,-1431.05,0.0979274,0.0352371,-0.0114025,0.0272092
22,42,228,105,0.793333,0.911,0.7875,0.863333,479.389,377.811,491.53,275.602,-49207,-3081.5,0.0979274,0.0198387,0.0118187,0.0213186
22,42,228,62,0.793333,0.911,0.7875,0.856667,479.389,396.668,488.564,275.602,-58008.7,-1552.32,0.0979274,0.0352372,0.0517226,0.0550032
22,42,222,110,0.793333,0.911,0.605,0.988333,479.389,397.393,496.072,262.085,-64985.6,-2755.53,0.0953287,0.020378,0.0711465,0.0686628
22,42,222,57,0.793333,0.911,0.605,0.984167,479.389,377.212,486.742,262.085,-55132.1,-1146.88,0.0953287,0.0352371,0.0328913,0.0628573
22,42,222,59,0.793333,0.911,0.605,0.9075,479.389,365.677,485.081,262.085,-49621.3,-1111.81,0.0953287,0.0352371,0.0094006,0.0550937
22,42,222,105,0.793333,0.911,0.605,0.863333,479.389,377.811,492.575,262.085,-55626,-2673.13,0.0953287,0.0198387,0.0321643,0.0487455
22,42,222,62,0.793333,0.911,0.605,0.856667,479.389,396.668,490.148,262.085,-64427.7,-1206.03,0.0953287,0.0352372,0.0721121,0.0824739
22,42,232,110,0.793333,0.911,0.576667,0.988333,479.389,397.393,494.016,280.543,-56220.7,-3338.09,0.0988145,0.020378,-0.0014385,0.0315579
22,42,232,57,0.793333,0.911,0.576667,0.984167,479.389,377.212,485.398,280.543,-46367.2,-1596.54,0.0988145,0.0352371,-0.0405142,0.024932
22,42,232,59,0.793333,0.911,0.576667,0.9075,479.389,365.677,484.171,280.543,-40856.4,-1547.72,0.0988145,0.0352371,-0.0641727,0.0170006
22,42,232,105,0.793333,0.911,0.576667,0.863333,479.389,377.811,491.24,280.543,-46861.1,-3230.74,0.0988145,0.0198387,-0.0407924,0.011269
22,42,232,62,0.793333,0.911,0.576667,0.856667,479.389,396.668,488.078,280.543,-55662.8,-1678.88,0.0988145,0.0352372,-0.000919864,0.0449222
22,91,226,110,0.793333,0.89,0.859,0.988333,483.548,397.849,495.362,267.804,-62883.7,-1831,0.0961404,0.0324776,0.0523326,0.0676037
22,91,226,57,0.793333,0.89,0.859,0.984167,483.548,377.73,486.251,267.804,-52944,-181.162,0.0961404,0.0478727,0.0138126,0.0620695
22,91,226,59,0.793333,0.89,0.859,0.9075,483.548,366.196,484.724,267.804,-47385.6,-141.834,0.0961404,0.0482173,-0.00973722,0.0545914
22,91,226,105,0.793333,0.89,0.859,0.863333,483.548,378.265,492.088,267.804,-53443.1,-1740.87,0.0961404,0.0324776,0.013224,0.0480994
22,91,226,62,0.793333,0.89,0.859,0.856667,483.548,397.185,489.433,267.804,-62320,-247.498,0.0961404,0.0473367,0.0531607,0.0812773
22,91,261,110,0.793333,0.89,0.788167,0.988333,483.548,397.849,483.609,303.198,-45562.5,727.168,0.0729262,0.0324776,0.146579,-0.00194486
22,91,261,57,0.793333,0.89,0.788167,0.984167,483.548,377.73,475.854,303.198,-35622.9,2453.36,0.0729262,0.0478727,0.105928,-0.00961032
22,91,261,59,0.793333,0.89,0.788167,0.9075,483.548,366.196,475.154,303.198,-30064.4,2416.7,0.0729262,0.0482173,0.081715,-0.0177517
22,91,261,105,0.793333,0.89,0.788167,0.863333,483.548,378.265,481.697,303.198,-36121.9,691.378,0.0729262,0.0324776,0.106196,-0.0227238
22,91,261,62,0.793333,0.89,0.788167,0.856667,483.548,397.185,477.665,303.198,-44998.9,2515.19,0.0729262,0.0473367,0.146563,0.0108844
22,91,228,110,0.793333,0.89,0.7875,0.988333,483.548,397.849,494.5,275.602,-59149,-2045.15,0.0976074,0.0324776,0.0510834,0.0519244
22,91,228,57,0.793333,0.89,0.7875,0.984167,483.548,377.73,485.689,275.602,-49209.3,-339.17,0.0976074,0.0478727,0.0122176,0.0460443
22,91,228,59,0.793333,0.89,0.7875,0.9075,483.548,366.196,484.346,275.602,-43650.8,-294.033,0.0976074,0.0482173,-0.0114025,0.0384959
22,91,228,105,0.793333,0.89,0.7875,0.863333,483.548,378.265,491.53,275.602,-49708.3,-1944.48,0.0976074,0.0324776,0.0118187,0.0322639
22,91,228,62,0.793333,0.89,0.7875,0.856667,483.548,397.185,488.564,275.602,-58585.3,-415.303,0.0976074,0.0473367,0.0517226,0.065409
22,91,222,110,0.793333,0.89,0.605,0.988333,483.548,397.849,496.072,262.085,-65623.3,-1673.9,0.0950088,0.0324776,0.0711465,0.0790688
22,91,222,57,0.793333,0.89,0.605,0.984167,483.548,377.73,486.742,262.085,-55683.7,-65.2551,0.0950088,0.0478727,0.0328913,0.0737993
22,91,222,59,0.793333,0.89,0.605,0.9075,483.548,366.196,485.081,262.085,-50125.2,-30.1879,0.0950088,0.0482173,0.0094006,0.0663803
22,91,222,105,0.793333,0.89,0.605,0.863333,483.548,378.265,492.575,262.085,-56182.7,-1591.5,0.0950088,0.0324776,0.0321643,0.0596908
22,91,222,62,0.793333,0.89,0.605,0.856667,483.548,397.185,490.148,262.085,-65059.7,-124.404,0.0950088,0.0473367,0.0721121,0.0928798
22,91,232,110,0.793333,0.89,0.576667,0.988333,483.548,397.849,494.016,280.543,-56782.8,-2180.83,0.0984946,0.0324776,-0.0014385,0.0419639
22,91,232,57,0.793333,0.89,0.576667,0.984167,483.548,377.73,485.398,280.543,-46843.2,-439.277,0.0984946,0.0478727,-0.0405142,0.035874
22,91,232,59,0.793333,0.89,0.576667,0.9075,483.548,366.196,484.171,280.543,-41284.7,-390.46,0.0984946,0.0482173,-0.0641727,0.0282872
22,91,232,105,0.793333,0.89,0.576667,0.863333,483.548,378.265,491.24,280.543,-47342.2,-2073.48,0.0984946,0.0324776,-0.0407924,0.0222143
22,91,232,62,0.793333,0.89,0.576667,0.856667,483.548,397.185,488.078,280.543,-56219.1,-521.618,0.0984946,0.0473367,-0.000919864,0.0553281
22,39,226,110,0.793333,0.8895,0.859,0.988333,480.58,409.919,495.362,267.804,-68371.5,-2978.77,0.0704773,0.00928356,0.0523326,0.0576519
22,39,226,57,0.793333,0.8895,0.859,0.984167,480.58,389.739,486.251,267.804,-58444.1,-1328.93,0.0704773,0.0236886,0.0138126,0.0511276
22,39,226,59,0.793333,0.8895,0.859,0.9075,480.58,378.205,484.724,267.804,-52933.3,-1289.61,0.0704773,0.0236886,-0.00973722,0.0433049
22,39,226,105,0.793333,0.8895,0.859,0.863333,480.58,390.337,492.088,267.804,-59010.8,-2888.64,0.0704773,0.00878432,0.013224,0.0376484
22,39,226,62,0.793333,0.8895,0.859,0.856667,480.58,409.196,489.433,267.804,-67739.6,-1395.27,0.0704773,0.0236886,0.0531607,0.0708714
22,39,261,110,0.793333,0.8895,0.788167,0.988333,480.58,409.919,483.609,303.198,-51117.4,-487.641,0.0472631,0.00928356,0.146579,-0.0118967
22,39,261,57,0.793333,0.8895,0.788167,0.984167,480.58,389.739,475.854,303.198,-41189.9,1238.55,0.0472631,0.0236886,0.105928,-0.0205522
22,39,261,59,0.793333,0.8895,0.788167,0.9075,480.58,378.205,475.154,303.198,-35679.2,1201.89,0.0472631,0.0236886,0.081715,-0.0290382
22,39,261,105,0.793333,0.8895,0.788167,0.863333,480.58,390.337,481.697,303.198,-41756.7,-523.431,0.0472631,0.00878432,0.106196,-0.0331748
22,39,261,62,0.793333,0.8895,0.788167,0.856667,480.58,409.196,477.665,303.198,-50485.5,1300.39,0.0472631,0.0236886,0.146563,0.000478469
22,39,228,110,0.793333,0.8895,0.7875,0.988333,480.58,409.919,494.5,275.602,-64675.1,-3231.19,0.0719443,0.00928356,0.0510834,0.0419725
22,39,228,57,0.793333,0.8895,0.7875,0.984167,480.58,389.739,485.689,275.602,-54747.6,-1525.2,0.0719443,0.0236886,0.0122176,0.0351024
22,39,228,59,0.793333,0.8895,0.7875,0.9075,480.58,378.205,484.346,275.602,-49236.8,-1480.07,0.0719443,0.0236886,-0.0114025,0.0272094
22,39,228,105,0.793333,0.8895,0.7875,0.863333,480.58,390.337,491.53,275.602,-55314.3,-3130.51,0.0719443,0.00878432,0.0118187,0.0218128
22,39,228,62,0.793333,0.8895,0.7875,0.856667,480.58,409.196,488.564,275.602,-64043.1,-1601.34,0.0719443,0.0236886,0.0517226,0.0550032
22,39,222,110,0.793333,0.8895,0.605,0.988333,480.58,409.919,496.072,262.085,-71083.1,-2793.6,0.0693456,0.00928356,0.0711465,0.069117
22,39,222,57,0.793333,0.8895,0.605,0.984167,480.58,389.739,486.742,262.085,-61155.6,-1184.96,0.0693456,0.0236886,0.0328913,0.0628574
22,39,222,59,0.793333,0.8895,0.605,0.9075,480.58,378.205,485.081,262.085,-55644.8,-1149.89,0.0693456,0.0236886,0.0094006,0.0550938
22,39,222,105,0.793333,0.8895,0.605,0.863333,480.58,390.337,492.575,262.085,-61722.4,-2711.21,0.0693456,0.00878432,0.0321643,0.0492397
22,39,222,62,0.793333,0.8895,0.605,0.856667,480.58,409.196,490.148,262.085,-70451.2,-1244.11,0.0693456,0.0236886,0.0721121,0.0824739
22,39,232,110,0.793333,0.8895,0.576667,0.988333,480.58,409.919,494.016,280.543,-62333.2,-3391.11,0.0728314,0.00928356,-0.0014385,0.0320121
22,39,232,57,0.793333,0.8895,0.576667,0.984167,480.58,389.739,485.398,280.543,-52405.7,-1649.55,0.0728314,0.0236886,-0.0405142,0.0249321
22,39,232,59,0.793333,0.8895,0.576667,0.9075,480.58,378.205,484.171,280.543,-46894.9,-1600.73,0.0728314,0.0236886,-0.0641727,0.0170007
22,39,232,105,0.793333,0.8895,0.576667,0.863333,480.58,390.337,491.24,280.543,-52972.4,-3283.76,0.0728314,0.00878432,-0.0407924,0.0117632
22,39,232,62,0.793333,0.8895,0.576667,0.856667,480.58,409.196,488.078,280.543,-61701.2,-1731.89,0.0728314,0.0236886,-0.000919864,0.0449222
22,88,226,110,0.793333,0.881167,0.859,0.988333,484.692,410.424,495.362,267.804,-69003.9,-1888.88,0.0702712,0.0210428,0.0523326,0.0676036
22,88,226,57,0.793333,0.881167,0.859,0.984167,484.692,390.304,486.251,267.804,-58991.1,-239.046,0.0702712,0.0359419,0.0138126,0.0615735
22,88,226,59,0.793333,0.881167,0.859,0.9075,484.692,378.77,484.724,267.804,-53433.3,-199.718,0.0702712,0.0362599,-0.00973722,0.0540688
22,88,226,105,0.793333,0.881167,0.859,0.863333,484.692,390.841,492.088,267.804,-59563.3,-1798.75,0.0702712,0.0210429,0.013224,0.0480994
22,88,226,62,0.793333,0.881167,0.859,0.856667,484.692,409.759,489.433,267.804,-68366,-305.382,0.0702712,0.0354459,0.0531607,0.0808212
22,88,261,110,0.793333,0.881167,0.788167,0.988333,484.692,410.424,483.609,303.198,-51601.9,750.143,0.047057,0.0210428,0.146579,-0.00194498
22,88,261,57,0.793333,0.881167,0.788167,0.984167,484.692,390.304,475.854,303.198,-41589.1,2476.33,0.047057,0.0359419,0.105928,-0.0101063
22,88,261,59,0.793333,0.881167,0.788167,0.9075,484.692,378.77,475.154,303.198,-36031.3,2439.68,0.047057,0.0362599,0.081715,-0.0182743
22,88,261,105,0.793333,0.881167,0.788167,0.863333,484.692,390.841,481.697,303.198,-42161.3,714.353,0.047057,0.0210429,0.106196,-0.0227238
22,88,261,62,0.793333,0.881167,0.788167,0.856667,484.692,409.759,477.665,303.198,-50964,2538.17,0.047057,0.0354459,0.146563,0.0104283
22,88,228,110,0.793333,0.881167,0.7875,0.988333,484.692,410.424,494.5,275.602,-65275.9,-2109.81,0.0717382,0.0210428,0.0510834,0.0519242
22,88,228,57,0.793333,0.881167,0.7875,0.984167,484.692,390.304,485.689,275.602,-55263.2,-403.824,0.0717382,0.0359419,0.0122176,0.0455483
22,88,228,59,0.793333,0.881167,0.7875,0.9075,484.692,378.77,484.346,275.602,-49705.3,-358.687,0.0717382,0.0362599,-0.0114025,0.0379732
22,88,228,105,0.793333,0.881167,0.7875,0.863333,484.692,390.841,491.53,275.602,-55835.3,-2009.13,0.0717382,0.0210429,0.0118187,0.0322639
22,88,228,62,0.793333,0.881167,0.7875,0.856667,484.692,409.759,488.564,275.602,-64638,-479.957,0.0717382,0.0354459,0.0517226,0.064953
22,88,222,110,0.793333,0.881167,0.605,0.988333,484.692,410.424,496.072,262.085,-71738.6,-1726.82,0.0691395,0.0210428,0.0711465,0.0790687
22,88,222,57,0.793333,0.881167,0.605,0.984167,484.692,390.304,486.742,262.085,-61725.8,-118.174,0.0691395,0.0359419,0.0328913,0.0733032
22,88,222,59,0.793333,0.881167,0.605,0.9075,484.692,378.77,485.081,262.085,-56168,-83.1068,0.0691395,0.0362599,0.0094006,0.0658577
22,88,222,105,0.793333,0.881167,0.605,0.863333,484.692,390.841,492.575,262.085,-62298,-1644.42,0.0691395,0.0210429,0.0321643,0.0596908
22,88,222,62,0.793333,0.881167,0.605,0.856667,484.692,409.759,490.148,262.085,-71100.7,-177.323,0.0691395,0.0354459,0.0721121,0.0924237
22,88,232,110,0.793333,0.881167,0.576667,0.988333,484.692,410.424,494.016,280.543,-62914.1,-2249.77,0.0726253,0.0210428,-0.0014385,0.0419638
22,88,232,57,0.793333,0.881167,0.576667,0.984167,484.692,390.304,485.398,280.543,-52901.3,-508.22,0.0726253,0.0359419,-0.0405142,0.0353779
22,88,232,59,0.793333,0.881167,0.576667,0.9075,484.692,378.77,484.171,280.543,-47343.5,-459.403,0.0726253,0.0362599,-0.0641727,0.0277646
22,88,232,105,0.793333,0.881167,0.576667,0.863333,484.692,390.841,491.24,280.543,-53473.5,-2142.42,0.0726253,0.0210429,-0.0407924,0.0222143
22,88,232,62,0.793333,0.881167,0.576667,0.856667,484.692,409.759,488.078,280.543,-62276.2,-590.561,0.0726253,0.0354459,-0.000919864,0.054872
149,13,226,110,0.756667,0.916667,0.859,0.988333,484.784,423.883,495.362,249.899,-83872.5,-3038.93,-0.0267718,-0.0646552,0.0543619,0.0581265
149,13,226,57,0.756667,0.916667,0.859,0.984167,484.784,403.704,486.251,249.899,-73762.4,-1489.23,-0.0267718,-0.0507248,0.0158419,0.0511276
149,13,226,59,0.756667,0.916667,0.859,0.9075,484.784,392.17,484.724,249.899,-68254.9,-1446.69,-0.0267718,-0.0507248,-0.00770792,0.0433049
149,13,226,105,0.756667,0.916667,0.859,0.863333,484.784,404.3,492.088,249.899,-74514.5,-2944.9,-0.0267718,-0.0651142,0.0152533,0.0381632
149,13,226,62,0.756667,0.916667,0.859,0.856667,484.784,423.161,489.433,249.899,-83052.6,-1561,-0.0267718,-0.0507246,0.05519,0.0708716
149,13,261,110,0.756667,0.916667,0.788167,0.988333,484.784,423.883,483.609,285.285,-66418.3,-455.807,-0.0516951,-0.0646552,0.1469,-0.0114221
149,13,261,57,0.756667,0.916667,0.788167,0.984167,484.784,403.704,475.854,285.285,-56308.2,1170.25,-0.0516951,-0.0507248,0.106248,-0.0205522
149,13,261,59,0.756667,0.916667,0.788167,0.9075,484.784,392.17,475.154,285.285,-50800.6,1136.81,-0.0516951,-0.0507248,0.0820353,-0.0290382
149,13,261,105,0.756667,0.916667,0.788167,0.863333,484.784,404.3,481.697,285.285,-57060.2,-487.693,-0.0516951,-0.0651142,0.106516,-0.03266
149,13,261,62,0.756667,0.916667,0.788167,0.856667,484.784,423.161,477.665,285.285,-65598.3,1226.65,-0.0516951,-0.0507246,0.146883,0.000478588
149,13,228,110,0.756667,0.916667,0.7875,0.988333,484.784,423.883,494.5,257.698,-80194.2,-3298.38,-0.0252642,-0.0646552,0.0531534,0.0424471
149,13,228,57,0.756667,0.916667,0.7875,0.984167,484.784,403.704,485.689,257.698,-70084.2,-1692.54,-0.0252642,-0.0507248,0.0142876,0.0351024
149,13,228,59,0.756667,0.916667,0.7875,0.9075,484.784,392.17,484.346,257.698,-64576.6,-1644.18,-0.0252642,-0.0507248,-0.00933257,0.0272094
149,13,228,105,0.756667,0.916667,0.7875,0.863333,484.784,404.3,491.53,257.698,-70836.2,-3193.81,-0.0252642,-0.0651142,0.0138887,0.0223277
149,13,228,62,0.756667,0.916667,0.7875,0.856667,484.784,423.161,488.564,257.698,-79374.3,-1774.1,-0.0252642,-0.0507246,0.0537926,0.0550033
149,13,222,110,0.756667,0.916667,0.605,0.988333,484.784,423.883,496.072,244.179,-86570.7,-2848.61,-0.0279391,-0.0646552,0.0731402,0.0695915
149,13,222,57,0.756667,0.916667,0.605,0.984167,484.784,403.704,486.742,244.179,-76460.6,-1340.1,-0.0279391,-0.0507248,0.0348849,0.0628574
149,13,222,59,0.756667,0.916667,0.605,0.9075,484.784,392.17,485.081,244.179,-70953.1,-1301.81,-0.0279391,-0.0507248,0.0113943,0.0550938
149,13,222,105,0.756667,0.916667,0.605,0.863333,484.784,404.3,492.575,244.179,-77212.7,-2762.31,-0.0279391,-0.0651142,0.034158,0.0497546
149,13,222,62,0.756667,0.916667,0.605,0.856667,484.784,423.161,490.148,244.179,-85750.8,-1404.68,-0.0279391,-0.0507246,0.0741057,0.0824741
149,13,232,110,0.756667,0.916667,0.576667,0.988333,484.784,423.883,494.016,262.639,-77863.9,-3462.76,-0.0243554,-0.0646552,0.000653028,0.0324867
149,13,232,57,0.756667,0.916667,0.576667,0.984167,484.784,403.704,485.398,262.639,-67753.8,-1821.34,-0.0243554,-0.0507248,-0.0384227,0.0249321
149,13,232,59,0.756667,0.916667,0.576667,0.9075,484.784,392.17,484.171,262.639,-62246.3,-1769.3,-0.0243554,-0.0507248,-0.0620812,0.0170007
149,13,232,105,0.756667,0.916667,0.576667,0.863333,484.784,404.3,491.24,262.639,-68505.9,-3351.5,-0.0243554,-0.0651142,-0.0387009,0.0122781
149,13,232,62,0.756667,0.916667,0.576667,0.856667,484.784,423.161,488.078,262.639,-77044,-1909.11,-0.0243554,-0.0507246,0.00117166,0.0449223
149,42,226,110,0.756667,0.911,0.859,0.988333,480.914,397.393,495.362,249.899,-70968.3,-2941.21,0.0275145,-0.0167955,0.0543619,0.0571977
149,42,226,57,0.756667,0.911,0.859,0.984167,480.914,377.212,486.251,249.899,-61014.6,-1391.52,0.0275145,-0.00193647,0.0158419,0.0511275
149,42,226,59,0.756667,0.911,0.859,0.9075,480.914,365.677,484.724,249.899,-55507.1,-1348.97,0.0275145,-0.00193647,-0.00770792,0.0433048
149,42,226,105,0.756667,0.911,0.859,0.863333,480.914,377.811,492.088,249.899,-61612.5,-2847.18,0.0275145,-0.0173348,0.0152533,0.0371541
149,42,226,62,0.756667,0.911,0.859,0.856667,480.914,396.668,489.433,249.899,-70304.8,-1463.28,0.0275145,-0.00193635,0.05519,0.0708714
149,42,261,110,0.756667,0.911,0.788167,0.988333,480.914,397.393,483.609,285.285,-53688.6,-532.618,0.00259122,-0.0167955,0.1469,-0.0123509
149,42,261,57,0.756667,0.911,0.788167,0.984167,480.914,377.212,475.854,285.285,-43734.9,1093.44,0.00259122,-0.00193647,0.106248,-0.0205523
149,42,261,59,0.756667,0.911,0.788167,0.9075,480.914,365.677,475.154,285.285,-38227.4,1060,0.00259122,-0.00193647,0.0820353,-0.0290383
149,42,261,105,0.756667,0.911,0.788167,0.863333,480.914,377.811,481.697,285.285,-44332.8,-564.504,0.00259122,-0.0173348,0.106516,-0.0336691
149,42,261,62,0.756667,0.911,0.788167,0.856667,480.914,396.668,477.665,285.285,-53025.1,1149.84,0.00259122,-0.00193635,0.146883,0.000478469
149,42,228,110,0.756667,0.911,0.7875,0.988333,480.914,397.393,494.5,257.698,-67276.7,-3187.32,0.0290221,-0.0167955,0.0531534,0.0415183
149,42,228,57,0.756667,0.911,0.7875,0.984167,480.914,377.212,485.689,257.698,-57323,-1581.48,0.0290221,-0.00193647,0.0142876,0.0351023
149,42,228,59,0.756667,0.911,0.7875,0.9075,480.914,365.677,484.346,257.698,-51815.5,-1533.12,0.0290221,-0.00193647,-0.00933257,0.0272092
149,42,228,105,0.756667,0.911,0.7875,0.863333,480.914,377.811,491.53,257.698,-57920.9,-3082.75,0.0290221,-0.0173348,0.0138887,0.0213186
149,42,228,62,0.756667,0.911,0.7875,0.856667,480.914,396.668,488.564,257.698,-66613.2,-1663.04,0.0290221,-0.00193635,0.0537926,0.0550032
149,42,222,110,0.756667,0.911,0.605,0.988333,480.914,397.393,496.072,244.179,-73676.2,-2760.68,0.0263472,-0.0167955,0.0731402,0.0686628
149,42,222,57,0.756667,0.911,0.605,0.984167,480.914,377.212,486.742,244.179,-63722.6,-1252.17,0.0263472,-0.00193647,0.0348849,0.0628573
149,42,222,59,0.756667,0.911,0.605,0.9075,480.914,365.677,485.081,244.179,-58215.1,-1213.88,0.0263472,-0.00193647,0.0113943,0.0550937
149,42,222,105,0.756667,0.911,0.605,0.863333,480.914,377.811,492.575,244.179,-64320.5,-2674.38,0.0263472,-0.0173348,0.034158,0.0487455
149,42,222,62,0.756667,0.911,0.605,0.856667,480.914,396.668,490.148,244.179,-73012.7,-1316.75,0.0263472,-0.00193635,0.0741057,0.0824739
149,42,232,110,0.756667,0.911,0.576667,0.988333,480.914,397.393,494.016,262.639,-64937.9,-3343.25,0.0299309,-0.0167955,0.000653028,0.0315579
149,42,232,57,0.756667,0.911,0.576667,0.984167,480.914,377.212,485.398,262.639,-54984.2,-1701.83,0.0299309,-0.00193647,-0.0384227,0.024932
149,42,232,59,0.756667,0.911,0.576667,0.9075,480.914,365.677,484.171,262.639,-49476.7,-1649.79,0.0299309,-0.00193647,-0.0620812,0.0170006
149,42,232,105,0.756667,0.911,0.576667,0.863333,480.914,377.811,491.24,262.639,-55582.1,-3231.99,0.0299309,-0.0173348,-0.0387009,0.011269
149,42,232,62,0.756667,0.911,0.576667,0.856667,480.914,396.668,488.078,262.639,-64274.4,-1789.6,0.0299309,-0.00193635,0.00117166,0.0449222
149,91,226,110,0.756667,0.89,0.859,0.988333,485.077,397.849,495.362,249.899,-71582.5,-1910.31,0.0275145,-0.00437596,0.0543619,0.0676037
149,91,226,57,0.756667,0.89,0.859,0.984167,485.077,377.73,486.251,249.899,-61542.8,-360.616,0.0275145,0.0110191,0.0158419,0.0620695
149,91,226,59,0.756667,0.89,0.859,0.9075,485.077,366.196,484.724,249.899,-55987.5,-318.068,0.0275145,0.0113637,-0.00770792,0.0545914
149,91,226,105,0.756667,0.89,0.859,0.863333,485.077,378.265,492.088,249.899,-62145.8,-1816.28,0.0275145,-0.00437596,0.0152533,0.0480994
149,91,226,62,0.756667,0.89,0.859,0.856667,485.077,397.185,489.433,249.899,-70913.3,-432.383,0.0275145,0.0104831,0.05519,0.0812773
149,91,261,110,0.756667,0.89,0.788167,0.988333,485.077,397.849,483.609,285.285,-54153.3,647.85,0.00259122,-0.00437596,0.1469,-0.00194486
149,91,261,57,0.756667,0.89,0.788167,0.984167,485.077,377.73,475.854,285.285,-44113.5,2273.9,0.00259122,0.0110191,0.106248,-0.00961032
149,91,261,59,0.756667,0.89,0.788167,0.9075,485.077,366.196,475.154,285.285,-38558.3,2240.47,0.00259122,0.0113637,0.0820353,-0.0177517
149,91,261,105,0.756667,0.89,0.788167,0.863333,485.077,378.265,481.697,285.285,-44716.6,615.964,0.00259122,-0.00437596,0.106516,-0.0227238
149,91,261,62,0.756667,0.89,0.788167,0.856667,485.077,397.185,477.665,285.285,-53484,2330.31,0.00259122,0.0104831,0.146883,0.0108844
149,91,228,110,0.756667,0.89,0.7875,0.988333,485.077,397.849,494.5,257.698,-67859,-2124.47,0.0290221,-0.00437596,0.0531534,0.0519244
149,91,228,57,0.756667,0.89,0.7875,0.984167,485.077,377.73,485.689,257.698,-57819.2,-518.624,0.0290221,0.0110191,0.0142876,0.0460443
149,91,228,59,0.756667,0.89,0.7875,0.9075,485.077,366.196,484.346,257.698,-52264,-470.267,0.0290221,0.0113637,-0.00933257,0.0384959
149,91,228,105,0.756667,0.89,0.7875,0.863333,485.077,378.265,491.53,257.698,-58422.3,-2019.89,0.0290221,-0.00437596,0.0138887,0.0322639
149,91,228,62,0.756667,0.89,0.7875,0.856667,485.077,397.185,488.564,257.698,-67189.8,-600.189,0.0290221,0.0104831,0.0537926,0.065409
149,91,222,110,0.756667,0.89,0.605,0.988333,485.077,397.849,496.072,244.179,-74314,-1753.22,0.0263472,-0.00437596,0.0731402,0.0790688
149,91,222,57,0.756667,0.89,0.605,0.984167,485.077,377.73,486.742,244.179,-64274.2,-244.709,0.0263472,0.0110191,0.0348849,0.0737993
149,91,222,59,0.756667,0.89,0.605,0.9075,485.077,366.196,485.081,244.179,-58718.9,-206.422,0.0263472,0.0113637,0.0113943,0.0663803
149,91,222,105,0.756667,0.89,0.605,0.863333,485.077,378.265,492.575,244.179,-64877.3,-1666.92,0.0263472,-0.00437596,0.034158,0.0596908
149,91,222,62,0.756667,0.89,0.605,0.856667,485.077,397.185,490.148,244.179,-73644.7,-309.289,0.0263472,0.0104831,0.0741057,0.0928798
149,91,232,110,0.756667,0.89,0.576667,0.988333,485.077,397.849,494.016,262.639,-65500,-2260.15,0.0299309,-0.00437596,0.000653028,0.0419639
149,91,232,57,0.756667,0.89,0.576667,0.984167,485.077,377.73,485.398,262.639,-55460.2,-618.731,0.0299309,0.0110191,-0.0384227,0.035874
149,91,232,59,0.756667,0.89,0.576667,0.9075,485.077,366.196,484.171,262.639,-49904.9,-566.695,0.0299309,0.0113637,-0.0620812,0.0282872
149,91,232,105,0.756667,0.89,0.576667,0.863333,485.077,378.265,491.24,262.639,-56063.2,-2148.9,0.0299309,-0.00437596,-0.0387009,0.0222143
149,91,232,62,0.756667,0.89,0.576667,0.856667,485.077,397.185,488.078,262.639,-64830.7,-706.503,0.0299309,0.0104831,0.00117166,0.0553281
149,39,226,110,0.756667,0.8895,0.859,0.988333,482.567,409.919,495.362,249.899,-77070.4,-2987.42,0.00173564,-0.0276858,0.0543619,0.0576519
149,39,226,57,0.756667,0.8895,0.859,0.984167,482.567,389.739,486.251,249.899,-67042.8,-1437.72,0.00173564,-0.0132808,0.0158419,0.0511276
149,39,226,59,0.756667,0.8895,0.859,0.9075,482.567,378.205,484.724,249.899,-61535.2,-1395.17,0.00173564,-0.0132808,-0.00770792,0.0433049
149,39,226,105,0.756667,0.8895,0.859,0.863333,482.567,390.337,492.088,249.899,-67713.6,-2893.38,0.00173564,-0.0281851,0.0152533,0.0376484
149,39,226,62,0.756667,0.8895,0.859,0.856667,482.567,409.196,489.433,249.899,-76332.9,-1509.49,0.00173564,-0.0132808,0.05519,0.0708714
149,39,261,110,0.756667,0.8895,0.788167,0.988333,482.567,409.919,483.609,285.285,-59708.2,-496.292,-0.0231877,-0.0276858,0.1469,-0.0118967
149,39,261,57,0.756667,0.8895,0.788167,0.984167,482.567,389.739,475.854,285.285,-49680.5,1129.76,-0.0231877,-0.0132808,0.106248,-0.0205522
149,39,261,59,0.756667,0.8895,0.788167,0.9075,482.567,378.205,475.154,285.285,-44173,1096.32,-0.0231877,-0.0132808,0.0820353,-0.0290382
149,39,261,105,0.756667,0.8895,0.788167,0.863333,482.567,390.337,481.697,285.285,-50351.3,-528.179,-0.0231877,-0.0281851,0.106516,-0.0331748
149,39,261,62,0.756667,0.8895,0.788167,0.856667,482.567,409.196,477.665,285.285,-58970.7,1186.17,-0.0231877,-0.0132808,0.146883,0.000478469
149,39,228,110,0.756667,0.8895,0.7875,0.988333,482.567,409.919,494.5,257.698,-73385.1,-3239.84,0.00324316,-0.0276858,0.0531534,0.0419725
149,39,228,57,0.756667,0.8895,0.7875,0.984167,482.567,389.739,485.689,257.698,-63357.5,-1633.99,0.00324316,-0.0132808,0.0142876,0.0351024
149,39,228,59,0.756667,0.8895,0.7875,0.9075,482.567,378.205,484.346,257.698,-57849.9,-1585.63,0.00324316,-0.0132808,-0.00933257,0.0272094
149,39,228,105,0.756667,0.8895,0.7875,0.863333,482.567,390.337,491.53,257.698,-64028.3,-3135.26,0.00324316,-0.0281851,0.0138887,0.0218128
149,39,228,62,0.756667,0.8895,0.7875,0.856667,482.567,409.196,488.564,257.698,-72647.6,-1715.56,0.00324316,-0.0132808,0.0537926,0.0550032
149,39,222,110,0.756667,0.8895,0.605,0.988333,482.567,409.919,496.072,244.179,-79773.7,-2802.26,0.000568345,-0.0276858,0.0731402,0.069117
149,39,222,57,0.756667,0.8895,0.605,0.984167,482.567,389.739,486.742,244.179,-69746.1,-1293.75,0.000568345,-0.0132808,0.0348849,0.0628574
149,39,222,59,0.756667,0.8895,0.605,0.9075,482.567,378.205,485.081,244.179,-64238.6,-1255.46,0.000568345,-0.0132808,0.0113943,0.0550938
149,39,222,105,0.756667,0.8895,0.605,0.863333,482.567,390.337,492.575,244.179,-70416.9,-2715.96,0.000568345,-0.0281851,0.034158,0.0492397
149,39,222,62,0.756667,0.8895,0.605,0.856667,482.567,409.196,490.148,244.179,-79036.3,-1358.33,0.000568345,-0.0132808,0.0741057,0.0824739
149,39,232,110,0.756667,0.8895,0.576667,0.988333,482.567,409.919,494.016,262.639,-71050.3,-3399.76,0.00415201,-0.0276858,0.000653028,0.0320121
149,39,232,57,0.756667,0.8895,0.576667,0.984167,482.567,389.739,485.398,262.639,-61022.7,-1758.34,0.00415201,-0.0132808,-0.0384227,0.0249321
149,39,232,59,0.756667,0.8895,0.576667,0.9075,482.567,378.205,484.171,262.639,-55515.1,-1706.3,0.00415201,-0.0132808,-0.0620812,0.0170007
149,39,232,105,0.756667,0.8895,0.576667,0.863333,482.567,390.337,491.24,262.639,-61693.5,-3288.5,0.00415201,-0.0281851,-0.0387009,0.0117632
149,39,232,62,0.756667,0.8895,0.576667,0.856667,482.567,409.196,488.078,262.639,-70312.8,-1846.11,0.00415201,-0.0132808,0.00117166,0.0449222
149,88,226,110,0.756667,0.881167,0.859,0.988333,486.679,410.424,495.362,249.899,-77702.8,-1970.7,0.0018428,-0.0156134,0.0543619,0.0676036
149,88,226,57,0.756667,0.881167,0.859,0.984167,486.679,390.304,486.251,249.899,-67589.8,-421.007,0.0018428,-0.000714242,0.0158419,0.0615735
149,88,226,59,0.756667,0.881167,0.859,0.9075,486.679,378.77,484.724,249.899,-62035.3,-378.459,0.0018428,-0.000396192,-0.00770792,0.0540688
149,88,226,105,0.756667,0.881167,0.859,0.863333,486.679,390.841,492.088,249.899,-68266,-1876.67,0.0018428,-0.0156133,0.0152533,0.0480994
149,88,226,62,0.756667,0.881167,0.859,0.856667,486.679,409.759,489.433,249.899,-76959.3,-492.774,0.0018428,-0.00121027,0.05519,0.0808212
149,88,261,110,0.756667,0.881167,0.788167,0.988333,486.679,410.424,483.609,285.285,-60192.6,668.318,-0.0230805,-0.0156134,0.1469,-0.00194498
149,88,261,57,0.756667,0.881167,0.788167,0.984167,486.679,390.304,475.854,285.285,-50079.7,2294.37,-0.0230805,-0.000714242,0.106248,-0.0101063
149,88,261,59,0.756667,0.881167,0.788167,0.9075,486.679,378.77,475.154,285.285,-44525.1,2260.93,-0.0230805,-0.000396192,0.0820353,-0.0182743
149,88,261,105,0.756667,0.881167,0.788167,0.863333,486.679,390.841,481.697,285.285,-50755.9,636.432,-0.0230805,-0.0156133,0.106516,-0.0227238
149,88,261,62,0.756667,0.881167,0.788167,0.856667,486.679,409.759,477.665,285.285,-59449.2,2350.78,-0.0230805,-0.00121027,0.146883,0.0104283
149,88,228,110,0.756667,0.881167,0.7875,0.988333,486.679,410.424,494.5,257.698,-73986,-2191.63,0.00335032,-0.0156134,0.0531534,0.0519242
149,88,228,57,0.756667,0.881167,0.7875,0.984167,486.679,390.304,485.689,257.698,-63873.1,-585.784,0.00335032,-0.000714242,0.0142876,0.0455483
149,88,228,59,0.756667,0.881167,0.7875,0.9075,486.679,378.77,484.346,257.698,-58318.5,-537.428,0.00335032,-0.000396192,-0.00933257,0.0379732
149,88,228,105,0.756667,0.881167,0.7875,0.863333,486.679,390.841,491.53,257.698,-64549.3,-2087.05,0.00335032,-0.0156133,0.0138887,0.0322639
149,88,228,62,0.756667,0.881167,0.7875,0.856667,486.679,409.759,488.564,257.698,-73242.5,-667.349,0.00335032,-0.00121027,0.0537926,0.064953
149,88,222,110,0.756667,0.881167,0.605,0.988333,486.679,410.424,496.072,244.179,-80429.2,-1808.64,0.000675499,-0.0156134,0.0731402,0.0790687
149,88,222,57,0.756667,0.881167,0.605,0.984167,486.679,390.304,486.742,244.179,-70316.3,-300.135,0.000675499,-0.000714242,0.0348849,0.0733032
149,88,222,59,0.756667,0.881167,0.605,0.9075,486.679,378.77,485.081,244.179,-64761.7,-261.848,0.000675499,-0.000396192,0.0113943,0.0658577
149,88,222,105,0.756667,0.881167,0.605,0.863333,486.679,390.841,492.575,244.179,-70992.5,-1722.34,0.000675499,-0.0156133,0.034158,0.0596908
149,88,222,62,0.756667,0.881167,0.605,0.856667,486.679,409.759,490.148,244.179,-79685.8,-364.714,0.000675499,-0.00121027,0.0741057,0.0924237
149,88,232,110,0.756667,0.881167,0.576667,0.988333,486.679,410.424,494.016,262.639,-71631.2,-2331.6,0.00425917,-0.0156134,0.000653028,0.0419638
149,88,232,57,0.756667,0.881167,0.576667,0.984167,486.679,390.304,485.398,262.639,-61518.3,-690.181,0.00425917,-0.000714242,-0.0384227,0.0353779
149,88,232,59,0.756667,0.881167,0.576667,0.9075,486.679,378.77,484.171,262.639,-55963.7,-638.144,0.00425917,-0.000396192,-0.0620812,0.0277646
149,88,232,105,0.756667,0.881167,0.576667,0.863333,486.679,390.841,491.24,262.639,-62194.5,-2220.34,0.00425917,-0.0156133,-0.0387009,0.0222143
149,88,232,62,0.756667,0.881167,0.576667,0.856667,486.679,409.759,488.078,262.639,-70887.8,-777.953,0.00425917,-0.00121027,0.00117166,0.054872
25,13,226,110,0.747556,0.916667,0.859,0.988333,481.905,423.883,495.362,271.052,-73595.9,-3024.11,-0.00503691,-0.0212765,0.0519931,0.0581265
25,13,226,57,0.747556,0.916667,0.859,0.984167,481.905,403.704,486.251,271.052,-63604.1,-1356.11,-0.00503691,-0.00734603,0.0134731,0.0511276
25,13,226,59,0.747556,0.916667,0.859,0.9075,481.905,392.17,484.724,271.052,-58092.8,-1317.37,-0.00503691,-0.00734603,-0.0100767,0.0433049
25,13,226,105,0.747556,0.916667,0.859,0.863333,481.905,404.3,492.088,271.052,-64233.2,-2934.68,-0.00503691,-0.0217354,0.0128845,0.0381632
25,13,226,62,0.747556,0.916667,0.859,0.856667,481.905,423.161,489.433,271.052,-72900.7,-1421.46,-0.00503691,-0.00734591,0.0528212,0.0708716
25,13,261,110,0.747556,0.916667,0.788167,0.988333,481.905,423.883,483.609,306.447,-56269.4,-440.983,-0.0279657,-0.0212765,0.146525,-0.0114221
25,13,261,57,0.747556,0.916667,0.788167,0.984167,481.905,403.704,475.854,306.447,-46277.6,1303.37,-0.0279657,-0.00734603,0.105874,-0.0205522
25,13,261,59,0.747556,0.916667,0.788167,0.9075,481.905,392.17,475.154,306.447,-40766.3,1266.13,-0.0279657,-0.00734603,0.081661,-0.0290382
25,13,261,105,0.747556,0.916667,0.788167,0.863333,481.905,404.3,481.697,306.447,-46906.7,-477.481,-0.0279657,-0.0217354,0.106142,-0.03266
25,13,261,62,0.747556,0.916667,0.788167,0.856667,481.905,423.161,477.665,306.447,-55574.2,1366.19,-0.0279657,-0.00734591,0.146509,0.000478588
25,13,228,110,0.747556,0.916667,0.7875,0.988333,481.905,423.883,494.5,278.85,-69904.4,-3283.56,-0.00357743,-0.0212765,0.0507365,0.0424471
25,13,228,57,0.747556,0.916667,0.7875,0.984167,481.905,403.704,485.689,278.85,-59912.7,-1559.41,-0.00357743,-0.00734603,0.0118707,0.0351024
25,13,228,59,0.747556,0.916667,0.7875,0.9075,481.905,392.17,484.346,278.85,-54401.3,-1514.86,-0.00357743,-0.00734603,-0.0117494,0.0272094
25,13,228,105,0.747556,0.916667,0.7875,0.863333,481.905,404.3,491.53,278.85,-60541.8,-3183.59,-0.00357743,-0.0217354,0.0114718,0.0223277
25,13,228,62,0.747556,0.916667,0.7875,0.856667,481.905,423.161,488.564,278.85,-69209.2,-1634.56,-0.00357743,-0.00734591,0.0513757,0.0550033
25,13,222,110,0.747556,0.916667,0.605,0.988333,481.905,423.883,496.072,265.332,-76303.8,-2833.79,-0.00616201,-0.0212765,0.0708137,0.0695915
25,13,222,57,0.747556,0.916667,0.605,0.984167,481.905,403.704,486.742,265.332,-66312,-1206.98,-0.00616201,-0.00734603,0.0325584,0.0628574
25,13,222,59,0.747556,0.916667,0.605,0.9075,481.905,392.17,485.081,265.332,-60800.7,-1172.49,-0.00616201,-0.00734603,0.00906777,0.0550938
25,13,222,105,0.747556,0.916667,0.605,0.863333,481.905,404.3,492.575,265.332,-66941.2,-2752.1,-0.00616201,-0.0217354,0.0318315,0.0497546
25,13,222,62,0.747556,0.916667,0.605,0.856667,481.905,423.161,490.148,265.332,-75608.6,-1265.14,-0.00616201,-0.00734591,0.0717792,0.0824741
25,13,232,110,0.747556,0.916667,0.576667,0.988333,481.905,423.883,494.016,283.79,-67565.7,-3447.93,-0.00269433,-0.0212765,-0.00178945,0.0324867
25,13,232,57,0.747556,0.916667,0.576667,0.984167,481.905,403.704,485.398,283.79,-57573.9,-1688.22,-0.00269433,-0.00734603,-0.0408651,0.0249321
25,13,232,59,0.747556,0.916667,0.576667,0.9075,481.905,392.17,484.171,283.79,-52062.6,-1639.98,-0.00269433,-0.00734603,-0.0645237,0.0170007
25,13,232,105,0.747556,0.916667,0.576667,0.863333,481.905,404.3,491.24,283.79,-58203.1,-3341.29,-0.00269433,-0.0217354,-0.0411433,0.0122781
25,13,232,62,0.747556,0.916667,0.576667,0.856667,481.905,423.161,488.078,283.79,-66870.5,-1769.57,-0.00269433,-0.00734591,-0.00127082,0.0449223
25,42,226,110,0.747556,0.911,0.859,0.988333,479.183,397.393,495.362,271.052,-60691.7,-2935.13,0.0498093,0.0271431,0.0519931,0.0571977
25,42,226,57,0.747556,0.911,0.859,0.984167,479.183,377.212,486.251,271.052,-50856.3,-1267.13,0.0498093,0.0420022,0.0134731,0.0511275
25,42,226,59,0.747556,0.911,0.859,0.9075,479.183,365.677,484.724,271.052,-45345,-1228.39,0.0498093,0.0420022,-0.0100767,0.0433048
25,42,226,105,0.747556,0.911,0.859,0.863333,479.183,377.811,492.088,271.052,-51331.3,-2845.7,0.0498093,0.0266038,0.0128845,0.0371541
25,42,226,62,0.747556,0.911,0.859,0.856667,479.183,396.668,489.433,271.052,-60152.9,-1332.48,0.0498093,0.0420023,0.0528212,0.0708714
25,42,261,110,0.747556,0.911,0.788167,0.988333,479.183,397.393,483.609,306.447,-43539.7,-526.531,0.0268805,0.0271431,0.146525,-0.0123509
25,42,261,57,0.747556,0.911,0.788167,0.984167,479.183,377.212,475.854,306.447,-33704.4,1217.82,0.0268805,0.0420022,0.105874,-0.0205523
25,42,261,59,0.747556,0.911,0.788167,0.9075,479.183,365.677,475.154,306.447,-28193,1180.58,0.0268805,0.0420022,0.081661,-0.0290383
25,42,261,105,0.747556,0.911,0.788167,0.863333,479.183,377.811,481.697,306.447,-34179.4,-563.029,0.0268805,0.0266038,0.106142,-0.0336691
25,42,261,62,0.747556,0.911,0.788167,0.856667,479.183,396.668,477.665,306.447,-43000.9,1280.64,0.0268805,0.0420023,0.146509,0.000478469
25,42,228,110,0.747556,0.911,0.7875,0.988333,479.183,397.393,494.5,278.85,-56986.9,-3181.24,0.0512688,0.0271431,0.0507365,0.0415183
25,42,228,57,0.747556,0.911,0.7875,0.984167,479.183,377.212,485.689,278.85,-47151.5,-1457.09,0.0512688,0.0420022,0.0118707,0.0351023
25,42,228,59,0.747556,0.911,0.7875,0.9075,479.183,365.677,484.346,278.85,-41640.1,-1412.54,0.0512688,0.0420022,-0.0117494,0.0272092
25,42,228,105,0.747556,0.911,0.7875,0.863333,479.183,377.811,491.53,278.85,-47626.5,-3081.27,0.0512688,0.0266038,0.0114718,0.0213186
25,42,228,62,0.747556,0.911,0.7875,0.856667,479.183,396.668,488.564,278.85,-56448.1,-1532.24,0.0512688,0.0420023,0.0513757,0.0550032
25,42,222,110,0.747556,0.911,0.605,0.988333,479.183,397.393,496.072,265.332,-63409.4,-2754.59,0.0486842,0.0271431,0.0708137,0.0686628
25,42,222,57,0.747556,0.911,0.605,0.984167,479.183,377.212,486.742,265.332,-53574,-1127.78,0.0486842,0.0420022,0.0325584,0.0628573
25,42,222,59,0.747556,0.911,0.605,0.9075,479.183,365.677,485.081,265.332,-48062.7,-1093.3,0.0486842,0.0420022,0.00906777,0.0550937
25,42,222,105,0.747556,0.911,0.605,0.863333,479.183,377.811,492.575,265.332,-54049,-2672.9,0.0486842,0.0266038,0.0318315,0.0487455
25,42,222,62,0.747556,0.911,0.605,0.856667,479.183,396.668,490.148,265.332,-62870.6,-1185.95,0.0486842,0.0420023,0.0717792,0.0824739
25,42,232,110,0.747556,0.911,0.576667,0.988333,479.183,397.393,494.016,283.79,-54639.7,-3337.16,0.0521519,0.0271431,-0.00178945,0.0315579
25,42,232,57,0.747556,0.911,0.576667,0.984167,479.183,377.212,485.398,283.79,-44804.3,-1577.44,0.0521519,0.0420022,-0.0408651,0.024932
25,42,232,59,0.747556,0.911,0.576667,0.9075,479.183,365.677,484.171,283.79,-39293,-1529.21,0.0521519,0.0420022,-0.0645237,0.0170006
25,42,232,105,0.747556,0.911,0.576667,0.863333,479.183,377.811,491.24,283.79,-45279.3,-3230.52,0.0521519,0.0266038,-0.0411433,0.011269
25,42,232,62,0.747556,0.911,0.576667,0.856667,479.183,396.668,488.078,283.79,-54100.9,-1658.8,0.0521519,0.0420023,-0.00127082,0.0449222
25,91,226,110,0.747556,0.89,0.859,0.988333,483.342,397.849,495.362,271.052,-61305.9,-1816.61,0.0494311,0.0391844,0.0519931,0.0676037
25,91,226,57,0.747556,0.89,0.859,0.984167,483.342,377.73,486.251,271.052,-51384.5,-148.615,0.0494311,0.0545795,0.0134731,0.0620695
25,91,226,59,0.747556,0.89,0.859,0.9075,483.342,366.196,484.724,271.052,-45825.4,-109.871,0.0494311,0.0549241,-0.0100767,0.0545914
25,91,226,105,0.747556,0.89,0.859,0.863333,483.342,378.265,492.088,271.052,-51864.6,-1727.19,0.0494311,0.0391844,0.0128845,0.0480994
25,91,226,62,0.747556,0.89,0.859,0.856667,483.342,397.185,489.433,271.052,-60761.4,-213.966,0.0494311,0.0540435,0.0528212,0.0812773
25,91,261,110,0.747556,0.89,0.788167,0.988333,483.342,397.849,483.609,306.447,-44004.4,741.553,0.0265022,0.0391844,0.146525,-0.00194486
25,91,261,57,0.747556,0.89,0.788167,0.984167,483.342,377.73,475.854,306.447,-34082.9,2485.91,0.0265022,0.0545795,0.105874,-0.00961032
25,91,261,59,0.747556,0.89,0.788167,0.9075,483.342,366.196,475.154,306.447,-28523.9,2448.66,0.0265022,0.0549241,0.081661,-0.0177517
25,91,261,105,0.747556,0.89,0.788167,0.863333,483.342,378.265,481.697,306.447,-34563.1,705.055,0.0265022,0.0391844,0.106142,-0.0227238
25,91,261,62,0.747556,0.89,0.788167,0.856667,483.342,397.185,477.665,306.447,-43459.9,2548.73,0.0265022,0.0540435,0.146509,0.0108844
25,91,228,110,0.747556,0.89,0.7875,0.988333,483.342,397.849,494.5,278.85,-57569.2,-2030.77,0.0508905,0.0391844,0.0507365,0.0519244
25,91,228,57,0.747556,0.89,0.7875,0.984167,483.342,377.73,485.689,278.85,-47647.7,-306.623,0.0508905,0.0545795,0.0118707,0.0460443
25,91,228,59,0.747556,0.89,0.7875,0.9075,483.342,366.196,484.346,278.85,-42088.6,-262.07,0.0508905,0.0549241,-0.0117494,0.0384959
25,91,228,105,0.747556,0.89,0.7875,0.863333,483.342,378.265,491.53,278.85,-48127.9,-1930.8,0.0508905,0.0391844,0.0114718,0.0322639
25,91,228,62,0.747556,0.89,0.7875,0.856667,483.342,397.185,488.564,278.85,-57024.6,-381.772,0.0508905,0.0540435,0.0513757,0.065409
25,91,222,110,0.747556,0.89,0.605,0.988333,483.342,397.849,496.072,265.332,-64047.1,-1659.52,0.048306,0.0391844,0.0708137,0.0790688
25,91,222,57,0.747556,0.89,0.605,0.984167,483.342,377.73,486.742,265.332,-54125.6,-32.7083,0.048306,0.0545795,0.0325584,0.0737993
25,91,222,59,0.747556,0.89,0.605,0.9075,483.342,366.196,485.081,265.332,-48566.6,1.77489,0.048306,0.0549241,0.00906777,0.0663803
25,91,222,105,0.747556,0.89,0.605,0.863333,483.342,378.265,492.575,265.332,-54605.8,-1577.83,0.048306,0.0391844,0.0318315,0.0596908
25,91,222,62,0.747556,0.89,0.605,0.856667,483.342,397.185,490.148,265.332,-63502.6,-90.8719,0.048306,0.0540435,0.0717792,0.0928798
25,91,232,110,0.747556,0.89,0.576667,0.988333,483.342,397.849,494.016,283.79,-55201.8,-2166.45,0.0517736,0.0391844,-0.00178945,0.0419639
25,91,232,57,0.747556,0.89,0.576667,0.984167,483.342,377.73,485.398,283.79,-45280.3,-406.73,0.0517736,0.0545795,-0.0408651,0.035874
25,91,232,59,0.747556,0.89,0.576667,0.9075,483.342,366.196,484.171,283.79,-39721.2,-358.497,0.0517736,0.0549241,-0.0645237,0.0282872
25,91,232,105,0.747556,0.89,0.576667,0.863333,483.342,378.265,491.24,283.79,-45760.4,-2059.8,0.0517736,0.0391844,-0.0411433,0.0222143
25,91,232,62,0.747556,0.89,0.576667,0.856667,483.342,397.185,488.078,283.79,-54657.2,-488.086,0.0517736,0.0540435,-0.00127082,0.0553281
25,39,226,110,0.747556,0.8895,0.859,0.988333,480.29,409.919,495.362,271.052,-66793.8,-2977.2,0.0237967,0.0160191,0.0519931,0.0576519
25,39,226,57,0.747556,0.8895,0.859,0.984167,480.29,389.739,486.251,271.052,-56884.5,-1309.2,0.0237967,0.0304241,0.0134731,0.0511276
25,39,226,59,0.747556,0.8895,0.859,0.9075,480.29,378.205,484.724,271.052,-51373.1,-1270.46,0.0237967,0.0304241,-0.0100767,0.0433049
25,39,226,105,0.747556,0.8895,0.859,0.863333,480.29,390.337,492.088,271.052,-57432.4,-2887.78,0.0237967,0.0155199,0.0128845,0.0376484
25,39,226,62,0.747556,0.8895,0.859,0.856667,480.29,409.196,489.433,271.052,-66181,-1374.55,0.0237967,0.0304241,0.0528212,0.0708714
25,39,261,110,0.747556,0.8895,0.788167,0.988333,480.29,409.919,483.609,306.447,-49559.3,-486.074,0.000867851,0.0160191,0.146525,-0.0118967
25,39,261,57,0.747556,0.8895,0.788167,0.984167,480.29,389.739,475.854,306.447,-39650,1258.28,0.000867851,0.0304241,0.105874,-0.0205522
25,39,261,59,0.747556,0.8895,0.788167,0.9075,480.29,378.205,475.154,306.447,-34138.6,1221.04,0.000867851,0.0304241,0.081661,-0.0290382
25,39,261,105,0.747556,0.8895,0.788167,0.863333,480.29,390.337,481.697,306.447,-40197.9,-522.572,0.000867851,0.0155199,0.106142,-0.0331748
25,39,261,62,0.747556,0.8895,0.788167,0.856667,480.29,409.196,477.665,306.447,-48946.5,1321.1,0.000867851,0.0304241,0.146509,0.000478469
25,39,228,110,0.747556,0.8895,0.7875,0.988333,480.29,409.919,494.5,278.85,-63095.3,-3229.62,0.0252562,0.0160191,0.0507365,0.0419725
25,39,228,57,0.747556,0.8895,0.7875,0.984167,480.29,389.739,485.689,278.85,-53186,-1505.47,0.0252562,0.0304241,0.0118707,0.0351024
25,39,228,59,0.747556,0.8895,0.7875,0.9075,480.29,378.205,484.346,278.85,-47674.6,-1460.92,0.0252562,0.0304241,-0.0117494,0.0272094
25,39,228,105,0.747556,0.8895,0.7875,0.863333,480.29,390.337,491.53,278.85,-53733.9,-3129.65,0.0252562,0.0155199,0.0114718,0.0218128
25,39,228,62,0.747556,0.8895,0.7875,0.856667,480.29,409.196,488.564,278.85,-62482.5,-1580.62,0.0252562,0.0304241,0.0513757,0.0550032
25,39,222,110,0.747556,0.8895,0.605,0.988333,480.29,409.919,496.072,265.332,-69506.9,-2792.04,0.0226716,0.0160191,0.0708137,0.069117
25,39,222,57,0.747556,0.8895,0.605,0.984167,480.29,389.739,486.742,265.332,-59597.5,-1165.23,0.0226716,0.0304241,0.0325584,0.0628574
25,39,222,59,0.747556,0.8895,0.605,0.9075,480.29,378.205,485.081,265.332,-54086.2,-1130.75,0.0226716,0.0304241,0.00906777,0.0550938
25,39,222,105,0.747556,0.8895,0.605,0.863333,480.29,390.337,492.575,265.332,-60145.4,-2710.35,0.0226716,0.0155199,0.0318315,0.0492397
25,39,222,62,0.747556,0.8895,0.605,0.856667,480.29,409.196,490.148,265.332,-68894.1,-1223.39,0.0226716,0.0304241,0.0717792,0.0824739
25,39,232,110,0.747556,0.8895,0.576667,0.988333,480.29,409.919,494.016,283.79,-60752.1,-3389.54,0.0261393,0.0160191,-0.00178945,0.0320121
25,39,232,57,0.747556,0.8895,0.576667,0.984167,480.29,389.739,485.398,283.79,-50842.8,-1629.82,0.0261393,0.0304241,-0.0408651,0.0249321
25,39,232,59,0.747556,0.8895,0.576667,0.9075,480.29,378.205,484.171,283.79,-45331.4,-1581.59,0.0261393,0.0304241,-0.0645237,0.0170007
25,39,232,105,0.747556,0.8895,0.576667,0.863333,480.29,390.337,491.24,283.79,-51390.7,-3282.9,0.0261393,0.0155199,-0.0411433,0.0117632
25,39,232,62,0.747556,0.8895,0.576667,0.856667,480.29,409.196,488.078,283.79,-60139.3,-1711.18,0.0261393,0.0304241,-0.00127082,0.0449222
25,88,226,110,0.747556,0.881167,0.859,0.988333,484.401,410.424,495.362,271.052,-67426.2,-1874.04,0.0235333,0.027721,0.0519931,0.0676036
25,88,226,57,0.747556,0.881167,0.859,0.984167,484.401,390.304,486.251,271.052,-57431.5,-206.045,0.0235333,0.0426202,0.0134731,0.0615735
25,88,226,59,0.747556,0.881167,0.859,0.9075,484.401,378.77,484.724,271.052,-51873.2,-167.301,0.0235333,0.0429382,-0.0100767,0.0540688
25,88,226,105,0.747556,0.881167,0.859,0.863333,484.401,390.841,492.088,271.052,-57984.8,-1784.62,0.0235333,0.0277211,0.0128845,0.0480994
25,88,226,62,0.747556,0.881167,0.859,0.856667,484.401,409.759,489.433,271.052,-66807.4,-271.396,0.0235333,0.0421241,0.0528212,0.0808212
25,88,261,110,0.747556,0.881167,0.788167,0.988333,484.401,410.424,483.609,306.447,-50043.8,764.982,0.000604473,0.027721,0.146525,-0.00194498
25,88,261,57,0.747556,0.881167,0.788167,0.984167,484.401,390.304,475.854,306.447,-40049.1,2509.33,0.000604473,0.0426202,0.105874,-0.0101063
25,88,261,59,0.747556,0.881167,0.788167,0.9075,484.401,378.77,475.154,306.447,-34490.8,2472.09,0.000604473,0.0429382,0.081661,-0.0182743
25,88,261,105,0.747556,0.881167,0.788167,0.863333,484.401,390.841,481.697,306.447,-40602.4,728.484,0.000604473,0.0277211,0.106142,-0.0227238
25,88,261,62,0.747556,0.881167,0.788167,0.856667,484.401,409.759,477.665,306.447,-49425,2572.16,0.000604473,0.0421241,0.146509,0.0104283
25,88,228,110,0.747556,0.881167,0.7875,0.988333,484.401,410.424,494.5,278.85,-63696.2,-2094.97,0.0249928,0.027721,0.0507365,0.0519242
25,88,228,57,0.747556,0.881167,0.7875,0.984167,484.401,390.304,485.689,278.85,-53701.5,-370.822,0.0249928,0.0426202,0.0118707,0.0455483
25,88,228,59,0.747556,0.881167,0.7875,0.9075,484.401,378.77,484.346,278.85,-48143.2,-326.27,0.0249928,0.0429382,-0.0117494,0.0379732
25,88,228,105,0.747556,0.881167,0.7875,0.863333,484.401,390.841,491.53,278.85,-54254.8,-1995,0.0249928,0.0277211,0.0114718,0.0322639
25,88,228,62,0.747556,0.881167,0.7875,0.856667,484.401,409.759,488.564,278.85,-63077.4,-445.971,0.0249928,0.0421241,0.0513757,0.064953
25,88,222,110,0.747556,0.881167,0.605,0.988333,484.401,410.424,496.072,265.332,-70162.3,-1711.98,0.0224082,0.027721,0.0708137,0.0790687
25,88,222,57,0.747556,0.881167,0.605,0.984167,484.401,390.304,486.742,265.332,-60167.7,-85.1726,0.0224082,0.0426202,0.0325584,0.0733032
25,88,222,59,0.747556,0.881167,0.605,0.9075,484.401,378.77,485.081,265.332,-54609.3,-50.6894,0.0224082,0.0429382,0.00906777,0.0658577
25,88,222,105,0.747556,0.881167,0.605,0.863333,484.401,390.841,492.575,265.332,-60721,-1630.29,0.0224082,0.0277211,0.0318315,0.0596908
25,88,222,62,0.747556,0.881167,0.605,0.856667,484.401,409.759,490.148,265.332,-69543.6,-143.336,0.0224082,0.0421241,0.0717792,0.0924237
25,88,232,110,0.747556,0.881167,0.576667,0.988333,484.401,410.424,494.016,283.79,-61333,-2234.94,0.0258759,0.027721,-0.00178945,0.0419638
25,88,232,57,0.747556,0.881167,0.576667,0.984167,484.401,390.304,485.398,283.79,-51338.4,-475.219,0.0258759,0.0426202,-0.0408651,0.0353779
25,88,232,59,0.747556,0.881167,0.576667,0.9075,484.401,378.77,484.171,283.79,-45780,-426.986,0.0258759,0.0429382,-0.0645237,0.0277646
25,88,232,105,0.747556,0.881167,0.576667,0.863333,484.401,390.841,491.24,283.79,-51891.7,-2128.29,0.0258759,0.0277211,-0.0411433,0.0222143
25,88,232,62,0.747556,0.881167,0.576667,0.856667,484.401,409.759,488.078,283.79,-60714.3,-556.575,0.0258759,0.0421241,-0.00127082,0.054872
163,13,226,110,0.4825,0.916667,0.859,0.988333,481.48,423.883,495.362,274.896,-71728.5,-3021.41,0.0903038,-0.0133424,0.0516021,0.0581265
163,13,226,57,0.4825,0.916667,0.859,0.984167,481.48,403.704,486.251,274.896,-61758.3,-1331.92,0.0903038,0.000588059,0.0130821,0.0511276
163,13,226,59,0.4825,0.916667,0.859,0.9075,481.48,392.17,484.724,274.896,-56246.2,-1293.87,0.0903038,0.000588059,-0.0104677,0.0433049
163,13,226,105,0.4825,0.916667,0.859,0.863333,481.48,404.3,492.088,274.896,-62365,-2932.83,0.0903038,-0.0138013,0.0124935,0.0381632
163,13,226,62,0.4825,0.916667,0.859,0.856667,481.48,423.161,489.433,274.896,-71056,-1396.11,0.0903038,0.000588179,0.0524301,0.0708716
163,13,261,110,0.4825,0.916667,0.788167,0.988333,481.48,423.883,483.609,310.292,-54425.2,-438.289,0.0677036,-0.0133424,0.146463,-0.0114221
163,13,261,57,0.4825,0.916667,0.788167,0.984167,481.48,403.704,475.854,310.292,-44455,1327.56,0.0677036,0.000588059,0.105811,-0.0205522
163,13,261,59,0.4825,0.916667,0.788167,0.9075,481.48,392.17,475.154,310.292,-38942.9,1289.63,0.0677036,0.000588059,0.0815984,-0.0290382
163,13,261,105,0.4825,0.916667,0.788167,0.863333,481.48,404.3,481.697,310.292,-45061.7,-475.625,0.0677036,-0.0138013,0.106079,-0.03266
163,13,261,62,0.4825,0.916667,0.788167,0.856667,481.48,423.161,477.665,310.292,-53752.7,1391.55,0.0677036,0.000588179,0.146446,0.000478588
163,13,228,110,0.4825,0.916667,0.7875,0.988333,481.48,423.883,494.5,282.693,-68034.6,-3280.86,0.091754,-0.0133424,0.0503361,0.0424471
163,13,228,57,0.4825,0.916667,0.7875,0.984167,481.48,403.704,485.689,282.693,-58064.4,-1535.22,0.091754,0.000588059,0.0114703,0.0351024
163,13,228,59,0.4825,0.916667,0.7875,0.9075,481.48,392.17,484.346,282.693,-52552.3,-1491.36,0.091754,0.000588059,-0.0121498,0.0272094
163,13,228,105,0.4825,0.916667,0.7875,0.863333,481.48,404.3,491.53,282.693,-58671.2,-3181.74,0.091754,-0.0138013,0.0110714,0.0223277
163,13,228,62,0.4825,0.916667,0.7875,0.856667,481.48,423.161,488.564,282.693,-67362.1,-1609.21,0.091754,0.000588179,0.0509753,0.0550033
163,13,222,110,0.4825,0.916667,0.605,0.988333,481.48,423.883,496.072,269.176,-74438.2,-2831.09,0.0891863,-0.0133424,0.0704298,0.0695915
163,13,222,57,0.4825,0.916667,0.605,0.984167,481.48,403.704,486.742,269.176,-64467.9,-1182.79,0.0891863,0.000588059,0.0321746,0.0628574
163,13,222,59,0.4825,0.916667,0.605,0.9075,481.48,392.17,485.081,269.176,-58955.9,-1149,0.0891863,0.000588059,0.00868391,0.0550938
163,13,222,105,0.4825,0.916667,0.605,0.863333,481.48,404.3,492.575,269.176,-65074.7,-2750.24,0.0891863,-0.0138013,0.0314476,0.0497546
163,13,222,62,0.4825,0.916667,0.605,0.856667,481.48,423.161,490.148,269.176,-73765.6,-1239.79,0.0891863,0.000588179,0.0713954,0.0824741
163,13,232,110,0.4825,0.916667,0.576667,0.988333,481.48,423.883,494.016,287.634,-65694.4,-3445.24,0.0926323,-0.0133424,-0.00219476,0.0324867
163,13,232,57,0.4825,0.916667,0.576667,0.984167,481.48,403.704,485.398,287.634,-55724.1,-1664.03,0.0926323,0.000588059,-0.0412704,0.0249321
163,13,232,59,0.4825,0.916667,0.576667,0.9075,481.48,392.17,484.171,287.634,-50212.1,-1616.49,0.0926323,0.000588059,-0.064929,0.0170007
163,13,232,105,0.4825,0.916667,0.576667,0.863333,481.48,404.3,491.24,287.634,-56330.9,-3339.44,0.0926323,-0.0138013,-0.0415487,0.0122781
163,13,232,62,0.4825,0.916667,0.576667,0.856667,481.48,423.161,488.078,287.634,-65021.8,-1744.22,0.0926323,0.000588179,-0.00167613,0.0449223
163,42,226,110,0.4825,0.911,0.859,0.988333,478.968,397.393,495.362,274.896,-58824.3,-2934.02,0.14523,0.0351572,0.0516021,0.0571977
163,42,226,57,0.4825,0.911,0.859,0.984167,478.968,377.212,486.251,274.896,-49010.5,-1244.53,0.14523,0.0500163,0.0130821,0.0511275
163,42,226,59,0.4825,0.911,0.859,0.9075,478.968,365.677,484.724,274.896,-43498.4,-1206.47,0.14523,0.0500163,-0.0104677,0.0433048
163,42,226,105,0.4825,0.911,0.859,0.863333,478.968,377.811,492.088,274.896,-49463.1,-2845.44,0.14523,0.0346179,0.0124935,0.0371541
163,42,226,62,0.4825,0.911,0.859,0.856667,478.968,396.668,489.433,274.896,-58308.2,-1308.71,0.14523,0.0500164,0.0524301,0.0708714
163,42,261,110,0.4825,0.911,0.788167,0.988333,478.968,397.393,483.609,310.292,-41695.5,-525.424,0.12263,0.0351572,0.146463,-0.0123509
163,42,261,57,0.4825,0.911,0.788167,0.984167,478.968,377.212,475.854,310.292,-31881.7,1240.42,0.12263,0.0500163,0.105811,-0.0205523
163,42,261,59,0.4825,0.911,0.788167,0.9075,478.968,365.677,475.154,310.292,-26369.6,1202.49,0.12263,0.0500163,0.0815984,-0.0290383
163,42,261,105,0.4825,0.911,0.788167,0.863333,478.968,377.811,481.697,310.292,-32334.3,-562.761,0.12263,0.0346179,0.106079,-0.0336691
163,42,261,62,0.4825,0.911,0.788167,0.856667,478.968,396.668,477.665,310.292,-41179.4,1304.41,0.12263,0.0500164,0.146446,0.000478469
163,42,228,110,0.4825,0.911,0.7875,0.988333,478.968,397.393,494.5,282.693,-55117.1,-3180.13,0.14668,0.0351572,0.0503361,0.0415183
163,42,228,57,0.4825,0.911,0.7875,0.984167,478.968,377.212,485.689,282.693,-45303.2,-1434.49,0.14668,0.0500163,0.0114703,0.0351023
163,42,228,59,0.4825,0.911,0.7875,0.9075,478.968,365.677,484.346,282.693,-39791.2,-1390.63,0.14668,0.0500163,-0.0121498,0.0272092
163,42,228,105,0.4825,0.911,0.7875,0.863333,478.968,377.811,491.53,282.693,-45755.9,-3081,0.14668,0.0346179,0.0110714,0.0213186
163,42,228,62,0.4825,0.911,0.7875,0.856667,478.968,396.668,488.564,282.693,-54600.9,-1508.47,0.14668,0.0500164,0.0509753,0.0550032
163,42,222,110,0.4825,0.911,0.605,0.988333,478.968,397.393,496.072,269.176,-61543.8,-2753.49,0.144113,0.0351572,0.0704298,0.0686628
163,42,222,57,0.4825,0.911,0.605,0.984167,478.968,377.212,486.742,269.176,-51729.9,-1105.18,0.144113,0.0500163,0.0321746,0.0628573
163,42,222,59,0.4825,0.911,0.605,0.9075,478.968,365.677,485.081,269.176,-46217.9,-1071.39,0.144113,0.0500163,0.00868391,0.0550937
163,42,222,105,0.4825,0.911,0.605,0.863333,478.968,377.811,492.575,269.176,-52182.6,-2672.63,0.144113,0.0346179,0.0314476,0.0487455
163,42,222,62,0.4825,0.911,0.605,0.856667,478.968,396.668,490.148,269.176,-61027.6,-1162.18,0.144113,0.0500164,0.0713954,0.0824739
163,42,232,110,0.4825,0.911,0.576667,0.988333,478.968,397.393,494.016,287.634,-52768.4,-3336.05,0.147559,0.0351572,-0.00219476,0.0315579
163,42,232,57,0.4825,0.911,0.576667,0.984167,478.968,377.212,485.398,287.634,-42954.5,-1554.84,0.147559,0.0500163,-0.0412704,0.024932
163,42,232,59,0.4825,0.911,0.576667,0.9075,478.968,365.677,484.171,287.634,-37442.5,-1507.3,0.147559,0.0500163,-0.064929,0.0170006
163,42,232,105,0.4825,0.911,0.576667,0.863333,478.968,377.811,491.24,287.634,-43407.2,-3230.25,0.147559,0.0346179,-0.0415487,0.011269
163,42,232,62,0.4825,0.911,0.576667,0.856667,478.968,396.668,488.078,287.634,-52252.2,-1635.03,0.147559,0.0500164,-0.00167613,0.0449222
163,91,226,110,0.4825,0.89,0.859,0.988333,483.126,397.849,495.362,274.896,-59438.6,-1799.58,0.144783,0.0471294,0.0516021,0.0676037
163,91,226,57,0.4825,0.89,0.859,0.984167,483.126,377.73,486.251,274.896,-49538.6,-110.092,0.144783,0.0625244,0.0130821,0.0620695
163,91,226,59,0.4825,0.89,0.859,0.9075,483.126,366.196,484.724,274.896,-43978.9,-72.0388,0.144783,0.062869,-0.0104677,0.0545914
163,91,226,105,0.4825,0.89,0.859,0.863333,483.126,378.265,492.088,274.896,-49996.4,-1711,0.144783,0.0471294,0.0124935,0.0480994
163,91,226,62,0.4825,0.89,0.859,0.856667,483.126,397.185,489.433,274.896,-58916.7,-174.277,0.144783,0.0619885,0.0524301,0.0812773
163,91,261,110,0.4825,0.89,0.788167,0.988333,483.126,397.849,483.609,310.292,-42160.2,758.58,0.122182,0.0471294,0.146463,-0.00194486
163,91,261,57,0.4825,0.89,0.788167,0.984167,483.126,377.73,475.854,310.292,-32260.2,2524.43,0.122182,0.0625244,0.105811,-0.00961032
163,91,261,59,0.4825,0.89,0.788167,0.9075,483.126,366.196,475.154,310.292,-26700.5,2486.5,0.122182,0.062869,0.0815984,-0.0177517
163,91,261,105,0.4825,0.89,0.788167,0.863333,483.126,378.265,481.697,310.292,-32718.1,721.244,0.122182,0.0471294,0.106079,-0.0227238
163,91,261,62,0.4825,0.89,0.788167,0.856667,483.126,397.185,477.665,310.292,-41638.4,2588.42,0.122182,0.0619885,0.146446,0.0108844
163,91,228,110,0.4825,0.89,0.7875,0.988333,483.126,397.849,494.5,282.693,-55699.4,-2013.74,0.146233,0.0471294,0.0503361,0.0519244
163,91,228,57,0.4825,0.89,0.7875,0.984167,483.126,377.73,485.689,282.693,-45799.4,-268.1,0.146233,0.0625244,0.0114703,0.0460443
163,91,228,59,0.4825,0.89,0.7875,0.9075,483.126,366.196,484.346,282.693,-40239.7,-224.238,0.146233,0.062869,-0.0121498,0.0384959
163,91,228,105,0.4825,0.89,0.7875,0.863333,483.126,378.265,491.53,282.693,-46257.2,-1914.61,0.146233,0.0471294,0.0110714,0.0322639
163,91,228,62,0.4825,0.89,0.7875,0.856667,483.126,397.185,488.564,282.693,-55177.5,-342.082,0.146233,0.0619885,0.0509753,0.065409
163,91,222,110,0.4825,0.89,0.605,0.988333,483.126,397.849,496.072,269.176,-62181.5,-1642.49,0.143665,0.0471294,0.0704298,0.0790688
163,91,222,57,0.4825,0.89,0.605,0.984167,483.126,377.73,486.742,269.176,-52281.5,5.81497,0.143665,0.0625244,0.0321746,0.0737993
163,91,222,59,0.4825,0.89,0.605,0.9075,483.126,366.196,485.081,269.176,-46721.7,39.607,0.143665,0.062869,0.00868391,0.0663803
163,91,222,105,0.4825,0.89,0.605,0.863333,483.126,378.265,492.575,269.176,-52739.3,-1561.64,0.143665,0.0471294,0.0314476,0.0596908
163,91,222,62,0.4825,0.89,0.605,0.856667,483.126,397.185,490.148,269.176,-61659.6,-51.1827,0.143665,0.0619885,0.0713954,0.0928798
163,91,232,110,0.4825,0.89,0.576667,0.988333,483.126,397.849,494.016,287.634,-53330.5,-2149.42,0.147111,0.0471294,-0.00219476,0.0419639
163,91,232,57,0.4825,0.89,0.576667,0.984167,483.126,377.73,485.398,287.634,-43430.5,-368.207,0.147111,0.0625244,-0.0412704,0.035874
163,91,232,59,0.4825,0.89,0.576667,0.9075,483.126,366.196,484.171,287.634,-37870.7,-320.665,0.147111,0.062869,-0.064929,0.0282872
163,91,232,105,0.4825,0.89,0.576667,0.863333,483.126,378.265,491.24,287.634,-43888.3,-2043.62,0.147111,0.0471294,-0.0415487,0.0222143
163,91,232,62,0.4825,0.89,0.576667,0.856667,483.126,397.185,488.078,287.634,-52808.6,-448.397,0.147111,0.0619885,-0.00167613,0.0553281
163,39,226,110,0.4825,0.8895,0.859,0.988333,479.976,409.919,495.362,274.896,-64926.4,-2975.34,0.119185,0.0240012,0.0516021,0.0576519
163,39,226,57,0.4825,0.8895,0.859,0.984167,479.976,389.739,486.251,274.896,-55038.6,-1285.85,0.119185,0.0384062,0.0130821,0.0511276
163,39,226,59,0.4825,0.8895,0.859,0.9075,479.976,378.205,484.724,274.896,-49526.5,-1247.8,0.119185,0.0384062,-0.0104677,0.0433049
163,39,226,105,0.4825,0.8895,0.859,0.863333,479.976,390.337,492.088,274.896,-55564.1,-2886.76,0.119185,0.023502,0.0124935,0.0376484
163,39,226,62,0.4825,0.8895,0.859,0.856667,479.976,409.196,489.433,274.896,-64336.3,-1350.04,0.119185,0.0384062,0.0524301,0.0708714
163,39,261,110,0.4825,0.8895,0.788167,0.988333,479.976,409.919,483.609,310.292,-47715.1,-484.216,0.0965852,0.0240012,0.146463,-0.0118967
163,39,261,57,0.4825,0.8895,0.788167,0.984167,479.976,389.739,475.854,310.292,-37827.3,1281.63,0.0965852,0.0384062,0.105811,-0.0205522
163,39,261,59,0.4825,0.8895,0.788167,0.9075,479.976,378.205,475.154,310.292,-32315.2,1243.7,0.0965852,0.0384062,0.0815984,-0.0290382
163,39,261,105,0.4825,0.8895,0.788167,0.863333,479.976,390.337,481.697,310.292,-38352.8,-521.552,0.0965852,0.023502,0.106079,-0.0331748
163,39,261,62,0.4825,0.8895,0.788167,0.856667,479.976,409.196,477.665,310.292,-47125,1345.62,0.0965852,0.0384062,0.146446,0.000478469
163,39,228,110,0.4825,0.8895,0.7875,0.988333,479.976,409.919,494.5,282.693,-61225.5,-3227.76,0.120636,0.0240012,0.0503361,0.0419725
163,39,228,57,0.4825,0.8895,0.7875,0.984167,479.976,389.739,485.689,282.693,-51337.7,-1482.12,0.120636,0.0384062,0.0114703,0.0351024
163,39,228,59,0.4825,0.8895,0.7875,0.9075,479.976,378.205,484.346,282.693,-45825.6,-1438.26,0.120636,0.0384062,-0.0121498,0.0272094
163,39,228,105,0.4825,0.8895,0.7875,0.863333,479.976,390.337,491.53,282.693,-51863.2,-3128.64,0.120636,0.023502,0.0110714,0.0218128
163,39,228,62,0.4825,0.8895,0.7875,0.856667,479.976,409.196,488.564,282.693,-60635.4,-1556.1,0.120636,0.0384062,0.0509753,0.0550032
163,39,222,110,0.4825,0.8895,0.605,0.988333,479.976,409.919,496.072,269.176,-67641.2,-2790.18,0.118068,0.0240012,0.0704298,0.069117
163,39,222,57,0.4825,0.8895,0.605,0.984167,479.976,389.739,486.742,269.176,-57753.4,-1141.88,0.118068,0.0384062,0.0321746,0.0628574
163,39,222,59,0.4825,0.8895,0.605,0.9075,479.976,378.205,485.081,269.176,-52241.4,-1108.08,0.118068,0.0384062,0.00868391,0.0550938
163,39,222,105,0.4825,0.8895,0.605,0.863333,479.976,390.337,492.575,269.176,-58279,-2709.33,0.118068,0.023502,0.0314476,0.0492397
163,39,222,62,0.4825,0.8895,0.605,0.856667,479.976,409.196,490.148,269.176,-67051.1,-1198.87,0.118068,0.0384062,0.0713954,0.0824739
163,39,232,110,0.4825,0.8895,0.576667,0.988333,479.976,409.919,494.016,287.634,-58880.8,-3387.68,0.121514,0.0240012,-0.00219476,0.0320121
163,39,232,57,0.4825,0.8895,0.576667,0.984167,479.976,389.739,485.398,287.634,-48993,-1606.47,0.121514,0.0384062,-0.0412704,0.0249321
163,39,232,59,0.4825,0.8895,0.576667,0.9075,479.976,378.205,484.171,287.634,-43480.9,-1558.93,0.121514,0.0384062,-0.064929,0.0170007
163,39,232,105,0.4825,0.8895,0.576667,0.863333,479.976,390.337,491.24,287.634,-49518.5,-3281.88,0.121514,0.023502,-0.0415487,0.0117632
163,39,232,62,0.4825,0.8895,0.576667,0.856667,479.976,409.196,488.078,287.634,-58290.7,-1686.66,0.121514,0.0384062,-0.00167613,0.0449222
163,88,226,110,0.4825,0.881167,0.859,0.988333,484.086,410.424,495.362,274.896,-65558.8,-1856.48,0.118854,0.0356352,0.0516021,0.0676036
163,88,226,57,0.4825,0.881167,0.859,0.984167,484.086,390.304,486.251,274.896,-55585.7,-166.984,0.118854,0.0505343,0.0130821,0.0615735
163,88,226,59,0.4825,0.881167,0.859,0.9075,484.086,378.77,484.724,274.896,-50026.6,-128.931,0.118854,0.0508523,-0.0104677,0.0540688
163,88,226,105,0.4825,0.881167,0.859,0.863333,484.086,390.841,492.088,274.896,-56116.6,-1767.89,0.118854,0.0356353,0.0124935,0.0480994
163,88,226,62,0.4825,0.881167,0.859,0.856667,484.086,409.759,489.433,274.896,-64962.7,-231.169,0.118854,0.0500383,0.0524301,0.0808212
163,88,261,110,0.4825,0.881167,0.788167,0.988333,484.086,410.424,483.609,310.292,-48199.6,782.548,0.0962539,0.0356352,0.146463,-0.00194498
163,88,261,57,0.4825,0.881167,0.788167,0.984167,484.086,390.304,475.854,310.292,-38226.5,2548.4,0.0962539,0.0505343,0.105811,-0.0101063
163,88,261,59,0.4825,0.881167,0.788167,0.9075,484.086,378.77,475.154,310.292,-32667.4,2510.46,0.0962539,0.0508523,0.0815984,-0.0182743
163,88,261,105,0.4825,0.881167,0.788167,0.863333,484.086,390.841,481.697,310.292,-38757.4,745.211,0.0962539,0.0356353,0.106079,-0.0227238
163,88,261,62,0.4825,0.881167,0.788167,0.856667,484.086,409.759,477.665,310.292,-47603.5,2612.38,0.0962539,0.0500383,0.146446,0.0104283
163,88,228,110,0.4825,0.881167,0.7875,0.988333,484.086,410.424,494.5,282.693,-61826.4,-2077.4,0.120304,0.0356352,0.0503361,0.0519242
163,88,228,57,0.4825,0.881167,0.7875,0.984167,484.086,390.304,485.689,282.693,-51853.3,-331.761,0.120304,0.0505343,0.0114703,0.0455483
163,88,228,59,0.4825,0.881167,0.7875,0.9075,484.086,378.77,484.346,282.693,-46294.2,-287.9,0.120304,0.0508523,-0.0121498,0.0379732
163,88,228,105,0.4825,0.881167,0.7875,0.863333,484.086,390.841,491.53,282.693,-52384.2,-1978.28,0.120304,0.0356353,0.0110714,0.0322639
163,88,228,62,0.4825,0.881167,0.7875,0.856667,484.086,409.759,488.564,282.693,-61230.3,-405.744,0.120304,0.0500383,0.0509753,0.064953
163,88,222,110,0.4825,0.881167,0.605,0.988333,484.086,410.424,496.072,269.176,-68296.7,-1694.42,0.117737,0.0356352,0.0704298,0.0790687
163,88,222,57,0.4825,0.881167,0.605,0.984167,484.086,390.304,486.742,269.176,-58323.6,-46.1112,0.117737,0.0505343,0.0321746,0.0733032
163,88,222,59,0.4825,0.881167,0.605,0.9075,484.086,378.77,485.081,269.176,-52764.5,-12.3192,0.117737,0.0508523,0.00868391,0.0658577
163,88,222,105,0.4825,0.881167,0.605,0.863333,484.086,390.841,492.575,269.176,-58854.6,-1613.56,0.117737,0.0356353,0.0314476,0.0596908
163,88,222,62,0.4825,0.881167,0.605,0.856667,484.086,409.759,490.148,269.176,-67700.6,-103.109,0.117737,0.0500383,0.0713954,0.0924237
163,88,232,110,0.4825,0.881167,0.576667,0.988333,484.086,410.424,494.016,287.634,-59461.7,-2217.37,0.121183,0.0356352,-0.00219476,0.0419638
163,88,232,57,0.4825,0.881167,0.576667,0.984167,484.086,390.304,485.398,287.634,-49488.6,-436.157,0.121183,0.0505343,-0.0412704,0.0353779
163,88,232,59,0.4825,0.881167,0.576667,0.9075,484.086,378.77,484.171,287.634,-43929.5,-388.616,0.121183,0.0508523,-0.064929,0.0277646
163,88,232,105,0.4825,0.881167,0.576667,0.863333,484.086,390.841,491.24,287.634,-50019.6,-2111.57,0.121183,0.0356353,-0.0415487,0.0222143
163,88,232,62,0.4825,0.881167,0.576667,0.856667,484.086,409.759,488.078,287.634,-58865.7,-516.347,0.121183,0.0500383,-0.00167613,0.054872
